fold,start,policy,fee_bp_side,hours,total_return,buy_hold_total_return,active_fraction,mean_gross,turnover,mean_net_bp_hour
1,2024-01-01 00:00:00+00:00,direct_uniform,0,4368,-0.1574871886665944,0.20692245378651575,0.2532051282051282,0.2532051282051282,304.280299484648,-0.3511892643137213
1,2024-01-01 00:00:00+00:00,direct_uniform,4,4368,-0.2540565922497261,0.20692245378651575,0.2532051282051282,0.2532051282051282,304.280299484648,-0.6296730626064511
1,2024-01-01 00:00:00+00:00,direct_uniform,10,4368,-0.3786219582897228,0.20692245378651575,0.2532051282051282,0.2532051282051282,304.280299484648,-1.0473987600455752
1,2024-01-01 00:00:00+00:00,direct_state,0,4368,-0.11747611632192168,0.20692245378651575,0.30540293040293043,0.226573068596445,402.06775044818096,-0.25916545727505913
1,2024-01-01 00:00:00+00:00,direct_state,4,4368,-0.24860067390077845,0.20692245378651575,0.30540293040293043,0.226573068596445,402.06775044818096,-0.6271828329607938
1,2024-01-01 00:00:00+00:00,direct_state,10,4368,-0.4097279207157415,0.20692245378651575,0.30540293040293043,0.226573068596445,402.06775044818096,-1.1792088964894103
1,2024-01-01 00:00:00+00:00,prototype_state,0,4368,-0.0304661612789886,0.20692245378651575,0.2506868131868132,0.16886717843009083,1076.5149163410945,-0.04211488689505093
1,2024-01-01 00:00:00+00:00,prototype_state,4,4368,-0.36974161660632565,0.20692245378651575,0.2506868131868132,0.16886717843009083,1076.5149163410945,-1.0279284128520703
1,2024-01-01 00:00:00+00:00,prototype_state,10,4368,-0.6697654706362539,0.20692245378651575,0.2506868131868132,0.16886717843009083,1076.5149163410945,-2.5066487017876358
1,2024-01-01 00:00:00+00:00,hybrid_uniform,0,4368,-0.2150187507311665,0.20692245378651575,0.2403846153846154,0.2403846153846154,295.510140210561,-0.5107494492835131
1,2024-01-01 00:00:00+00:00,hybrid_uniform,4,4368,-0.3025519836911813,0.20692245378651575,0.2403846153846154,0.2403846153846154,295.510140210561,-0.781130876302857
1,2024-01-01 00:00:00+00:00,hybrid_uniform,10,4368,-0.41595625008225057,0.20692245378651575,0.2403846153846154,0.2403846153846154,295.510140210561,-1.186703016831892
1,2024-01-01 00:00:00+00:00,hybrid_state,0,4368,-0.11612109349253186,0.20692245378651575,0.30654761904761907,0.22772908138220696,410.96446255264493,-0.2565142953743473
1,2024-01-01 00:00:00+00:00,hybrid_state,4,4368,-0.2501206192044688,0.20692245378651575,0.30654761904761907,0.22772908138220696,410.96446255264493,-0.6326654374312858
1,2024-01-01 00:00:00+00:00,hybrid_state,10,4368,-0.41405930580999817,0.20692245378651575,0.30654761904761907,0.22772908138220696,410.96446255264493,-1.1968921505167245
1,2024-01-01 00:00:00+00:00,directional_state,0,4368,-0.10517989107945502,0.20692245378651575,0.13644688644688643,0.08657199480298293,543.679180239544,-0.24420622802222916
1,2024-01-01 00:00:00+00:00,directional_state,4,4368,-0.2800972102427336,0.20692245378651575,0.13644688644688643,0.08657199480298293,543.679180239544,-0.7420080275998503
1,2024-01-01 00:00:00+00:00,directional_state,10,4368,-0.48057331220668,0.20692245378651575,0.13644688644688643,0.08657199480298293,543.679180239544,-1.4887107269663042
1,2024-01-01 00:00:00+00:00,calm_specialist_state,0,4368,-0.10080233192762467,0.20692245378651575,0.3450091575091575,0.2563844297843278,463.0207147157803,-0.21572180941857166
1,2024-01-01 00:00:00+00:00,calm_specialist_state,4,4368,-0.2528472614375825,0.20692245378651575,0.3450091575091575,0.2563844297843278,463.0207147157803,-0.6395732722669571
1,2024-01-01 00:00:00+00:00,calm_specialist_state,10,4368,-0.43415166887700063,0.20692245378651575,0.3450091575091575,0.2563844297843278,463.0207147157803,-1.2753504665395514
1,2024-01-01 00:00:00+00:00,direction_hybrid_state,0,4368,-0.09144325692819977,0.20692245378651575,0.31043956043956045,0.23076000984277342,408.3021861071115,-0.1926152094938316
1,2024-01-01 00:00:00+00:00,direction_hybrid_state,4,4368,-0.2283625708486735,0.20692245378651575,0.31043956043956045,0.23076000984277342,408.3021861071115,-0.5663462689533602
1,2024-01-01 00:00:00+00:00,direction_hybrid_state,10,4368,-0.3960933673967363,0.20692245378651575,0.31043956043956045,0.23076000984277342,408.3021861071115,-1.1269428581426721
2,2024-07-01 00:00:00+00:00,direct_uniform,0,4416,0.7782456131458644,0.7683621050329392,0.3740942028985507,0.3740942028985507,416.62580043700996,1.4146155520423784
2,2024-07-01 00:00:00+00:00,direct_uniform,4,4416,0.5052154547722516,0.7683621050329392,0.3740942028985507,0.3740942028985507,416.62580043700996,1.0372447298611576
2,2024-07-01 00:00:00+00:00,direct_uniform,10,4416,0.17203985542370837,0.7683621050329392,0.3740942028985507,0.3740942028985507,416.62580043700996,0.4711884965893204
2,2024-07-01 00:00:00+00:00,direct_state,0,4416,0.6452262889344083,0.7683621050329392,0.44565217391304346,0.34104877021744345,537.7427053501431,1.2129661227774349
2,2024-07-01 00:00:00+00:00,direct_state,4,4416,0.3267756916401736,0.7683621050329392,0.44565217391304346,0.34104877021744345,537.7427053501431,0.7258615760909198
2,2024-07-01 00:00:00+00:00,direct_state,10,4416,-0.03925572572823055,0.7683621050329392,0.44565217391304346,0.34104877021744345,537.7427053501431,-0.004795243938841822
2,2024-07-01 00:00:00+00:00,prototype_state,0,4416,0.6048568410249828,0.7683621050329392,0.3691123188405797,0.2550285206190839,1663.9935047594668,1.1720646331627942
2,2024-07-01 00:00:00+00:00,prototype_state,4,4416,-0.17526373274001394,0.7683621050329392,0.3691123188405797,0.2550285206190839,1663.9935047594668,-0.3355484830381628
2,2024-07-01 00:00:00+00:00,prototype_state,10,4416,-0.6963149594181834,0.7683621050329392,0.3691123188405797,0.2550285206190839,1663.9935047594668,-2.5969681573396137
2,2024-07-01 00:00:00+00:00,hybrid_uniform,0,4416,0.5885156921840602,0.7683621050329392,0.3738677536231884,0.3738677536231884,429.96127043059306,1.159528460999962
2,2024-07-01 00:00:00+00:00,hybrid_uniform,4,4416,0.3374601235771899,0.7683621050329392,0.3738677536231884,0.3738677536231884,429.96127043059306,0.7700137504480524
2,2024-07-01 00:00:00+00:00,hybrid_uniform,10,4416,0.033105049732507386,0.7683621050329392,0.3738677536231884,0.3738677536231884,429.96127043059306,0.18574168462017776
2,2024-07-01 00:00:00+00:00,hybrid_state,0,4416,0.7740898047564635,0.7683621050329392,0.4166666666666667,0.3141492461924064,555.6148507733353,1.3818022772018028
2,2024-07-01 00:00:00+00:00,hybrid_state,4,4416,0.420504516734324,0.7683621050329392,0.4166666666666667,0.3141492461924064,555.6148507733353,0.8784293625850544
2,2024-07-01 00:00:00+00:00,hybrid_state,10,4416,0.01764226281116743,0.7683621050329392,0.4166666666666667,0.3141492461924064,555.6148507733353,0.1233699906599428
2,2024-07-01 00:00:00+00:00,directional_state,0,4416,0.5115739667070758,0.7683621050329392,0.4370471014492754,0.3202342700457182,2045.1658719509935,1.0614405731532452
2,2024-07-01 00:00:00+00:00,directional_state,4,4416,-0.3330797077779485,0.7683621050329392,0.4370471014492754,0.3202342700457182,2045.1658719509935,-0.7915476199530583
2,2024-07-01 00:00:00+00:00,directional_state,10,4416,-0.8046722917698168,0.7683621050329392,0.4370471014492754,0.3202342700457182,2045.1658719509935,-3.5710299096125646
2,2024-07-01 00:00:00+00:00,calm_specialist_state,0,4416,0.6491760533722815,0.7683621050329392,0.4257246376811594,0.32096468582366133,562.5898363752535,1.2184289794377094
2,2024-07-01 00:00:00+00:00,calm_specialist_state,4,4416,0.31680673910652657,0.7683621050329392,0.4257246376811594,0.32096468582366133,562.5898363752535,0.7088114552427265
2,2024-07-01 00:00:00+00:00,calm_specialist_state,10,4416,-0.06058960730579488,0.7683621050329392,0.4257246376811594,0.32096468582366133,562.5898363752535,-0.05561483104974897
2,2024-07-01 00:00:00+00:00,direction_hybrid_state,0,4416,0.6691426962278513,0.7683621050329392,0.4257246376811594,0.32070620157707824,569.1333331768672,1.2456906984185727
2,2024-07-01 00:00:00+00:00,direction_hybrid_state,4,4416,0.32926505898303104,0.7683621050329392,0.4257246376811594,0.32070620157707824,569.1333331768672,0.7301461592113263
2,2024-07-01 00:00:00+00:00,direction_hybrid_state,10,4416,-0.05541966091305017,0.7683621050329392,0.4257246376811594,0.32070620157707824,569.1333331768672,-0.043170649599539396
3,2025-01-01 00:00:00+00:00,direct_uniform,0,4344,-0.06851146430709054,-0.15292814285297318,0.20718232044198895,0.20718232044198895,225.03077336725718,-0.14610154057837466
3,2025-01-01 00:00:00+00:00,direct_uniform,4,4344,-0.148710808642172,-0.15292814285297318,0.20718232044198895,0.20718232044198895,225.03077336725718,-0.3532891521635355
3,2025-01-01 00:00:00+00:00,direct_uniform,10,4344,-0.25630569628391253,-0.15292814285297318,0.20718232044198895,0.20718232044198895,225.03077336725718,-0.6640705695412991
3,2025-01-01 00:00:00+00:00,direct_state,0,4344,-0.013343011665790439,-0.15292814285297318,0.32067219152854515,0.23459882386270162,438.3781415025926,-0.018606449378871535
3,2025-01-01 00:00:00+00:00,direct_state,4,4344,-0.17205267107292943,-0.15292814285297318,0.32067219152854515,0.23459882386270162,438.3781415025926,-0.4223347754868419
3,2025-01-01 00:00:00+00:00,direct_state,10,4344,-0.36361168672466615,-0.15292814285297318,0.32067219152854515,0.23459882386270162,438.3781415025926,-1.0279272646487945
3,2025-01-01 00:00:00+00:00,prototype_state,0,4344,0.03754568642611056,-0.15292814285297318,0.21132596685082872,0.1404114297234382,898.6614469554634,0.10091975018595895
3,2025-01-01 00:00:00+00:00,prototype_state,4,4344,-0.27578811985029916,-0.15292814285297318,0.21132596685082872,0.1404114297234382,898.6614469554634,-0.7266567090270982
3,2025-01-01 00:00:00+00:00,prototype_state,10,4344,-0.5777712391261098,-0.15292814285297318,0.21132596685082872,0.1404114297234382,898.6614469554634,-1.968021397846697
3,2025-01-01 00:00:00+00:00,hybrid_uniform,0,4344,-0.05260154164702158,-0.15292814285297318,0.2028084714548803,0.2028084714548803,206.27072193972796,-0.10763175033206605
3,2025-01-01 00:00:00+00:00,hybrid_uniform,4,4344,-0.12764753504462045,-0.15292814285297318,0.2028084714548803,0.2028084714548803,206.27072193972796,-0.2975266412041909
3,2025-01-01 00:00:00+00:00,hybrid_uniform,10,4344,-0.22927091576490377,-0.15292814285297318,0.2028084714548803,0.2028084714548803,206.27072193972796,-0.5823689775124005
3,2025-01-01 00:00:00+00:00,hybrid_state,0,4344,0.04558882918963869,-0.15292814285297318,0.3139963167587477,0.22695639576923776,461.9403124785155,0.11475157762478697
3,2025-01-01 00:00:00+00:00,hybrid_state,4,4344,-0.13083266878301136,-0.15292814285297318,0.3139963167587477,0.22695639576923776,461.9403124785155,-0.31063423075415364
3,2025-01-01 00:00:00+00:00,hybrid_state,10,4344,-0.34131392982232966,-0.15292814285297318,0.3139963167587477,0.22695639576923776,461.9403124785155,-0.9487129433225701
3,2025-01-01 00:00:00+00:00,directional_state,0,4344,0.07529150378700611,-0.15292814285297318,0.19521178637200737,0.12441441136042936,818.8616177867543,0.17661262473274292
3,2025-01-01 00:00:00+00:00,directional_state,4,4344,-0.22508860460116054,-0.15292814285297318,0.19521178637200737,0.12441441136042936,818.8616177867543,-0.5774630261578525
3,2025-01-01 00:00:00+00:00,directional_state,10,4344,-0.526027397487693,-0.15292814285297318,0.19521178637200737,0.12441441136042936,818.8616177867543,-1.7085765024937503
3,2025-01-01 00:00:00+00:00,calm_specialist_state,0,4344,0.1114270596199991,-0.15292814285297318,0.3402394106813996,0.2457178857531824,489.6877988183298,0.2564297720987219
3,2025-01-01 00:00:00+00:00,calm_specialist_state,4,4344,-0.08630214530679847,-0.15292814285297318,0.3402394106813996,0.2457178857531824,489.6877988183298,-0.19455646422327139
3,2025-01-01 00:00:00+00:00,calm_specialist_state,10,4344,-0.31900448735230824,-0.15292814285297318,0.3402394106813996,0.2457178857531824,489.6877988183298,-0.871035818706255
3,2025-01-01 00:00:00+00:00,direction_hybrid_state,0,4344,0.044263381379668676,-0.15292814285297318,0.30847145488029465,0.22231592850996942,443.76349503284365,0.11223724704012776
3,2025-01-01 00:00:00+00:00,direction_hybrid_state,4,4344,-0.12559905501969992,-0.15292814285297318,0.30847145488029465,0.22231592850996942,443.76349503284365,-0.2964474024500057
3,2025-01-01 00:00:00+00:00,direction_hybrid_state,10,4344,-0.3300773808262447,-0.15292814285297318,0.30847145488029465,0.22231592850996942,443.76349503284365,-0.9094743766851902
4,2025-07-01 00:00:00+00:00,direct_uniform,0,4416,0.13406367192696722,-0.08733024756534757,0.30842391304347827,0.30842391304347827,306.5191601439824,0.3013886383883202
4,2025-07-01 00:00:00+00:00,direct_uniform,4,4416,0.003178098043806754,-0.08733024756534757,0.30842391304347827,0.30842391304347827,306.5191601439824,0.023691939429584394
4,2025-07-01 00:00:00+00:00,direct_uniform,10,4416,-0.16546309959369343,-0.08733024756534757,0.30842391304347827,0.30842391304347827,306.5191601439824,-0.3928531090085495
4,2025-07-01 00:00:00+00:00,direct_state,0,4416,0.02830044667809939,-0.08733024756534757,0.4476902173913043,0.32934268076109335,520.7801197879884,0.07335455207135744
4,2025-07-01 00:00:00+00:00,direct_state,4,4416,-0.16508937669253465,-0.08733024756534757,0.4476902173913043,0.32934268076109335,520.7801197879884,-0.39836238037254956
4,2025-07-01 00:00:00+00:00,direct_state,10,4416,-0.3892300459076439,-0.08733024756534757,0.4476902173913043,0.32934268076109335,520.7801197879884,-1.105937779038399
4,2025-07-01 00:00:00+00:00,prototype_state,0,4416,-0.13628315620269504,-0.08733024756534757,0.42980072463768115,0.2926309942458381,1928.8656621403043,-0.30672194269826303
4,2025-07-01 00:00:00+00:00,prototype_state,4,4416,-0.6007658469421611,-0.08733024756534757,0.42980072463768115,0.2926309942458381,1928.8656621403043,-2.0538961952035457
4,2025-07-01 00:00:00+00:00,prototype_state,10,4416,-0.874608924754575,-0.08733024756534757,0.42980072463768115,0.2926309942458381,1928.8656621403043,-4.67465757396149
4,2025-07-01 00:00:00+00:00,hybrid_uniform,0,4416,0.15042045970294549,-0.08733024756534757,0.29438405797101447,0.29438405797101447,300.4842935800844,0.33312491518237786
4,2025-07-01 00:00:00+00:00,hybrid_uniform,4,4416,0.020106879063948035,-0.08733024756534757,0.29438405797101447,0.29438405797101447,300.4842935800844,0.060878243762225094
4,2025-07-01 00:00:00+00:00,hybrid_uniform,10,4416,-0.14830065147880234,-0.08733024756534757,0.29438405797101447,0.29438405797101447,300.4842935800844,-0.3474917633680369
4,2025-07-01 00:00:00+00:00,hybrid_state,0,4416,-0.08225757326576977,-0.08733024756534757,0.43953804347826086,0.32113757738661025,548.7452390996543,-0.18387105327463205
4,2025-07-01 00:00:00+00:00,hybrid_state,4,4416,-0.2631455496080758,-0.08733024756534757,0.43953804347826086,0.32113757738661025,548.7452390996543,-0.6808778261594317
4,2025-07-01 00:00:00+00:00,hybrid_state,10,4416,-0.4699376474335477,-0.08733024756534757,0.43953804347826086,0.32113757738661025,548.7452390996543,-1.426387985486607
4,2025-07-01 00:00:00+00:00,directional_state,0,4416,-0.24623513510826656,-0.08733024756534757,0.39832427536231885,0.26887053240047404,1752.247481209372,-0.6216466204955415
4,2025-07-01 00:00:00+00:00,directional_state,4,4416,-0.6260768529395269,-0.08733024756534757,0.39832427536231885,0.26887053240047404,1752.247481209372,-2.208666080938117
4,2025-07-01 00:00:00+00:00,directional_state,10,4416,-0.8694165237313465,-0.08733024756534757,0.39832427536231885,0.26887053240047404,1752.247481209372,-4.589195271602027
4,2025-07-01 00:00:00+00:00,calm_specialist_state,0,4416,0.015327474689384335,-0.08733024756534757,0.4461050724637681,0.329247513692051,558.4382930864501,0.0451182984731289
4,2025-07-01 00:00:00+00:00,calm_specialist_state,4,4416,-0.1879502640793682,-0.08733024756534757,0.4461050724637681,0.329247513692051,558.4382930864501,-0.46069186983880206
4,2025-07-01 00:00:00+00:00,calm_specialist_state,10,4416,-0.4192366760750833,-0.08733024756534757,0.4461050724637681,0.329247513692051,558.4382930864501,-1.219407122306704
4,2025-07-01 00:00:00+00:00,direction_hybrid_state,0,4416,-0.03804164705303581,-0.08733024756534757,0.4384057971014493,0.3223142788724663,547.3284337644964,-0.0772034184977203
4,2025-07-01 00:00:00+00:00,direction_hybrid_state,4,4416,-0.2272069221188654,-0.08733024756534757,0.4384057971014493,0.3223142788724663,547.3284337644964,-0.5729392202465973
4,2025-07-01 00:00:00+00:00,direction_hybrid_state,10,4416,-0.4436126110340466,-0.08733024756534757,0.4384057971014493,0.3223142788724663,547.3284337644964,-1.3165429228699004
5,2026-01-01 00:00:00+00:00,direct_uniform,0,4344,-0.06665797005209362,-0.40497528358101176,0.2605893186003683,0.2605893186003683,186.16520348216477,-0.14694842093434554
5,2026-01-01 00:00:00+00:00,direct_uniform,4,4344,-0.1336497107342829,-0.40497528358101176,0.2605893186003683,0.2605893186003683,186.16520348216477,-0.318357591116234
5,2026-01-01 00:00:00+00:00,direct_uniform,10,4344,-0.2252778609473387,-0.40497528358101176,0.2605893186003683,0.2605893186003683,186.16520348216477,-0.5754713463890729
5,2026-01-01 00:00:00+00:00,direct_state,0,4344,-0.013316608897792515,-0.40497528358101176,0.410451197053407,0.3104834283600616,404.07371034082826,-0.023680694727322364
5,2026-01-01 00:00:00+00:00,direct_state,4,4344,-0.1605888916483943,-0.40497528358101176,0.410451197053407,0.3104834283600616,404.07371034082826,-0.3957572558421554
5,2026-01-01 00:00:00+00:00,direct_state,10,4344,-0.34137400948015884,-0.40497528358101176,0.410451197053407,0.3104834283600616,404.07371034082826,-0.9538720975144401
5,2026-01-01 00:00:00+00:00,prototype_state,0,4344,-0.03915005840292474,-0.40497528358101176,0.2635819521178637,0.1773642987260832,1073.7641397489272,-0.08324093288737547
5,2026-01-01 00:00:00+00:00,prototype_state,4,4344,-0.3746989262848537,-0.40497528358101176,0.2635819521178637,0.1773642987260832,1073.7641397489272,-1.0719375412944527
5,2026-01-01 00:00:00+00:00,prototype_state,10,4344,-0.6718213892480325,-0.40497528358101176,0.2635819521178637,0.1773642987260832,1073.7641397489272,-2.554982453905101
5,2026-01-01 00:00:00+00:00,hybrid_uniform,0,4344,0.008021741602317167,-0.40497528358101176,0.2598987108655617,0.2598987108655617,206.27242063816874,0.029717004220933464
5,2026-01-01 00:00:00+00:00,hybrid_uniform,4,4344,-0.0718271249030692,-0.40497528358101176,0.2598987108655617,0.2598987108655617,206.27242063816874,-0.16022338992461865
5,2026-01-01 00:00:00+00:00,hybrid_uniform,10,4344,-0.17995455812509098,-0.40497528358101176,0.2598987108655617,0.2598987108655617,206.27242063816874,-0.44513398114296177
5,2026-01-01 00:00:00+00:00,hybrid_state,0,4344,-0.09001149933030494,-0.40497528358101176,0.39755985267034993,0.2987240966838214,449.23822291927786,-0.2103119415307318
5,2026-01-01 00:00:00+00:00,hybrid_state,4,4344,-0.2396990645507463,-0.40497528358101176,0.39755985267034993,0.2987240966838214,449.23822291927786,-0.6239191084373487
5,2026-01-01 00:00:00+00:00,hybrid_state,10,4344,-0.41940467623965494,-0.40497528358101176,0.39755985267034993,0.2987240966838214,449.23822291927786,-1.2443298587972722
5,2026-01-01 00:00:00+00:00,directional_state,0,4344,-0.09611006330610805,-0.40497528358101176,0.26726519337016574,0.1736569156507052,1042.80690780463,-0.2245742111927632
5,2026-01-01 00:00:00+00:00,directional_state,4,4344,-0.4044344485445778,-0.40497528358101176,0.26726519337016574,0.1736569156507052,1042.80690780463,-1.184679893009142
5,2026-01-01 00:00:00+00:00,directional_state,10,4344,-0.6815575111986739,-0.40497528358101176,0.26726519337016574,0.1736569156507052,1042.80690780463,-2.6248384157337297
5,2026-01-01 00:00:00+00:00,calm_specialist_state,0,4344,-0.08979434107182649,-0.40497528358101176,0.4097605893186004,0.3101893136982853,475.464424162464,-0.20939409693820407
5,2026-01-01 00:00:00+00:00,calm_specialist_state,4,4344,-0.24745569129171863,-0.40497528358101176,0.4097605893186004,0.3101893136982853,475.464424162464,-0.6470980759873514
5,2026-01-01 00:00:00+00:00,calm_specialist_state,10,4344,-0.43430769275955194,-0.40497528358101176,0.4097605893186004,0.3101893136982853,475.464424162464,-1.3036540445610811
5,2026-01-01 00:00:00+00:00,direction_hybrid_state,0,4344,-0.07157749256500323,-0.40497528358101176,0.40699815837937386,0.30469812920122286,442.65336503866183,-0.16420657895875215
5,2026-01-01 00:00:00+00:00,direction_hybrid_state,4,4344,-0.22225084496771064,-0.40497528358101176,0.40699815837937386,0.30469812920122286,442.65336503866183,-0.5717609440783209
5,2026-01-01 00:00:00+00:00,direction_hybrid_state,10,4344,-0.4037267745002908,-0.40497528358101176,0.40699815837937386,0.30469812920122286,442.65336503866183,-1.1830924917576853
6,2026-07-01 00:00:00+00:00,direct_uniform,0,1920,0.07587758430432978,0.39734971153570875,0.3578125,0.3578125,157.80452094699643,0.39172047347411687
6,2026-07-01 00:00:00+00:00,direct_uniform,4,1920,0.010051060943535806,0.39734971153570875,0.3578125,0.3578125,157.80452094699643,0.06290632118826206
6,2026-07-01 00:00:00+00:00,direct_uniform,10,1920,-0.08126295701744835,0.39734971153570875,0.3578125,0.3578125,157.80452094699643,-0.43031490724054416
6,2026-07-01 00:00:00+00:00,direct_state,0,1920,0.04627069972645281,0.39734971153570875,0.5291666666666667,0.41737963341504003,235.62722034577013,0.24405134727651112
6,2026-07-01 00:00:00+00:00,direct_state,4,1920,-0.047846422002680966,0.39734971153570875,0.5291666666666667,0.41737963341504003,235.62722034577013,-0.2468827097148266
6,2026-07-01 00:00:00+00:00,direct_state,10,1920,-0.17342010939871477,0.39734971153570875,0.5291666666666667,0.41737963341504003,235.62722034577013,-0.9832837952018173
6,2026-07-01 00:00:00+00:00,prototype_state,0,1920,0.07494399287126341,0.39734971153570875,0.50625,0.35031874481575154,985.9833156559639,0.39842722001146547
6,2026-07-01 00:00:00+00:00,prototype_state,4,1920,-0.27545071978228663,0.39734971153570875,0.50625,0.35031874481575154,985.9833156559639,-1.655715340088609
6,2026-07-01 00:00:00+00:00,prototype_state,10,1920,-0.5991706862132723,0.39734971153570875,0.50625,0.35031874481575154,985.9833156559639,-4.736929180238785
6,2026-07-01 00:00:00+00:00,hybrid_uniform,0,1920,0.05975519309532795,0.39734971153570875,0.2520833333333333,0.2520833333333333,103.88728781578772,0.31220910559009823
6,2026-07-01 00:00:00+00:00,hybrid_uniform,4,1920,0.016609731493982816,0.39734971153570875,0.2520833333333333,0.2520833333333333,103.88728781578772,0.09568579601415493
6,2026-07-01 00:00:00+00:00,hybrid_uniform,10,1920,-0.0448721989706069,0.39734971153570875,0.2520833333333333,0.2520833333333333,103.88728781578772,-0.22909916834977334
6,2026-07-01 00:00:00+00:00,hybrid_state,0,1920,0.023184502089119263,0.39734971153570875,0.43645833333333334,0.33285653857843095,195.61587669981077,0.12699431577840636
6,2026-07-01 00:00:00+00:00,hybrid_state,4,1920,-0.053832389631724986,0.39734971153570875,0.43645833333333334,0.33285653857843095,195.61587669981077,-0.2805630327146324
6,2026-07-01 00:00:00+00:00,hybrid_state,10,1920,-0.1586541398498723,0.39734971153570875,0.43645833333333334,0.33285653857843095,195.61587669981077,-0.8918990554542412
6,2026-07-01 00:00:00+00:00,directional_state,0,1920,-0.013752001101516753,0.39734971153570875,0.4796875,0.3171318198111243,890.161351777053,-0.051711341547313584
6,2026-07-01 00:00:00+00:00,directional_state,4,1920,-0.30925113734298804,0.39734971153570875,0.4796875,0.3171318198111243,890.161351777053,-1.9061069785502784
6,2026-07-01 00:00:00+00:00,directional_state,10,1920,-0.5952265025981796,0.39734971153570875,0.4796875,0.3171318198111243,890.161351777053,-4.6877004340547614
6,2026-07-01 00:00:00+00:00,calm_specialist_state,0,1920,0.018766621873309353,0.39734971153570875,0.4453125,0.3417117992211027,211.41478994195887,0.10460822277674753
6,2026-07-01 00:00:00+00:00,calm_specialist_state,4,1920,-0.0638536552145258,0.39734971153570875,0.4453125,0.3417117992211027,211.41478994195887,-0.33588189980672306
6,2026-07-01 00:00:00+00:00,calm_specialist_state,10,1920,-0.17542416557925666,0.39734971153570875,0.4453125,0.3417117992211027,211.41478994195887,-0.9966170836818965
6,2026-07-01 00:00:00+00:00,direction_hybrid_state,0,1920,0.003008343820781967,0.39734971153570875,0.4395833333333333,0.33581984273942983,200.85719758405065,0.0233991685848108
6,2026-07-01 00:00:00+00:00,direction_hybrid_state,4,1920,-0.07443279227840427,0.39734971153570875,0.4395833333333333,0.33581984273942983,200.85719758405065,-0.39507227551862795
6,2026-07-01 00:00:00+00:00,direction_hybrid_state,10,1920,-0.17955847845277384,0.39734971153570875,0.4395833333333333,0.33581984273942983,200.85719758405065,-1.0227794416737876
