month,forecast,policy,regime,enter,exit,hours
2024-01,direct,uniform,calm_down,0.0043060637285853,0.0025488040657820205,26
2024-01,direct,uniform,calm_up,0.0043060637285853,0.0025488040657820205,0
2024-01,direct,uniform,normal,0.0043060637285853,0.0025488040657820205,390
2024-01,direct,uniform,high,0.0043060637285853,0.0025488040657820205,328
2024-02,direct,uniform,calm_down,0.004309248995727239,0.0026270801640740802,17
2024-02,direct,uniform,calm_up,0.004309248995727239,0.0026270801640740802,126
2024-02,direct,uniform,normal,0.004309248995727239,0.0026270801640740802,406
2024-02,direct,uniform,high,0.004309248995727239,0.0026270801640740802,147
2024-03,direct,uniform,calm_down,0.004022220912879937,0.0023919379040334443,0
2024-03,direct,uniform,calm_up,0.004022220912879937,0.0023919379040334443,0
2024-03,direct,uniform,normal,0.004022220912879937,0.0023919379040334443,54
2024-03,direct,uniform,high,0.004022220912879937,0.0023919379040334443,690
2024-04,direct,uniform,calm_down,0.004590450983927064,0.002538791163702734,12
2024-04,direct,uniform,calm_up,0.004590450983927064,0.002538791163702734,0
2024-04,direct,uniform,normal,0.004590450983927064,0.002538791163702734,292
2024-04,direct,uniform,high,0.004590450983927064,0.002538791163702734,416
2024-05,direct,uniform,calm_down,0.004723244363310275,0.002540740578440892,42
2024-05,direct,uniform,calm_up,0.004723244363310275,0.002540740578440892,67
2024-05,direct,uniform,normal,0.004723244363310275,0.002540740578440892,421
2024-05,direct,uniform,high,0.004723244363310275,0.002540740578440892,214
2024-06,direct,uniform,calm_down,0.00453730034111396,0.0025568921022228364,102
2024-06,direct,uniform,calm_up,0.00453730034111396,0.0025568921022228364,180
2024-06,direct,uniform,normal,0.00453730034111396,0.0025568921022228364,290
2024-06,direct,uniform,high,0.00453730034111396,0.0025568921022228364,148
2024-01,direct,state,calm_down,0.002935676459447929,0.002086005229631236,26
2024-01,direct,state,calm_up,0.0018760236210228717,0.0014635377189961066,0
2024-01,direct,state,normal,0.0031583199800720384,0.002167964646333427,390
2024-01,direct,state,high,0.005314719021897799,0.0031401939794972558,328
2024-02,direct,state,calm_down,0.0030260733658605357,0.0022175709904630678,17
2024-02,direct,state,calm_up,inf,inf,126
2024-02,direct,state,normal,0.002965639687494932,0.002152667083246131,406
2024-02,direct,state,high,0.005337106066024027,0.003103807535485925,147
2024-03,direct,state,calm_down,0.002757081593645175,0.002025960811944078,0
2024-03,direct,state,calm_up,0.0016724269082376972,0.0012505127574612691,0
2024-03,direct,state,normal,0.0028051449366918372,0.0020358434908958733,54
2024-03,direct,state,high,0.004952307180217772,0.003067542330253557,690
2024-04,direct,state,calm_down,0.0029501054492276817,0.00209227518379937,12
2024-04,direct,state,calm_up,0.0015609485938598905,0.0011983777269702343,0
2024-04,direct,state,normal,0.0027814361046038013,0.0020326673592353643,292
2024-04,direct,state,high,0.00590225782761049,0.0033625837824970166,416
2024-05,direct,state,calm_down,0.0029786577405518737,0.0020720493010090925,42
2024-05,direct,state,calm_up,0.0015609485938598905,0.0011983777269702343,67
2024-05,direct,state,normal,0.002591223717591643,0.0019573577664061008,421
2024-05,direct,state,high,0.005863399127665879,0.0034447633130271545,214
2024-06,direct,state,calm_down,0.0029792393555274055,0.0020762009142306533,102
2024-06,direct,state,calm_up,inf,inf,180
2024-06,direct,state,normal,0.002651281145393828,0.0019341680968194622,290
2024-06,direct,state,high,0.005650911254849307,0.003351429825587772,148
2024-01,prototype,state,calm_down,0.0008111498156022622,0.0005243945929768448,26
2024-01,prototype,state,calm_up,0.0004716535799498315,0.00037250209719267744,0
2024-01,prototype,state,normal,0.0007914837219579333,0.0005666886253332695,390
2024-01,prototype,state,high,0.0014774957800695087,0.0009336869590977202,328
2024-02,prototype,state,calm_down,0.0008198718774725526,0.0005557511776946846,17
2024-02,prototype,state,calm_up,inf,inf,126
2024-02,prototype,state,normal,0.0007445253564116344,0.0005396045157035691,406
2024-02,prototype,state,high,0.001451358923003554,0.0008965202744218404,147
2024-03,prototype,state,calm_down,0.0007206430468489892,0.0005030421498969618,0
2024-03,prototype,state,calm_up,0.0005018121626676647,0.00041189128799951134,0
2024-03,prototype,state,normal,0.0007087298719066416,0.0005241184489742522,54
2024-03,prototype,state,high,0.001375961206937017,0.0008516761627033404,690
2024-04,prototype,state,calm_down,0.0007546393869836009,0.0005183777148436378,12
2024-04,prototype,state,calm_up,0.0004983113046924796,0.0004116736782239196,0
2024-04,prototype,state,normal,0.0007006413682352213,0.0005184567520171305,292
2024-04,prototype,state,high,0.0014823297737825715,0.0008913436339205578,416
2024-05,prototype,state,calm_down,0.0007678298240769055,0.0005334757372357586,42
2024-05,prototype,state,calm_up,0.0004983113046924796,0.0004116736782239196,67
2024-05,prototype,state,normal,0.0006774457029005449,0.0005177973144272372,421
2024-05,prototype,state,high,0.0014634517766320206,0.0008932717535673122,214
2024-06,prototype,state,calm_down,0.0007628081830677015,0.0005365301573422389,102
2024-06,prototype,state,calm_up,inf,inf,180
2024-06,prototype,state,normal,0.000699160077551365,0.0005291885382863743,290
2024-06,prototype,state,high,0.0013941857791776302,0.0008433405411393335,148
2024-01,hybrid,uniform,calm_down,0.003433172700583386,0.002070585957079247,26
2024-01,hybrid,uniform,calm_up,0.003433172700583386,0.002070585957079247,0
2024-01,hybrid,uniform,normal,0.003433172700583386,0.002070585957079247,390
2024-01,hybrid,uniform,high,0.003433172700583386,0.002070585957079247,328
2024-02,hybrid,uniform,calm_down,0.003433172700583386,0.0020478139783859026,17
2024-02,hybrid,uniform,calm_up,0.003433172700583386,0.0020478139783859026,126
2024-02,hybrid,uniform,normal,0.003433172700583386,0.0020478139783859026,406
2024-02,hybrid,uniform,high,0.003433172700583386,0.0020478139783859026,147
2024-03,hybrid,uniform,calm_down,0.0031659171185037744,0.0018410102025581264,0
2024-03,hybrid,uniform,calm_up,0.0031659171185037744,0.0018410102025581264,0
2024-03,hybrid,uniform,normal,0.0031659171185037744,0.0018410102025581264,54
2024-03,hybrid,uniform,high,0.0031659171185037744,0.0018410102025581264,690
2024-04,hybrid,uniform,calm_down,0.003617931638867038,0.0019661475803492375,12
2024-04,hybrid,uniform,calm_up,0.003617931638867038,0.0019661475803492375,0
2024-04,hybrid,uniform,normal,0.003617931638867038,0.0019661475803492375,292
2024-04,hybrid,uniform,high,0.003617931638867038,0.0019661475803492375,416
2024-05,hybrid,uniform,calm_down,0.0037513653114247644,0.0019855805636428306,42
2024-05,hybrid,uniform,calm_up,0.0037513653114247644,0.0019855805636428306,67
2024-05,hybrid,uniform,normal,0.0037513653114247644,0.0019855805636428306,421
2024-05,hybrid,uniform,high,0.0037513653114247644,0.0019855805636428306,214
2024-06,hybrid,uniform,calm_down,0.0036227137239480288,0.002022401212762621,102
2024-06,hybrid,uniform,calm_up,0.0036227137239480288,0.002022401212762621,180
2024-06,hybrid,uniform,normal,0.0036227137239480288,0.002022401212762621,290
2024-06,hybrid,uniform,high,0.0036227137239480288,0.002022401212762621,148
2024-01,hybrid,state,calm_down,0.002367110634786567,0.001750958436915698,26
2024-01,hybrid,state,calm_up,0.002064704548831243,0.001614658409345182,0
2024-01,hybrid,state,normal,0.002232872852864564,0.0015480115196703865,390
2024-01,hybrid,state,high,0.004265967683886526,0.0025247699173721327,328
2024-02,hybrid,state,calm_down,0.0023440030746985224,0.0017029225999756162,17
2024-02,hybrid,state,calm_up,inf,inf,126
2024-02,hybrid,state,normal,0.002115316687351367,0.0015159852104569,406
2024-02,hybrid,state,high,0.004277081820516465,0.0024958956890225046,147
2024-03,hybrid,state,calm_down,0.0021191318800649014,0.0015686259437767938,0
2024-03,hybrid,state,calm_up,0.0017634970014199672,0.0014414043648320733,0
2024-03,hybrid,state,normal,0.001997487388437726,0.0014458643519273476,54
2024-03,hybrid,state,high,0.0040483697667506886,0.002474134386261834,690
2024-04,hybrid,state,calm_down,0.00227772630457252,0.0016142380262901977,12
2024-04,hybrid,state,calm_up,0.0017629295935529376,0.0014453914460839234,0
2024-04,hybrid,state,normal,0.0019897326875221483,0.0014413161578562548,292
2024-04,hybrid,state,high,0.004761747862641165,0.0027055875596164515,416
2024-05,hybrid,state,calm_down,0.002300466996923831,0.0016038573691231866,42
2024-05,hybrid,state,calm_up,0.0017629295935529376,0.0014453914460839234,67
2024-05,hybrid,state,normal,0.0018615010175488536,0.0013754637660943736,421
2024-05,hybrid,state,high,0.004701477987775975,0.002749015566703983,214
2024-06,hybrid,state,calm_down,0.0023373395899341097,0.001635022004402379,102
2024-06,hybrid,state,calm_up,inf,inf,180
2024-06,hybrid,state,normal,0.00189882720686125,0.0013789294301999482,290
2024-06,hybrid,state,high,0.004549310241630265,0.002680608021397108,148
2024-01,directional,state,calm_down,0.0009578216708612016,0.0005442255254214354,26
2024-01,directional,state,calm_up,0.0006611789414960301,0.0004005905640032574,0
2024-01,directional,state,normal,0.0010983425904728691,0.0006400442223421085,390
2024-01,directional,state,high,0.0020767144720364576,0.001023814841173937,328
2024-02,directional,state,calm_down,0.0007898759226437939,0.0005050045826624681,17
2024-02,directional,state,calm_up,inf,inf,126
2024-02,directional,state,normal,0.0007352280647351062,0.0004992310736205816,406
2024-02,directional,state,high,0.0019201931947006455,0.0008187928621104624,147
2024-03,directional,state,calm_down,0.0006255571551945867,0.00043340385959819163,0
2024-03,directional,state,calm_up,0.0004705336104767205,0.0003351777192536698,0
2024-03,directional,state,normal,0.0006231452061269191,0.0004461661644150378,54
2024-03,directional,state,high,0.0016247267646106488,0.0007303433869881667,690
2024-04,directional,state,calm_down,0.0006376293337783088,0.00045003650081267834,12
2024-04,directional,state,calm_up,0.00043387867319165987,0.00032656017017400704,0
2024-04,directional,state,normal,0.0005979812778161739,0.0004436821405244645,292
2024-04,directional,state,high,0.001140127244144692,0.0007379198979001311,416
2024-05,directional,state,calm_down,0.0006475560560719948,0.0004618519096443412,42
2024-05,directional,state,calm_up,0.00043387867319165987,0.00032656017017400704,67
2024-05,directional,state,normal,0.0005747810072161023,0.00044971955522531923,421
2024-05,directional,state,high,0.0011388034873893113,0.0007535944932537242,214
2024-06,directional,state,calm_down,0.0006387697265387182,0.00046577636917279123,102
2024-06,directional,state,calm_up,inf,inf,180
2024-06,directional,state,normal,0.0005850884157336032,0.0004618235318794399,290
2024-06,directional,state,high,0.0010882495381211172,0.000721928702043095,148
2024-01,calm_specialist,state,calm_down,0.003374388784902168,0.002438117560201912,26
2024-01,calm_specialist,state,calm_up,0.004125409170565707,0.003227420437381557,0
2024-01,calm_specialist,state,normal,0.0031583199800720384,0.002167964646333427,390
2024-01,calm_specialist,state,high,0.005314719021897799,0.0031401939794972558,328
2024-02,calm_specialist,state,calm_down,0.0031253445400549838,0.0022946133735433755,17
2024-02,calm_specialist,state,calm_up,inf,inf,126
2024-02,calm_specialist,state,normal,0.002965639687494932,0.002152667083246131,406
2024-02,calm_specialist,state,high,0.005337106066024027,0.003103807535485925,147
2024-03,calm_specialist,state,calm_down,0.0029557224627669836,0.002199692630290191,0
2024-03,calm_specialist,state,calm_up,0.003540043628597385,0.002845325201885932,0
2024-03,calm_specialist,state,normal,0.0028051449366918372,0.0020358434908958733,54
2024-03,calm_specialist,state,high,0.004952307180217772,0.003067542330253557,690
2024-04,calm_specialist,state,calm_down,0.003123465689920793,0.002298031418312642,12
2024-04,calm_specialist,state,calm_up,0.0035209938264470567,0.002889373661321139,0
2024-04,calm_specialist,state,normal,0.0027814361046038013,0.0020326673592353643,292
2024-04,calm_specialist,state,high,0.00590225782761049,0.0033625837824970166,416
2024-05,calm_specialist,state,calm_down,0.0031601068032822885,0.002276694091029673,42
2024-05,calm_specialist,state,calm_up,0.0035209938264470567,0.002889373661321139,67
2024-05,calm_specialist,state,normal,0.002591223717591643,0.0019573577664061008,421
2024-05,calm_specialist,state,high,0.005863399127665879,0.0034447633130271545,214
2024-06,calm_specialist,state,calm_down,0.0031610043299855487,0.0022493504393704122,102
2024-06,calm_specialist,state,calm_up,inf,inf,180
2024-06,calm_specialist,state,normal,0.002651281145393828,0.0019341680968194622,290
2024-06,calm_specialist,state,high,0.005650911254849307,0.003351429825587772,148
2024-01,direction_hybrid,state,calm_down,0.002940780980532236,0.00214512343168266,26
2024-01,direction_hybrid,state,calm_up,0.0020769701532132754,0.0016366319053043215,0
2024-01,direction_hybrid,state,normal,0.0031583199800720384,0.002167964646333427,390
2024-01,direction_hybrid,state,high,0.005314719021897799,0.0031401939794972558,328
2024-02,direction_hybrid,state,calm_down,0.0030255938434805766,0.002213658798744455,17
2024-02,direction_hybrid,state,calm_up,inf,inf,126
2024-02,direction_hybrid,state,normal,0.002965639687494932,0.002152667083246131,406
2024-02,direction_hybrid,state,high,0.005337106066024027,0.003103807535485925,147
2024-03,direction_hybrid,state,calm_down,0.0027389203462963164,0.0020213337648999664,0
2024-03,direction_hybrid,state,calm_up,0.0017754754916383562,0.0014241065948764808,0
2024-03,direction_hybrid,state,normal,0.0028051449366918372,0.0020358434908958733,54
2024-03,direction_hybrid,state,high,0.004952307180217772,0.003067542330253557,690
2024-04,direction_hybrid,state,calm_down,0.0029466043915689667,0.0020987634782128964,12
2024-04,direction_hybrid,state,calm_up,0.0017593993244733345,0.001427717224281642,0
2024-04,direction_hybrid,state,normal,0.0027814361046038013,0.0020326673592353643,292
2024-04,direction_hybrid,state,high,0.00590225782761049,0.0033625837824970166,416
2024-05,direction_hybrid,state,calm_down,0.002970918557751956,0.0020818529936819687,42
2024-05,direction_hybrid,state,calm_up,0.0017593993244733345,0.001427717224281642,67
2024-05,direction_hybrid,state,normal,0.002591223717591643,0.0019573577664061008,421
2024-05,direction_hybrid,state,high,0.005863399127665879,0.0034447633130271545,214
2024-06,direction_hybrid,state,calm_down,0.0029792393555274055,0.0021175595547436223,102
2024-06,direction_hybrid,state,calm_up,inf,inf,180
2024-06,direction_hybrid,state,normal,0.002651281145393828,0.0019341680968194622,290
2024-06,direction_hybrid,state,high,0.005650911254849307,0.003351429825587772,148
2024-07,direct,uniform,calm_down,0.0037129797932655426,0.002070397649885734,48
2024-07,direct,uniform,calm_up,0.0037129797932655426,0.002070397649885734,29
2024-07,direct,uniform,normal,0.0037129797932655426,0.002070397649885734,496
2024-07,direct,uniform,high,0.0037129797932655426,0.002070397649885734,171
2024-08,direct,uniform,calm_down,0.003298642138898231,0.0019443216147247392,73
2024-08,direct,uniform,calm_up,0.003298642138898231,0.0019443216147247392,0
2024-08,direct,uniform,normal,0.003298642138898231,0.0019443216147247392,404
2024-08,direct,uniform,high,0.003298642138898231,0.0019443216147247392,267
2024-09,direct,uniform,calm_down,0.0034330464217293835,0.0020465954750733656,103
2024-09,direct,uniform,calm_up,0.0034330464217293835,0.0020465954750733656,137
2024-09,direct,uniform,normal,0.0034330464217293835,0.0020465954750733656,447
2024-09,direct,uniform,high,0.0034330464217293835,0.0020465954750733656,33
2024-10,direct,uniform,calm_down,0.003137238458144075,0.0019326876755556583,34
2024-10,direct,uniform,calm_up,0.003137238458144075,0.0019326876755556583,179
2024-10,direct,uniform,normal,0.003137238458144075,0.0019326876755556583,420
2024-10,direct,uniform,high,0.003137238458144075,0.0019326876755556583,111
2024-11,direct,uniform,calm_down,0.0028214607847810045,0.0017659413437193414,0
2024-11,direct,uniform,calm_up,0.0028214607847810045,0.0017659413437193414,10
2024-11,direct,uniform,normal,0.0028214607847810045,0.0017659413437193414,94
2024-11,direct,uniform,high,0.0028214607847810045,0.0017659413437193414,616
2024-12,direct,uniform,calm_down,0.0034412975033783727,0.0018075688362206544,23
2024-12,direct,uniform,calm_up,0.0034412975033783727,0.0018075688362206544,6
2024-12,direct,uniform,normal,0.0034412975033783727,0.0018075688362206544,137
2024-12,direct,uniform,high,0.0034412975033783727,0.0018075688362206544,578
2024-07,direct,state,calm_down,0.0013604719735177534,0.0010948908031228255,48
2024-07,direct,state,calm_up,0.0015791691981299105,0.0012017871492493153,29
2024-07,direct,state,normal,0.0025648117286340096,0.001893502893550612,496
2024-07,direct,state,high,0.0052447073718825555,0.0032738755683054083,171
2024-08,direct,state,calm_down,0.0014640067462730962,0.0011664918396371586,73
2024-08,direct,state,calm_up,0.0016138603616114573,0.0012643156719992419,0
2024-08,direct,state,normal,0.0025751611122914546,0.0018850352609329428,404
2024-08,direct,state,high,0.004873563717768224,0.0029714631528459136,267
2024-09,direct,state,calm_down,0.001681801081416197,0.001243725737693257,103
2024-09,direct,state,calm_up,0.0017423378712593323,0.0014032940826152812,137
2024-09,direct,state,normal,0.00267934213885436,0.0019402959674393917,447
2024-09,direct,state,high,0.004972192570973243,0.002866711305214314,33
2024-10,direct,state,calm_down,0.001947935011520771,0.001489248844858011,34
2024-10,direct,state,calm_up,0.001627600534712082,0.0013910047227490914,179
2024-10,direct,state,normal,0.0025926784956418745,0.0018135040556277922,420
2024-10,direct,state,high,0.00435155522017649,0.002471829198583407,111
2024-11,direct,state,calm_down,0.0019494665924324182,0.001503538761486919,0
2024-11,direct,state,calm_up,0.001606612927562396,0.0013068256406623265,10
2024-11,direct,state,normal,0.002483760673385149,0.0016779263399143826,94
2024-11,direct,state,high,0.0042560386325393015,0.0022724682739245945,616
2024-12,direct,state,calm_down,0.0018534574853208245,0.0015038219888419196,23
2024-12,direct,state,calm_up,0.001600758219874177,0.0013154803411726526,6
2024-12,direct,state,normal,0.002283652799606799,0.0015790478331855259,137
2024-12,direct,state,high,0.005068254982822295,0.002763997955037072,578
2024-07,prototype,state,calm_down,0.0004234022441694691,0.0003468314632690389,48
2024-07,prototype,state,calm_up,0.00045069891749206927,0.0003690670492695318,29
2024-07,prototype,state,normal,0.0006801802671581447,0.0005096199728113779,496
2024-07,prototype,state,high,0.0012109726155370892,0.0007571574880571415,171
2024-08,prototype,state,calm_down,0.00042513463945620996,0.0003353865366299256,73
2024-08,prototype,state,calm_up,0.00045134784609206365,0.00036859370969865446,0
2024-08,prototype,state,normal,0.0006785377616038037,0.00047728783853037915,404
2024-08,prototype,state,high,0.0011398132854862895,0.0006846655498683117,267
2024-09,prototype,state,calm_down,0.0004261735294728891,0.00031254849127814284,103
2024-09,prototype,state,calm_up,0.00044889904028952963,0.0003720444313814338,137
2024-09,prototype,state,normal,0.0006609385803039908,0.00043925855695133085,447
2024-09,prototype,state,high,0.001140880301802166,0.0005888764909854036,33
2024-10,prototype,state,calm_down,0.0004236151410165421,0.00025399680715280606,34
2024-10,prototype,state,calm_up,0.00044921090209929025,0.00034093498188207883,179
2024-10,prototype,state,normal,0.0006533266220072525,0.0004141383827570939,420
2024-10,prototype,state,high,0.0010455211968189535,0.0005284034262251373,111
2024-11,prototype,state,calm_down,0.0004216029470795478,0.00026006317674901944,0
2024-11,prototype,state,calm_up,0.00041739985320838973,0.00029428866625412275,10
2024-11,prototype,state,normal,0.0006475649323488895,0.0003993119591958703,94
2024-11,prototype,state,high,0.0010414909481413037,0.0005023712676404555,616
2024-12,prototype,state,calm_down,0.00042495964063353877,0.00028301481905254903,23
2024-12,prototype,state,calm_up,0.0004150549792709552,0.00029428866625412275,6
2024-12,prototype,state,normal,0.0006431184735024349,0.00038779349505559525,137
2024-12,prototype,state,high,0.0014721747187677835,0.0007522983596249223,578
2024-07,hybrid,uniform,calm_down,0.002866752315694921,0.0016829714039258974,48
2024-07,hybrid,uniform,calm_up,0.002866752315694921,0.0016829714039258974,29
2024-07,hybrid,uniform,normal,0.002866752315694921,0.0016829714039258974,496
2024-07,hybrid,uniform,high,0.002866752315694921,0.0016829714039258974,171
2024-08,hybrid,uniform,calm_down,0.002519759640319002,0.0015805165948763653,73
2024-08,hybrid,uniform,calm_up,0.002519759640319002,0.0015805165948763653,0
2024-08,hybrid,uniform,normal,0.002519759640319002,0.0015805165948763653,404
2024-08,hybrid,uniform,high,0.002519759640319002,0.0015805165948763653,267
2024-09,hybrid,uniform,calm_down,0.0026105001699290725,0.0016015496237834776,103
2024-09,hybrid,uniform,calm_up,0.0026105001699290725,0.0016015496237834776,137
2024-09,hybrid,uniform,normal,0.0026105001699290725,0.0016015496237834776,447
2024-09,hybrid,uniform,high,0.0026105001699290725,0.0016015496237834776,33
2024-10,hybrid,uniform,calm_down,0.002357294985160767,0.0014696547553678296,34
2024-10,hybrid,uniform,calm_up,0.002357294985160767,0.0014696547553678296,179
2024-10,hybrid,uniform,normal,0.002357294985160767,0.0014696547553678296,420
2024-10,hybrid,uniform,high,0.002357294985160767,0.0014696547553678296,111
2024-11,hybrid,uniform,calm_down,0.0021204004104990455,0.001386921476726933,0
2024-11,hybrid,uniform,calm_up,0.0021204004104990455,0.001386921476726933,10
2024-11,hybrid,uniform,normal,0.0021204004104990455,0.001386921476726933,94
2024-11,hybrid,uniform,high,0.0021204004104990455,0.001386921476726933,616
2024-12,hybrid,uniform,calm_down,0.0026786515685848166,0.0014482464912192554,23
2024-12,hybrid,uniform,calm_up,0.0026786515685848166,0.0014482464912192554,6
2024-12,hybrid,uniform,normal,0.0026786515685848166,0.0014482464912192554,137
2024-12,hybrid,uniform,high,0.0026786515685848166,0.0014482464912192554,578
2024-07,hybrid,state,calm_down,0.0016666698270900262,0.0013750831493645696,48
2024-07,hybrid,state,calm_up,0.0018078369719923954,0.0015154109823146895,29
2024-07,hybrid,state,normal,0.00183448526199489,0.0013475588541103844,496
2024-07,hybrid,state,high,0.004246255685296723,0.002603314758207838,171
2024-08,hybrid,state,calm_down,0.0017476802702494692,0.0014707794085109759,73
2024-08,hybrid,state,calm_up,0.001787607981719199,0.0015134252059699782,0
2024-08,hybrid,state,normal,0.0018355038892876202,0.0013418797952138837,404
2024-08,hybrid,state,high,0.003916652513698655,0.002397268638478253,267
2024-09,hybrid,state,calm_down,0.001732768490079872,0.0014284829724438702,103
2024-09,hybrid,state,calm_up,0.0017724104185625551,0.0015258427594683256,137
2024-09,hybrid,state,normal,0.001868655378159922,0.00136607110499139,447
2024-09,hybrid,state,high,0.004025010022899758,0.0022673781765920734,33
2024-10,hybrid,state,calm_down,0.0016751627785162614,0.0013179024617688924,34
2024-10,hybrid,state,calm_up,0.0015761062084905491,0.0013739003730032064,179
2024-10,hybrid,state,normal,0.0018350138900366689,0.0012967015617984029,420
2024-10,hybrid,state,high,0.0035419551062263943,0.0020037562689968337,111
2024-11,hybrid,state,calm_down,0.0015948064024435794,0.0012808047940207209,0
2024-11,hybrid,state,calm_up,0.0015294617812979803,0.0013027229856832283,10
2024-11,hybrid,state,normal,0.0017686396480000987,0.0011929995421452134,94
2024-11,hybrid,state,high,0.0034501650986073053,0.0018252126129613417,616
2024-12,hybrid,state,calm_down,0.0015941061965949787,0.001264218655133546,23
2024-12,hybrid,state,calm_up,0.0015404795521894,0.001309404498564297,6
2024-12,hybrid,state,normal,0.0015994035139625246,0.0011172111212291787,137
2024-12,hybrid,state,high,0.004102833643168376,0.0022246642426749447,578
2024-07,directional,state,calm_down,0.0003426711564786992,0.0002735643254893347,48
2024-07,directional,state,calm_up,0.00037075822592611685,0.0002950415719596012,29
2024-07,directional,state,normal,0.0005707945485316048,0.00043481850394780613,496
2024-07,directional,state,high,0.0009368186229378313,0.0006165923018562404,171
2024-08,directional,state,calm_down,0.0003544319816105193,0.000277985137533913,73
2024-08,directional,state,calm_up,0.00037537349206309104,0.0002960580465523299,0
2024-08,directional,state,normal,0.0006197064604437486,0.0004404060859374161,404
2024-08,directional,state,high,0.0009407518866792753,0.000599785266602726,267
2024-09,directional,state,calm_down,0.00037889569906016346,0.0002821890954530895,103
2024-09,directional,state,calm_up,0.00037928645271516787,0.00030203433971279643,137
2024-09,directional,state,normal,0.0006626203080986611,0.00044150079548707774,447
2024-09,directional,state,high,0.001065142447678683,0.0005927803110281415,33
2024-10,directional,state,calm_down,0.0004021044578135829,0.00028055332137733393,34
2024-10,directional,state,calm_up,0.0004765303700599433,0.00035103320288105484,179
2024-10,directional,state,normal,0.000701639201393352,0.0004492471042638142,420
2024-10,directional,state,high,0.0011206747978210361,0.0005981888354505595,111
2024-11,directional,state,calm_down,0.0004233816811902533,0.00028813760764993953,0
2024-11,directional,state,calm_up,0.0004668703680729869,0.00032719016512567457,10
2024-11,directional,state,normal,0.0006958978033186361,0.00043686926861650506,94
2024-11,directional,state,high,0.001089126210854368,0.0005988944933133614,616
2024-12,directional,state,calm_down,0.0004321070090305744,0.00029379407799714325,23
2024-12,directional,state,calm_up,0.00046685759053616293,0.00032719016512567457,6
2024-12,directional,state,normal,0.0006922086568002396,0.00042518664863683877,137
2024-12,directional,state,high,0.0016126493718253054,0.0008759576399263382,578
2024-07,calm_specialist,state,calm_down,0.0033212011891528516,0.002715948487539897,48
2024-07,calm_specialist,state,calm_up,0.0036051725365496634,0.002944664561867171,29
2024-07,calm_specialist,state,normal,0.0025648117286340096,0.001893502893550612,496
2024-07,calm_specialist,state,high,0.0052447073718825555,0.0032738755683054083,171
2024-08,calm_specialist,state,calm_down,0.0034859474990833784,0.0029778436795990407,73
2024-08,calm_specialist,state,calm_up,0.0035995440653590442,0.002946990685716237,0
2024-08,calm_specialist,state,normal,0.0025751611122914546,0.0018850352609329428,404
2024-08,calm_specialist,state,high,0.004873563717768224,0.0029714631528459136,267
2024-09,calm_specialist,state,calm_down,0.0034637111103833656,0.002875170400620893,103
2024-09,calm_specialist,state,calm_up,0.0035997785275037387,0.002951244604775803,137
2024-09,calm_specialist,state,normal,0.00267934213885436,0.0019402959674393917,447
2024-09,calm_specialist,state,high,0.004972192570973243,0.002866711305214314,33
2024-10,calm_specialist,state,calm_down,0.0033270832603771575,0.0026195060272973603,34
2024-10,calm_specialist,state,calm_up,0.003126793660271987,0.0027347901769776382,179
2024-10,calm_specialist,state,normal,0.0025926784956418745,0.0018135040556277922,420
2024-10,calm_specialist,state,high,0.00435155522017649,0.002471829198583407,111
2024-11,calm_specialist,state,calm_down,0.0032129483176702627,0.002571910215679675,0
2024-11,calm_specialist,state,calm_up,0.003083005917045311,0.0025892269006265126,10
2024-11,calm_specialist,state,normal,0.002483760673385149,0.0016779263399143826,94
2024-11,calm_specialist,state,high,0.0042560386325393015,0.0022724682739245945,616
2024-12,calm_specialist,state,calm_down,0.0032211649853892458,0.002517837568626398,23
2024-12,calm_specialist,state,calm_up,0.0031004795184135254,0.0025985192260012057,6
2024-12,calm_specialist,state,normal,0.002283652799606799,0.0015790478331855259,137
2024-12,calm_specialist,state,high,0.005068254982822295,0.002763997955037072,578
2024-07,direction_hybrid,state,calm_down,0.00165023448245339,0.0013738375660895365,48
2024-07,direction_hybrid,state,calm_up,0.0018126032915675569,0.0015028900140818596,29
2024-07,direction_hybrid,state,normal,0.0025648117286340096,0.001893502893550612,496
2024-07,direction_hybrid,state,high,0.0052447073718825555,0.0032738755683054083,171
2024-08,direction_hybrid,state,calm_down,0.001741759214033247,0.0014661105053349534,73
2024-08,direction_hybrid,state,calm_up,0.001799380256115972,0.0015022404635810075,0
2024-08,direction_hybrid,state,normal,0.0025751611122914546,0.0018850352609329428,404
2024-08,direction_hybrid,state,high,0.004873563717768224,0.0029714631528459136,267
2024-09,direction_hybrid,state,calm_down,0.0017239294458518495,0.001403726829494043,103
2024-09,direction_hybrid,state,calm_up,0.001771003935508096,0.0015076891502297865,137
2024-09,direction_hybrid,state,normal,0.00267934213885436,0.0019402959674393917,447
2024-09,direction_hybrid,state,high,0.004972192570973243,0.002866711305214314,33
2024-10,direction_hybrid,state,calm_down,0.001662629365485785,0.0013034014556175214,34
2024-10,direction_hybrid,state,calm_up,0.001587891622511293,0.001369650286586162,179
2024-10,direction_hybrid,state,normal,0.0025926784956418745,0.0018135040556277922,420
2024-10,direction_hybrid,state,high,0.00435155522017649,0.002471829198583407,111
2024-11,direction_hybrid,state,calm_down,0.0016183354799237486,0.0012905114831947596,0
2024-11,direction_hybrid,state,calm_up,0.0015457528213174204,0.0012921736578782152,10
2024-11,direction_hybrid,state,normal,0.002483760673385149,0.0016779263399143826,94
2024-11,direction_hybrid,state,high,0.0042560386325393015,0.0022724682739245945,616
2024-12,direction_hybrid,state,calm_down,0.0015891843230348196,0.0012952647053524457,23
2024-12,direction_hybrid,state,calm_up,0.0015613120255841965,0.0013032751450230945,6
2024-12,direction_hybrid,state,normal,0.002283652799606799,0.0015790478331855259,137
2024-12,direction_hybrid,state,high,0.005068254982822295,0.002763997955037072,578
2025-01,direct,uniform,calm_down,0.004774536679484678,0.0023647000151645744,24
2025-01,direct,uniform,calm_up,0.004774536679484678,0.0023647000151645744,24
2025-01,direct,uniform,normal,0.004774536679484678,0.0023647000151645744,313
2025-01,direct,uniform,high,0.004774536679484678,0.0023647000151645744,383
2025-02,direct,uniform,calm_down,0.004994576344185039,0.002748451490040584,39
2025-02,direct,uniform,calm_up,0.004994576344185039,0.002748451490040584,0
2025-02,direct,uniform,normal,0.004994576344185039,0.002748451490040584,175
2025-02,direct,uniform,high,0.004994576344185039,0.002748451490040584,458
2025-03,direct,uniform,calm_down,0.00456597835943957,0.0024128755772216516,68
2025-03,direct,uniform,calm_up,0.00456597835943957,0.0024128755772216516,0
2025-03,direct,uniform,normal,0.00456597835943957,0.0024128755772216516,342
2025-03,direct,uniform,high,0.00456597835943957,0.0024128755772216516,334
2025-04,direct,uniform,calm_down,0.003827315842226557,0.0021011244044258494,99
2025-04,direct,uniform,calm_up,0.003827315842226557,0.0021011244044258494,16
2025-04,direct,uniform,normal,0.003827315842226557,0.0021011244044258494,320
2025-04,direct,uniform,high,0.003827315842226557,0.0021011244044258494,285
2025-05,direct,uniform,calm_down,0.0036513478812678682,0.002034461485429412,0
2025-05,direct,uniform,calm_up,0.0036513478812678682,0.002034461485429412,139
2025-05,direct,uniform,normal,0.0036513478812678682,0.002034461485429412,318
2025-05,direct,uniform,high,0.0036513478812678682,0.002034461485429412,287
2025-06,direct,uniform,calm_down,0.003411091640546119,0.0018802753852194603,213
2025-06,direct,uniform,calm_up,0.003411091640546119,0.0018802753852194603,106
2025-06,direct,uniform,normal,0.003411091640546119,0.0018802753852194603,267
2025-06,direct,uniform,high,0.003411091640546119,0.0018802753852194603,134
2025-01,direct,state,calm_down,0.0028030318816552793,0.0018207163392774566,24
2025-01,direct,state,calm_up,0.0016171858550234558,0.0012770184340996247,24
2025-01,direct,state,normal,0.002413222641299987,0.0016440208291722616,313
2025-01,direct,state,high,0.0058172855801571395,0.0032726120583966155,383
2025-02,direct,state,calm_down,0.0032036146648510727,0.0022193718060974053,39
2025-02,direct,state,calm_up,0.0034584809406599196,0.0023889750733146527,0
2025-02,direct,state,normal,0.0026770986797152087,0.0019202792149315936,175
2025-02,direct,state,high,0.005727077752946074,0.003248816125472571,458
2025-03,direct,state,calm_down,inf,inf,68
2025-03,direct,state,calm_up,0.0031265064898140767,0.002055361522042924,0
2025-03,direct,state,normal,0.0025430654034345078,0.0017995867605150304,342
2025-03,direct,state,high,0.005425246496991573,0.00305793520664348,334
2025-04,direct,state,calm_down,0.0017983908296571956,0.0013411794507300558,99
2025-04,direct,state,calm_up,0.0026928134923036406,0.0018632596533272585,16
2025-04,direct,state,normal,0.0025668510564349533,0.0018182304501749569,320
2025-04,direct,state,high,0.0047122556201554715,0.0025602040149548134,285
2025-05,direct,state,calm_down,0.001545845287176051,0.0011091167439404993,0
2025-05,direct,state,calm_up,0.0025554949693540195,0.0017630329918876064,139
2025-05,direct,state,normal,0.0026606163688494573,0.0018590838290132607,318
2025-05,direct,state,high,0.004446792271152739,0.0023298355294441337,287
2025-06,direct,state,calm_down,0.0015457362676343752,0.0011094741143149564,213
2025-06,direct,state,calm_up,0.0015387883941730134,0.0012250266778705368,106
2025-06,direct,state,normal,0.0026594172265068583,0.0017186377367249537,267
2025-06,direct,state,high,0.004184818116484776,0.002336834785170174,134
2025-01,prototype,state,calm_down,0.000666795536721559,0.0003830449327307003,24
2025-01,prototype,state,calm_up,0.0003951806934827897,0.00025809225981718423,24
2025-01,prototype,state,normal,0.0006671256067981905,0.0003911001068683584,313
2025-01,prototype,state,high,0.0015287864686000805,0.0007547093678728744,383
2025-02,prototype,state,calm_down,0.0006989735858595695,0.00042457090938013097,39
2025-02,prototype,state,calm_up,0.0007767906836208406,0.0004738667159254667,0
2025-02,prototype,state,normal,0.000581970346525088,0.00037074949750290457,175
2025-02,prototype,state,high,0.0014308982863153598,0.0006940581341473906,458
2025-03,prototype,state,calm_down,inf,inf,68
2025-03,prototype,state,calm_up,0.0006413040729499698,0.0004155504485121103,0
2025-03,prototype,state,normal,0.0005687403107175795,0.00037131680313883425,342
2025-03,prototype,state,high,0.0011332846382963902,0.0005778062805926429,334
2025-04,prototype,state,calm_down,0.0003969775444159766,0.00027980942675723773,99
2025-04,prototype,state,calm_up,0.0005711010920898972,0.00039273647244588794,16
2025-04,prototype,state,normal,0.0005302104666037814,0.0003711166715949828,320
2025-04,prototype,state,high,0.0009141423938228432,0.000557244697667917,285
2025-05,prototype,state,calm_down,0.00035252993193550557,0.00026416911488946033,0
2025-05,prototype,state,calm_up,0.0005272861853020264,0.0003585960938636602,139
2025-05,prototype,state,normal,0.0005103412371326988,0.0003581006413206601,318
2025-05,prototype,state,high,0.000874529476772317,0.0005210658184042242,287
2025-06,prototype,state,calm_down,0.0003409746567278571,0.0002551932973638523,213
2025-06,prototype,state,calm_up,0.00034411647464488817,0.0002202236556361198,106
2025-06,prototype,state,normal,0.0004893817606402109,0.0003328808313801091,267
2025-06,prototype,state,high,0.0008324465833990411,0.0005053557828719086,134
2025-01,hybrid,uniform,calm_down,0.003822305355580772,0.0018053381446702002,24
2025-01,hybrid,uniform,calm_up,0.003822305355580772,0.0018053381446702002,24
2025-01,hybrid,uniform,normal,0.003822305355580772,0.0018053381446702002,313
2025-01,hybrid,uniform,high,0.003822305355580772,0.0018053381446702002,383
2025-02,hybrid,uniform,calm_down,0.004045453672590069,0.002105500417575179,39
2025-02,hybrid,uniform,calm_up,0.004045453672590069,0.002105500417575179,0
2025-02,hybrid,uniform,normal,0.004045453672590069,0.002105500417575179,175
2025-02,hybrid,uniform,high,0.004045453672590069,0.002105500417575179,458
2025-03,hybrid,uniform,calm_down,0.0036323467176604413,0.0018378095574296414,68
2025-03,hybrid,uniform,calm_up,0.0036323467176604413,0.0018378095574296414,0
2025-03,hybrid,uniform,normal,0.0036323467176604413,0.0018378095574296414,342
2025-03,hybrid,uniform,high,0.0036323467176604413,0.0018378095574296414,334
2025-04,hybrid,uniform,calm_down,0.0030139100828916283,0.0015787295634414242,99
2025-04,hybrid,uniform,calm_up,0.0030139100828916283,0.0015787295634414242,16
2025-04,hybrid,uniform,normal,0.0030139100828916283,0.0015787295634414242,320
2025-04,hybrid,uniform,high,0.0030139100828916283,0.0015787295634414242,285
2025-05,hybrid,uniform,calm_down,0.0027971355712808972,0.0015097765895675111,0
2025-05,hybrid,uniform,calm_up,0.0027971355712808972,0.0015097765895675111,139
2025-05,hybrid,uniform,normal,0.0027971355712808972,0.0015097765895675111,318
2025-05,hybrid,uniform,high,0.0027971355712808972,0.0015097765895675111,287
2025-06,hybrid,uniform,calm_down,0.0025571988251936366,0.0014234389168839893,213
2025-06,hybrid,uniform,calm_up,0.0025571988251936366,0.0014234389168839893,106
2025-06,hybrid,uniform,normal,0.0025571988251936366,0.0014234389168839893,267
2025-06,hybrid,uniform,high,0.0025571988251936366,0.0014234389168839893,134
2025-01,hybrid,state,calm_down,0.0021733930691698214,0.0014517646583259397,24
2025-01,hybrid,state,calm_up,0.00155989584842269,0.0012692883845303433,24
2025-01,hybrid,state,normal,0.0017125903183578797,0.0011671911294168524,313
2025-01,hybrid,state,high,0.0046905749005599325,0.002647284324428431,383
2025-02,hybrid,state,calm_down,0.0025174076758724606,0.0016709834038978388,39
2025-02,hybrid,state,calm_up,0.0027354425461759437,0.001829237754973055,0
2025-02,hybrid,state,normal,0.0018748765460725667,0.0013557019489340088,175
2025-02,hybrid,state,high,0.00459587299252143,0.0026139500401831366,458
2025-03,hybrid,state,calm_down,inf,inf,68
2025-03,hybrid,state,calm_up,0.0024437040597344566,0.0015717649885894395,0
2025-03,hybrid,state,normal,0.0017847920352039377,0.0012664054401796655,342
2025-03,hybrid,state,high,0.004357173302066142,0.002452001029603823,334
2025-04,hybrid,state,calm_down,0.001325616921361264,0.0010361248681382256,99
2025-04,hybrid,state,calm_up,0.00201219742019687,0.001390592706299832,16
2025-04,hybrid,state,normal,0.0018201863667351912,0.0012663440498787747,320
2025-04,hybrid,state,high,0.0037792028001518716,0.002074993194542776,285
2025-05,hybrid,state,calm_down,0.0012166980058564525,0.0009697851875772375,0
2025-05,hybrid,state,calm_up,0.00190317469003672,0.0013332277262744802,139
2025-05,hybrid,state,normal,0.0018704960535387116,0.0013043479839583657,318
2025-05,hybrid,state,high,0.003566574415012967,0.0018755791451506593,287
2025-06,hybrid,state,calm_down,0.0011383676089908776,0.000923874888943092,213
2025-06,hybrid,state,calm_up,0.0014791119011385845,0.0012157880846125492,106
2025-06,hybrid,state,normal,0.0018684505428811823,0.001212335024615307,267
2025-06,hybrid,state,high,0.0033518808602507402,0.0018728448988975935,134
2025-01,directional,state,calm_down,0.0007534874105253825,0.0004415785057761935,24
2025-01,directional,state,calm_up,0.0004703829504468549,0.00031887631169313745,24
2025-01,directional,state,normal,0.0007131277528373182,0.0004394641096324948,313
2025-01,directional,state,high,0.001635407282219086,0.0008759576399263382,383
2025-02,directional,state,calm_down,0.000759437244792485,0.0004567478789599651,39
2025-02,directional,state,calm_up,0.0008531865404265448,0.0005033915285480742,0
2025-02,directional,state,normal,0.0006151557958231177,0.000396675972496897,175
2025-02,directional,state,high,0.0014828077277550232,0.0007717472717792202,458
2025-03,directional,state,calm_down,inf,inf,68
2025-03,directional,state,calm_up,0.0006639559124147392,0.0004428498868398921,0
2025-03,directional,state,normal,0.0005838762499209127,0.00040088882765584204,342
2025-03,directional,state,high,0.001134144790466244,0.0006121503135871038,334
2025-04,directional,state,calm_down,0.00036309307239245026,0.00029796846956015087,99
2025-04,directional,state,calm_up,0.0005796882843470836,0.00041486432362527575,16
2025-04,directional,state,normal,0.0005426600583017929,0.00039974634350092706,320
2025-04,directional,state,high,0.0009351265192978535,0.0005812387711114947,285
2025-05,directional,state,calm_down,0.0003334627533383163,0.000254953720071359,0
2025-05,directional,state,calm_up,0.0005378844306155087,0.0003857228437919983,139
2025-05,directional,state,normal,0.0005243241641815446,0.0003923227841719446,318
2025-05,directional,state,high,0.0008788325144784973,0.0005476315838357876,287
2025-06,directional,state,calm_down,0.0003257783439331721,0.0002532949091264749,213
2025-06,directional,state,calm_up,0.0003610672375277273,0.00024868362921290544,106
2025-06,directional,state,normal,0.0005031273950394113,0.0003677063347148838,267
2025-06,directional,state,high,0.0008319828309120498,0.0005187152364121401,134
2025-01,calm_specialist,state,calm_down,0.003009635786636796,0.0021140180487068255,24
2025-01,calm_specialist,state,calm_up,0.0031234032933157704,0.0025017224365166775,24
2025-01,calm_specialist,state,normal,0.002413222641299987,0.0016440208291722616,313
2025-01,calm_specialist,state,high,0.0058172855801571395,0.0032726120583966155,383
2025-02,calm_specialist,state,calm_down,0.003219691513361662,0.0022952761294282613,39
2025-02,calm_specialist,state,calm_up,0.0034662620565730023,0.002476811409732594,0
2025-02,calm_specialist,state,normal,0.0026770986797152087,0.0019202792149315936,175
2025-02,calm_specialist,state,high,0.005727077752946074,0.003248816125472571,458
2025-03,calm_specialist,state,calm_down,inf,inf,68
2025-03,calm_specialist,state,calm_up,0.0031683663279511655,0.0021599837527437604,0
2025-03,calm_specialist,state,normal,0.0025430654034345078,0.0017995867605150304,342
2025-03,calm_specialist,state,high,0.005425246496991573,0.00305793520664348,334
2025-04,calm_specialist,state,calm_down,0.0027134416303325904,0.002069391851597626,99
2025-04,calm_specialist,state,calm_up,0.002760929938262684,0.001937091414071469,16
2025-04,calm_specialist,state,normal,0.0025668510564349533,0.0018182304501749569,320
2025-04,calm_specialist,state,high,0.0047122556201554715,0.0025602040149548134,285
2025-05,calm_specialist,state,calm_down,0.0024282299598216424,0.001843843395400473,0
2025-05,calm_specialist,state,calm_up,0.0026711130385471855,0.001880925657150925,139
2025-05,calm_specialist,state,normal,0.0026606163688494573,0.0018590838290132607,318
2025-05,calm_specialist,state,high,0.004446792271152739,0.0023298355294441337,287
2025-06,calm_specialist,state,calm_down,0.0023203076725408,0.0017928008101976214,213
2025-06,calm_specialist,state,calm_up,0.0028291828386370287,0.0023630780021443084,106
2025-06,calm_specialist,state,normal,0.0026594172265068583,0.0017186377367249537,267
2025-06,calm_specialist,state,high,0.004184818116484776,0.002336834785170174,134
2025-01,direction_hybrid,state,calm_down,0.002783042271362118,0.0017830328540712904,24
2025-01,direction_hybrid,state,calm_up,0.001562187910537159,0.0012756171416448984,24
2025-01,direction_hybrid,state,normal,0.002413222641299987,0.0016440208291722616,313
2025-01,direction_hybrid,state,high,0.0058172855801571395,0.0032726120583966155,383
2025-02,direction_hybrid,state,calm_down,0.0032029603679065875,0.002198033667113379,39
2025-02,direction_hybrid,state,calm_up,0.0034584809406599196,0.002378313328783539,0
2025-02,direction_hybrid,state,normal,0.0026770986797152087,0.0019202792149315936,175
2025-02,direction_hybrid,state,high,0.005727077752946074,0.003248816125472571,458
2025-03,direction_hybrid,state,calm_down,inf,inf,68
2025-03,direction_hybrid,state,calm_up,0.0031236410023525872,0.002046501887961699,0
2025-03,direction_hybrid,state,normal,0.0025430654034345078,0.0017995867605150304,342
2025-03,direction_hybrid,state,high,0.005425246496991573,0.00305793520664348,334
2025-04,direction_hybrid,state,calm_down,0.0013368739461991003,0.0010425615045508516,99
2025-04,direction_hybrid,state,calm_up,0.0026716759676937677,0.0018160856029950843,16
2025-04,direction_hybrid,state,normal,0.0025668510564349533,0.0018182304501749569,320
2025-04,direction_hybrid,state,high,0.0047122556201554715,0.0025602040149548134,285
2025-05,direction_hybrid,state,calm_down,0.001233349262992965,0.0009814604811666779,0
2025-05,direction_hybrid,state,calm_up,0.002507907826787656,0.001695107115009964,139
2025-05,direction_hybrid,state,normal,0.0026606163688494573,0.0018590838290132607,318
2025-05,direction_hybrid,state,high,0.004446792271152739,0.0023298355294441337,287
2025-06,direction_hybrid,state,calm_down,0.0011548423527742533,0.0009339007685220481,213
2025-06,direction_hybrid,state,calm_up,0.0014588050492294288,0.0011912185176941933,106
2025-06,direction_hybrid,state,normal,0.0026594172265068583,0.0017186377367249537,267
2025-06,direction_hybrid,state,high,0.004184818116484776,0.002336834785170174,134
2025-07,direct,uniform,calm_down,0.0030377266380482554,0.0016312785448559712,143
2025-07,direct,uniform,calm_up,0.0030377266380482554,0.0016312785448559712,105
2025-07,direct,uniform,normal,0.0030377266380482554,0.0016312785448559712,263
2025-07,direct,uniform,high,0.0030377266380482554,0.0016312785448559712,233
2025-08,direct,uniform,calm_down,0.0028088981120079196,0.0015885300805236376,0
2025-08,direct,uniform,calm_up,0.0028088981120079196,0.0015885300805236376,102
2025-08,direct,uniform,normal,0.0028088981120079196,0.0015885300805236376,452
2025-08,direct,uniform,high,0.0028088981120079196,0.0015885300805236376,190
2025-09,direct,uniform,calm_down,0.0025507978741266825,0.0015716384477421391,27
2025-09,direct,uniform,calm_up,0.0025507978741266825,0.0015716384477421391,395
2025-09,direct,uniform,normal,0.0025507978741266825,0.0015716384477421391,261
2025-09,direct,uniform,high,0.0025507978741266825,0.0015716384477421391,37
2025-10,direct,uniform,calm_down,0.0023642275863398916,0.001549483585739667,86
2025-10,direct,uniform,calm_up,0.0023642275863398916,0.001549483585739667,111
2025-10,direct,uniform,normal,0.0023642275863398916,0.001549483585739667,329
2025-10,direct,uniform,high,0.0023642275863398916,0.001549483585739667,218
2025-11,direct,uniform,calm_down,0.0023289764673233592,0.0015452166156041632,116
2025-11,direct,uniform,calm_up,0.0023289764673233592,0.0015452166156041632,0
2025-11,direct,uniform,normal,0.0023289764673233592,0.0015452166156041632,274
2025-11,direct,uniform,high,0.0023289764673233592,0.0015452166156041632,330
2025-12,direct,uniform,calm_down,0.0025663672741325794,0.001594117420155838,302
2025-12,direct,uniform,calm_up,0.0025663672741325794,0.001594117420155838,24
2025-12,direct,uniform,normal,0.0025663672741325794,0.001594117420155838,342
2025-12,direct,uniform,high,0.0025663672741325794,0.001594117420155838,76
2025-07,direct,state,calm_down,0.0013630521175219859,0.0010372972863697794,143
2025-07,direct,state,calm_up,0.0016322863854398074,0.0012851100288413812,105
2025-07,direct,state,normal,0.0023998472848931075,0.001514538945824379,263
2025-07,direct,state,high,0.0040471307553437055,0.0023547627031914003,233
2025-08,direct,state,calm_down,0.0014052886000377462,0.0010950227638149266,0
2025-08,direct,state,calm_up,0.0015495366832339729,0.001215996494338591,102
2025-08,direct,state,normal,0.0022817460527292115,0.0014919447653496992,452
2025-08,direct,state,high,0.0036820186927763324,0.0023451587817722975,190
2025-09,direct,state,calm_down,0.0014052886000377462,0.0010950227638149266,27
2025-09,direct,state,calm_up,0.0015178699346786815,0.001208210530495797,395
2025-09,direct,state,normal,0.0021581555754353887,0.0014801251824086386,261
2025-09,direct,state,high,0.0033216649229990663,0.0022548618709682224,37
2025-10,direct,state,calm_down,0.001283085579834555,0.0009888620961626142,86
2025-10,direct,state,calm_up,0.001498866333492959,0.0011943005302153169,111
2025-10,direct,state,normal,0.0021234139335196103,0.00155080797598395,329
2025-10,direct,state,high,0.0030020934848438334,0.0021251534560201486,218
2025-11,direct,state,calm_down,0.0013356181791127706,0.001002207626090387,116
2025-11,direct,state,calm_up,0.0015702697855292317,0.0012372804142319765,0
2025-11,direct,state,normal,0.0020720320616071813,0.0014817437494454042,274
2025-11,direct,state,high,0.003068793541424231,0.0020725782659416947,330
2025-12,direct,state,calm_down,0.0013657846498709516,0.001058779451360259,302
2025-12,direct,state,calm_up,0.0015874415969226417,0.0012349809584784573,24
2025-12,direct,state,normal,0.002137143524609798,0.0015099911014414694,342
2025-12,direct,state,high,0.00319764369979644,0.0022021562590648245,76
2025-07,prototype,state,calm_down,0.0003351477010572651,0.00024281255229958014,143
2025-07,prototype,state,calm_up,0.00034828419425703583,0.00022977297267087637,105
2025-07,prototype,state,normal,0.00046137264153109635,0.00029992115603886627,263
2025-07,prototype,state,high,0.000723457410656761,0.0004759919355844602,233
2025-08,prototype,state,calm_down,0.0003357132386484423,0.0002379389179279841,0
2025-08,prototype,state,calm_up,0.0003487812326302364,0.00023157534548683703,102
2025-08,prototype,state,normal,0.0004922950671134159,0.0003134071682384132,452
2025-08,prototype,state,high,0.0007639930650959595,0.0004956843745844704,190
2025-09,prototype,state,calm_down,0.0003357132386484423,0.0002379389179279841,27
2025-09,prototype,state,calm_up,0.0003571867935935329,0.00026223799113108363,395
2025-09,prototype,state,normal,0.0005309539686138154,0.0003512133862212098,261
2025-09,prototype,state,high,0.0008174757354577368,0.0005228410965297781,37
2025-10,prototype,state,calm_down,0.00030742140495151595,0.00019613283198101003,86
2025-10,prototype,state,calm_up,0.0003817477386648113,0.00028203674749205544,111
2025-10,prototype,state,normal,0.0005463099743658579,0.0003703387312844867,329
2025-10,prototype,state,high,0.0008259160716081035,0.0005278904258308066,218
2025-11,prototype,state,calm_down,0.00034013355894522377,0.0002433591015251892,116
2025-11,prototype,state,calm_up,0.00039469826763413417,0.0002889873877568731,0
2025-11,prototype,state,normal,0.0005391320231555878,0.00037206276895782227,274
2025-11,prototype,state,high,0.000878073848140382,0.0005142001536414702,330
2025-12,prototype,state,calm_down,0.00033725285231471475,0.000242138599734614,302
2025-12,prototype,state,calm_up,0.00039480940120599636,0.00028613499290433336,24
2025-12,prototype,state,normal,0.0005386284319426813,0.0003680390711092903,342
2025-12,prototype,state,high,0.0008500406151348793,0.0004977266139484254,76
2025-07,hybrid,uniform,calm_down,0.0023006159203531433,0.0012483076516455662,143
2025-07,hybrid,uniform,calm_up,0.0023006159203531433,0.0012483076516455662,105
2025-07,hybrid,uniform,normal,0.0023006159203531433,0.0012483076516455662,263
2025-07,hybrid,uniform,high,0.0023006159203531433,0.0012483076516455662,233
2025-08,hybrid,uniform,calm_down,0.002151465072748763,0.001213947914426512,0
2025-08,hybrid,uniform,calm_up,0.002151465072748763,0.001213947914426512,102
2025-08,hybrid,uniform,normal,0.002151465072748763,0.001213947914426512,452
2025-08,hybrid,uniform,high,0.002151465072748763,0.001213947914426512,190
2025-09,hybrid,uniform,calm_down,0.0019095367573758008,0.0011567256215462905,27
2025-09,hybrid,uniform,calm_up,0.0019095367573758008,0.0011567256215462905,395
2025-09,hybrid,uniform,normal,0.0019095367573758008,0.0011567256215462905,261
2025-09,hybrid,uniform,high,0.0019095367573758008,0.0011567256215462905,37
2025-10,hybrid,uniform,calm_down,0.0017748378360792712,0.0011442997358760165,86
2025-10,hybrid,uniform,calm_up,0.0017748378360792712,0.0011442997358760165,111
2025-10,hybrid,uniform,normal,0.0017748378360792712,0.0011442997358760165,329
2025-10,hybrid,uniform,high,0.0017748378360792712,0.0011442997358760165,218
2025-11,hybrid,uniform,calm_down,0.001727039855393845,0.001146121887638784,116
2025-11,hybrid,uniform,calm_up,0.001727039855393845,0.001146121887638784,0
2025-11,hybrid,uniform,normal,0.001727039855393845,0.001146121887638784,274
2025-11,hybrid,uniform,high,0.001727039855393845,0.001146121887638784,330
2025-12,hybrid,uniform,calm_down,0.001927876509207758,0.0011935866989536072,302
2025-12,hybrid,uniform,calm_up,0.001927876509207758,0.0011935866989536072,24
2025-12,hybrid,uniform,normal,0.001927876509207758,0.0011935866989536072,342
2025-12,hybrid,uniform,high,0.001927876509207758,0.0011935866989536072,76
2025-07,hybrid,state,calm_down,0.0011093626493048165,0.0008579738059804234,143
2025-07,hybrid,state,calm_up,0.0014002178455010342,0.001135093846557414,105
2025-07,hybrid,state,normal,0.0016984332852037487,0.001067891656590805,263
2025-07,hybrid,state,high,0.003276502674849853,0.001884398591823601,233
2025-08,hybrid,state,calm_down,0.0011089432050393536,0.0008695884857778226,0
2025-08,hybrid,state,calm_up,0.001286165612972291,0.0010257453988230106,102
2025-08,hybrid,state,normal,0.0015991078281481779,0.0010567563276589367,452
2025-08,hybrid,state,high,0.002958309735783243,0.0018899933019643753,190
2025-09,hybrid,state,calm_down,0.0011089432050393536,0.0008695884857778226,27
2025-09,hybrid,state,calm_up,0.0010934375531615984,0.0009083950972983961,395
2025-09,hybrid,state,normal,0.001517311954814614,0.001056482972067416,261
2025-09,hybrid,state,high,0.0026732845375718813,0.0018047211058530126,37
2025-10,hybrid,state,calm_down,0.0010079244046932705,0.00079947937902789,86
2025-10,hybrid,state,calm_up,0.0011301557398384952,0.0009040102169984372,111
2025-10,hybrid,state,normal,0.0014952896458695526,0.001093203778312785,329
2025-10,hybrid,state,high,0.0024353862068665516,0.001712313418440451,218
2025-11,hybrid,state,calm_down,0.001108732465577357,0.0008218366749640346,116
2025-11,hybrid,state,calm_up,0.0011891556913468835,0.0009523440997585666,0
2025-11,hybrid,state,normal,0.0014678244752991563,0.0010549156068093458,274
2025-11,hybrid,state,high,0.0025075482787391664,0.001658108615504889,330
2025-12,hybrid,state,calm_down,0.0011091564751861045,0.0008301467075082197,302
2025-12,hybrid,state,calm_up,0.0012171217499128946,0.0009482728628138641,24
2025-12,hybrid,state,normal,0.0015208171453454705,0.0010623769105721672,342
2025-12,hybrid,state,high,0.002582244578013651,0.0017557375506127193,76
2025-07,directional,state,calm_down,0.0003172455286921338,0.00024777127812607977,143
2025-07,directional,state,calm_up,0.00035474169599458396,0.00025765624944746457,105
2025-07,directional,state,normal,0.0004818545141670976,0.000337331872848998,263
2025-07,directional,state,high,0.0007368563578353649,0.00047364544651111673,233
2025-08,directional,state,calm_down,0.00031447785455507727,0.00023680188662991095,0
2025-08,directional,state,calm_up,0.0003345369400477096,0.00023250172005647023,102
2025-08,directional,state,normal,0.0004864944739792423,0.00033105044717846954,452
2025-08,directional,state,high,0.000775329070393546,0.0004894049620342292,190
2025-09,directional,state,calm_down,0.00031447785455507727,0.00023680188662991095,27
2025-09,directional,state,calm_up,0.0003183482597705834,0.00023041588773777905,395
2025-09,directional,state,normal,0.0005028487891500935,0.00035021545514514593,261
2025-09,directional,state,high,0.0007885536971412794,0.0004808678963140736,37
2025-10,directional,state,calm_down,0.0002848154276261985,0.0002049711008947771,86
2025-10,directional,state,calm_up,0.00033430826213954636,0.00024044386711014398,111
2025-10,directional,state,normal,0.0005169258808785041,0.000355223925515329,329
2025-10,directional,state,high,0.0007942336759991073,0.0004900264591138204,218
2025-11,directional,state,calm_down,0.0003017105716790685,0.00021803926156407861,116
2025-11,directional,state,calm_up,0.000340396089112145,0.00025493399277922183,0
2025-11,directional,state,normal,0.0005136012914689319,0.00034630794629837914,274
2025-11,directional,state,high,0.0008183285865588941,0.0004856464136643979,330
2025-12,directional,state,calm_down,0.0002919976635515516,0.00021670911487414878,302
2025-12,directional,state,calm_up,0.0003493981966992078,0.00026509383229079145,24
2025-12,directional,state,normal,0.0005058394230010046,0.0003304188183441919,342
2025-12,directional,state,high,0.0008030487953374339,0.000460365961452614,76
2025-07,calm_specialist,state,calm_down,0.0021252590473065922,0.0017243295132848533,143
2025-07,calm_specialist,state,calm_up,0.0027160798726626645,0.0022568345319681515,105
2025-07,calm_specialist,state,normal,0.0023998472848931075,0.001514538945824379,263
2025-07,calm_specialist,state,high,0.0040471307553437055,0.0023547627031914003,233
2025-08,calm_specialist,state,calm_down,0.0021218065961599937,0.001758646370014266,0
2025-08,calm_specialist,state,calm_up,0.002521901661726905,0.0020412754037780973,102
2025-08,calm_specialist,state,normal,0.0022817460527292115,0.0014919447653496992,452
2025-08,calm_specialist,state,high,0.0036820186927763324,0.0023451587817722975,190
2025-09,calm_specialist,state,calm_down,0.0021218065961599937,0.001758646370014266,27
2025-09,calm_specialist,state,calm_up,0.00214234656817539,0.0018138389355240583,395
2025-09,calm_specialist,state,normal,0.0021581555754353887,0.0014801251824086386,261
2025-09,calm_specialist,state,high,0.0033216649229990663,0.0022548618709682224,37
2025-10,calm_specialist,state,calm_down,0.0019833315186858114,0.0016515189391905578,86
2025-10,calm_specialist,state,calm_up,0.0022405707470901834,0.0018124669224839907,111
2025-10,calm_specialist,state,normal,0.0021234139335196103,0.00155080797598395,329
2025-10,calm_specialist,state,high,0.0030020934848438334,0.0021251534560201486,218
2025-11,calm_specialist,state,calm_down,0.0022029138684680778,0.001615574636771343,116
2025-11,calm_specialist,state,calm_up,0.0023408510612472357,0.0018796663641584335,0
2025-11,calm_specialist,state,normal,0.0020720320616071813,0.0014817437494454042,274
2025-11,calm_specialist,state,high,0.003068793541424231,0.0020725782659416947,330
2025-12,calm_specialist,state,calm_down,0.0021657068498057474,0.0016215033143547413,302
2025-12,calm_specialist,state,calm_up,0.0024074788086892018,0.0018774350462657055,24
2025-12,calm_specialist,state,normal,0.002137143524609798,0.0015099911014414694,342
2025-12,calm_specialist,state,high,0.00319764369979644,0.0022021562590648245,76
2025-07,direction_hybrid,state,calm_down,0.0010928942244724195,0.0008748339298522834,143
2025-07,direction_hybrid,state,calm_up,0.0013974345858835016,0.0011284261830730466,105
2025-07,direction_hybrid,state,normal,0.0023998472848931075,0.001514538945824379,263
2025-07,direction_hybrid,state,high,0.0040471307553437055,0.0023547627031914003,233
2025-08,direction_hybrid,state,calm_down,0.0010928911894752373,0.0008802384916942884,0
2025-08,direction_hybrid,state,calm_up,0.0012658854780786444,0.00101532488495182,102
2025-08,direction_hybrid,state,normal,0.0022817460527292115,0.0014919447653496992,452
2025-08,direction_hybrid,state,high,0.0036820186927763324,0.0023451587817722975,190
2025-09,direction_hybrid,state,calm_down,0.0010928911894752373,0.0008802384916942884,27
2025-09,direction_hybrid,state,calm_up,0.0010890317663195357,0.0009141999095810859,395
2025-09,direction_hybrid,state,normal,0.0021581555754353887,0.0014801251824086386,261
2025-09,direction_hybrid,state,high,0.0033216649229990663,0.0022548618709682224,37
2025-10,direction_hybrid,state,calm_down,0.0010120750323797173,0.0008041484324502434,86
2025-10,direction_hybrid,state,calm_up,0.0011211370810213725,0.0008984090233031788,111
2025-10,direction_hybrid,state,normal,0.0021234139335196103,0.00155080797598395,329
2025-10,direction_hybrid,state,high,0.0030020934848438334,0.0021251534560201486,218
2025-11,direction_hybrid,state,calm_down,0.001106149790377317,0.0008259548435615456,116
2025-11,direction_hybrid,state,calm_up,0.0011839638557106533,0.0009477830680395682,0
2025-11,direction_hybrid,state,normal,0.0020720320616071813,0.0014817437494454042,274
2025-11,direction_hybrid,state,high,0.003068793541424231,0.0020725782659416947,330
2025-12,direction_hybrid,state,calm_down,0.0010999159020272482,0.0008238051564502639,302
2025-12,direction_hybrid,state,calm_up,0.0012072610995596405,0.0009486854857073022,24
2025-12,direction_hybrid,state,normal,0.002137143524609798,0.0015099911014414694,342
2025-12,direction_hybrid,state,high,0.00319764369979644,0.0022021562590648245,76
2026-01,direct,uniform,calm_down,0.0026170323366949185,0.001559615304957105,144
2026-01,direct,uniform,calm_up,0.0026170323366949185,0.001559615304957105,227
2026-01,direct,uniform,normal,0.0026170323366949185,0.001559615304957105,288
2026-01,direct,uniform,high,0.0026170323366949185,0.001559615304957105,85
2026-02,direct,uniform,calm_down,0.0023797718735114478,0.0013734776431653017,93
2026-02,direct,uniform,calm_up,0.0023797718735114478,0.0013734776431653017,0
2026-02,direct,uniform,normal,0.0023797718735114478,0.0013734776431653017,318
2026-02,direct,uniform,high,0.0023797718735114478,0.0013734776431653017,261
2026-03,direct,uniform,calm_down,0.0021435304354412033,0.0012981848865341941,129
2026-03,direct,uniform,calm_up,0.0021435304354412033,0.0012981848865341941,243
2026-03,direct,uniform,normal,0.0021435304354412033,0.0012981848865341941,250
2026-03,direct,uniform,high,0.0021435304354412033,0.0012981848865341941,122
2026-04,direct,uniform,calm_down,0.002186245157572387,0.0012891309965060145,259
2026-04,direct,uniform,calm_up,0.002186245157572387,0.0012891309965060145,334
2026-04,direct,uniform,normal,0.002186245157572387,0.0012891309965060145,127
2026-04,direct,uniform,high,0.002186245157572387,0.0012891309965060145,0
2026-05,direct,uniform,calm_down,0.0021435510783314347,0.0012160144461913808,270
2026-05,direct,uniform,calm_up,0.0021435510783314347,0.0012160144461913808,392
2026-05,direct,uniform,normal,0.0021435510783314347,0.0012160144461913808,82
2026-05,direct,uniform,high,0.0021435510783314347,0.0012160144461913808,0
2026-06,direct,uniform,calm_down,0.0017444008536519318,0.001063939530245191,205
2026-06,direct,uniform,calm_up,0.0017444008536519318,0.001063939530245191,0
2026-06,direct,uniform,normal,0.0017444008536519318,0.001063939530245191,323
2026-06,direct,uniform,high,0.0017444008536519318,0.001063939530245191,192
2026-01,direct,state,calm_down,0.001349805715132239,0.0010699692997856506,144
2026-01,direct,state,calm_up,0.0017618750858624079,0.001322775319234369,227
2026-01,direct,state,normal,0.0021590287253652205,0.0014682922822376104,288
2026-01,direct,state,high,0.0032923867276109307,0.0021675845812689984,85
2026-02,direct,state,calm_down,0.0012360990786382281,0.0009596227327939192,93
2026-02,direct,state,calm_up,0.0012992672559629746,0.0009801160618038904,0
2026-02,direct,state,normal,0.0020417105829316383,0.001377624848434723,318
2026-02,direct,state,high,0.003037769731331695,0.001976093312451186,261
2026-03,direct,state,calm_down,0.0012164810080460158,0.0009528617688240021,129
2026-03,direct,state,calm_up,0.0012992672559629746,0.0009801160618038904,243
2026-03,direct,state,normal,0.0018535493956997433,0.0012751809800580448,250
2026-03,direct,state,high,0.0031240755487686785,0.0017917861330799245,122
2026-04,direct,state,calm_down,0.0011675646221916797,0.0009251941232144963,259
2026-04,direct,state,calm_up,0.0013301345032611853,0.0010074582482085298,334
2026-04,direct,state,normal,0.0017992477229759698,0.0012358824852354722,127
2026-04,direct,state,high,0.0031569118746829447,0.001920813201944428,0
2026-05,direct,state,calm_down,0.0011975606768176333,0.0008589084276389269,270
2026-05,direct,state,calm_up,0.001252661567514902,0.0009236025004653019,392
2026-05,direct,state,normal,0.001780580735321966,0.0012012903304949533,82
2026-05,direct,state,high,0.0033622135187899574,0.0020434363224811573,0
2026-06,direct,state,calm_down,0.001134371720242763,0.0008531562719972483,205
2026-06,direct,state,calm_up,0.0011912450134939692,0.0008946230761245869,0
2026-06,direct,state,normal,0.001797525381203183,0.0011746827881884375,323
2026-06,direct,state,high,inf,inf,192
2026-01,prototype,state,calm_down,0.00032569051067089924,0.00024207067925091397,144
2026-01,prototype,state,calm_up,0.0003949556446329194,0.00026606315770230833,227
2026-01,prototype,state,normal,0.0005390759933215556,0.00036893504249232864,288
2026-01,prototype,state,high,0.0008395050634324824,0.0005035078695501228,85
2026-02,prototype,state,calm_down,0.00028372625280623725,0.0001906035655964286,93
2026-02,prototype,state,calm_up,0.00023181605341957156,0.00018429358434693,0
2026-02,prototype,state,normal,0.00047958040877954137,0.0002872520107460301,318
2026-02,prototype,state,high,0.0007741250200291418,0.0004184837820508559,261
2026-03,prototype,state,calm_down,0.000269454751675327,0.00017431579267571096,129
2026-03,prototype,state,calm_up,0.00023181605341957156,0.00018429358434693,243
2026-03,prototype,state,normal,0.00038705734138197423,0.00024128179988069318,250
2026-03,prototype,state,high,0.0005537629912072653,0.00029308174549700944,122
2026-04,prototype,state,calm_down,0.00020333207789004025,0.00014470635794053705,259
2026-04,prototype,state,calm_up,0.0002154639581178188,0.0001644622859676997,334
2026-04,prototype,state,normal,0.00031307294868203653,0.0001987625138727885,127
2026-04,prototype,state,high,0.000472783325953926,0.0002601770354577608,0
2026-05,prototype,state,calm_down,0.00019351162885209683,0.0001354534443479059,270
2026-05,prototype,state,calm_up,0.0001865147824872731,0.00012989807239146178,392
2026-05,prototype,state,normal,0.00030586448473180633,0.0001899586547290561,82
2026-05,prototype,state,high,0.0004757491440100449,0.0002514551682188791,0
2026-06,prototype,state,calm_down,0.00019037277846571172,0.00013068391471164525,205
2026-06,prototype,state,calm_up,0.00018693722475360587,0.00012998407768609194,0
2026-06,prototype,state,normal,0.00030345699660005526,0.00019663652431605534,323
2026-06,prototype,state,high,inf,inf,192
2026-01,hybrid,uniform,calm_down,0.0019808692874588806,0.001189012532780773,144
2026-01,hybrid,uniform,calm_up,0.0019808692874588806,0.001189012532780773,227
2026-01,hybrid,uniform,normal,0.0019808692874588806,0.001189012532780773,288
2026-01,hybrid,uniform,high,0.0019808692874588806,0.001189012532780773,85
2026-02,hybrid,uniform,calm_down,0.0017567029420366188,0.0010698005212307993,93
2026-02,hybrid,uniform,calm_up,0.0017567029420366188,0.0010698005212307993,0
2026-02,hybrid,uniform,normal,0.0017567029420366188,0.0010698005212307993,318
2026-02,hybrid,uniform,high,0.0017567029420366188,0.0010698005212307993,261
2026-03,hybrid,uniform,calm_down,0.0016165706448228526,0.0010074813025912235,129
2026-03,hybrid,uniform,calm_up,0.0016165706448228526,0.0010074813025912235,243
2026-03,hybrid,uniform,normal,0.0016165706448228526,0.0010074813025912235,250
2026-03,hybrid,uniform,high,0.0016165706448228526,0.0010074813025912235,122
2026-04,hybrid,uniform,calm_down,0.0016666511738994058,0.001015043984980569,259
2026-04,hybrid,uniform,calm_up,0.0016666511738994058,0.001015043984980569,334
2026-04,hybrid,uniform,normal,0.0016666511738994058,0.001015043984980569,127
2026-04,hybrid,uniform,high,0.0016666511738994058,0.001015043984980569,0
2026-05,hybrid,uniform,calm_down,0.0016371977108950429,0.0009698132507071326,270
2026-05,hybrid,uniform,calm_up,0.0016371977108950429,0.0009698132507071326,392
2026-05,hybrid,uniform,normal,0.0016371977108950429,0.0009698132507071326,82
2026-05,hybrid,uniform,high,0.0016371977108950429,0.0009698132507071326,0
2026-06,hybrid,uniform,calm_down,0.0013934714753544547,0.0008572691421200145,205
2026-06,hybrid,uniform,calm_up,0.0013934714753544547,0.0008572691421200145,0
2026-06,hybrid,uniform,normal,0.0013934714753544547,0.0008572691421200145,323
2026-06,hybrid,uniform,high,0.0013934714753544547,0.0008572691421200145,192
2026-01,hybrid,state,calm_down,0.001099484272506797,0.0008805564147753351,144
2026-01,hybrid,state,calm_up,0.0012594219767636749,0.0009511398873157989,227
2026-01,hybrid,state,normal,0.0015301307841755576,0.0010360778363379178,288
2026-01,hybrid,state,high,0.0026653977266575296,0.0017500833406578259,85
2026-02,hybrid,state,calm_down,0.0010481565635578544,0.0008065880910599201,93
2026-02,hybrid,state,calm_up,0.0010703543233873307,0.000808610213984133,0
2026-02,hybrid,state,normal,0.0014560650604599045,0.0009813087639681825,318
2026-02,hybrid,state,high,0.002427750738173637,0.0015974840146412684,261
2026-03,hybrid,state,calm_down,0.0010301087613754265,0.0008302198408993016,129
2026-03,hybrid,state,calm_up,0.0010703543233873307,0.000808610213984133,243
2026-03,hybrid,state,normal,0.0013104050806772797,0.0009049123690048944,250
2026-03,hybrid,state,high,0.0025331758484101277,0.0014342003956854697,122
2026-04,hybrid,state,calm_down,0.0010874287100347854,0.0008805233019461175,259
2026-04,hybrid,state,calm_up,0.0010587820156115278,0.0008428829858413541,334
2026-04,hybrid,state,normal,0.0012739335861574352,0.0008728124853197294,127
2026-04,hybrid,state,high,0.002540107549370475,0.0015449473102145538,0
2026-05,hybrid,state,calm_down,0.0010600224072706752,0.0007861697994251642,270
2026-05,hybrid,state,calm_up,0.0010359538316961471,0.0008004451662703562,392
2026-05,hybrid,state,normal,0.001265883230258037,0.0008451815438543327,82
2026-05,hybrid,state,high,0.0026761606390758087,0.0016312272085955396,0
2026-06,hybrid,state,calm_down,0.0010261277976155014,0.0007475260491306499,205
2026-06,hybrid,state,calm_up,0.000960438113038341,0.0007372437986395727,0
2026-06,hybrid,state,normal,0.0012674709995082658,0.0008294364789117755,323
2026-06,hybrid,state,high,inf,inf,192
2026-01,directional,state,calm_down,0.0002802893959047675,0.00021633344175711855,144
2026-01,directional,state,calm_up,0.0003213016165077631,0.00022861400622901598,227
2026-01,directional,state,normal,0.0004890744937999389,0.0003285250058130283,288
2026-01,directional,state,high,0.0007966859160199659,0.00046247534312212534,85
2026-02,directional,state,calm_down,0.0002528067473224409,0.0001794619763729765,93
2026-02,directional,state,calm_up,0.00021923876986160268,0.0001656415788730427,0
2026-02,directional,state,normal,0.000433092098831432,0.0002816672225482242,318
2026-02,directional,state,high,0.00071298484764001,0.0003984088552710403,261
2026-03,directional,state,calm_down,0.0002432218321696708,0.00016807861940337375,129
2026-03,directional,state,calm_up,0.00021923876986160268,0.0001656415788730427,243
2026-03,directional,state,normal,0.00036268002876528604,0.0002406446121313207,250
2026-03,directional,state,high,0.0005243275655219253,0.0002882429047385775,122
2026-04,directional,state,calm_down,0.00019439218827316273,0.0001363448073068391,259
2026-04,directional,state,calm_up,0.0002076046175666468,0.0001519515292029236,334
2026-04,directional,state,normal,0.0003038825941248091,0.00019348608797203223,127
2026-04,directional,state,high,0.00045799778251104064,0.00024748893082908235,0
2026-05,directional,state,calm_down,0.0001842278788171782,0.0001297933844628016,270
2026-05,directional,state,calm_up,0.00018327557808065105,0.00012574646674707332,392
2026-05,directional,state,normal,0.0003005374723655754,0.00018503473203913235,82
2026-05,directional,state,high,0.00046731147331490565,0.0002369036410607844,0
2026-06,directional,state,calm_down,0.00017335385852104026,0.00012112929215758595,205
2026-06,directional,state,calm_up,0.0001832166140346288,0.00012477525494757554,0
2026-06,directional,state,normal,0.00030295578544206733,0.0001930942986997283,323
2026-06,directional,state,high,inf,inf,192
2026-01,calm_specialist,state,calm_down,0.0021652498233619213,0.0017226880043177198,144
2026-01,calm_specialist,state,calm_up,0.0024977648556466408,0.0018995556073645992,227
2026-01,calm_specialist,state,normal,0.0021590287253652205,0.0014682922822376104,288
2026-01,calm_specialist,state,high,0.0032923867276109307,0.0021675845812689984,85
2026-02,calm_specialist,state,calm_down,0.0020418678404906603,0.001615845522895593,93
2026-02,calm_specialist,state,calm_up,0.002105203594977757,0.001568976942971074,0
2026-02,calm_specialist,state,normal,0.0020417105829316383,0.001377624848434723,318
2026-02,calm_specialist,state,high,0.003037769731331695,0.001976093312451186,261
2026-03,calm_specialist,state,calm_down,0.0020481870748988887,0.0016507590430910042,129
2026-03,calm_specialist,state,calm_up,0.002105203594977757,0.001568976942971074,243
2026-03,calm_specialist,state,normal,0.0018535493956997433,0.0012751809800580448,250
2026-03,calm_specialist,state,high,0.0031240755487686785,0.0017917861330799245,122
2026-04,calm_specialist,state,calm_down,0.0021556336561283406,0.0017389225515062432,259
2026-04,calm_specialist,state,calm_up,0.0020986501323486456,0.0016526395810260558,334
2026-04,calm_specialist,state,normal,0.0017992477229759698,0.0012358824852354722,127
2026-04,calm_specialist,state,high,0.0031569118746829447,0.001920813201944428,0
2026-05,calm_specialist,state,calm_down,0.0021111128222318825,0.0015469569891174983,270
2026-05,calm_specialist,state,calm_up,0.0020794960565239553,0.0015648555726312152,392
2026-05,calm_specialist,state,normal,0.001780580735321966,0.0012012903304949533,82
2026-05,calm_specialist,state,high,0.0033622135187899574,0.0020434363224811573,0
2026-06,calm_specialist,state,calm_down,0.0020492072465880307,0.0014723961281499938,205
2026-06,calm_specialist,state,calm_up,0.0019173559860041181,0.001459892651842254,0
2026-06,calm_specialist,state,normal,0.001797525381203183,0.0011746827881884375,323
2026-06,calm_specialist,state,high,inf,inf,192
2026-01,direction_hybrid,state,calm_down,0.0010950526138731277,0.0008716803637114168,144
2026-01,direction_hybrid,state,calm_up,0.001266630522413822,0.000950067669157241,227
2026-01,direction_hybrid,state,normal,0.0021590287253652205,0.0014682922822376104,288
2026-01,direction_hybrid,state,high,0.0032923867276109307,0.0021675845812689984,85
2026-02,direction_hybrid,state,calm_down,0.0010374699969187902,0.0008146218400965757,93
2026-02,direction_hybrid,state,calm_up,0.0010729857674790743,0.0008053550063789908,0
2026-02,direction_hybrid,state,normal,0.0020417105829316383,0.001377624848434723,318
2026-02,direction_hybrid,state,high,0.003037769731331695,0.001976093312451186,261
2026-03,direction_hybrid,state,calm_down,0.0010311971729362825,0.0008350165890502982,129
2026-03,direction_hybrid,state,calm_up,0.0010729857674790743,0.0008053550063789908,243
2026-03,direction_hybrid,state,normal,0.0018535493956997433,0.0012751809800580448,250
2026-03,direction_hybrid,state,high,0.0031240755487686785,0.0017917861330799245,122
2026-04,direction_hybrid,state,calm_down,0.001088151445257241,0.0008806847850660459,259
2026-04,direction_hybrid,state,calm_up,0.0010618057600532181,0.0008419904893634286,334
2026-04,direction_hybrid,state,normal,0.0017992477229759698,0.0012358824852354722,127
2026-04,direction_hybrid,state,high,0.0031569118746829447,0.001920813201944428,0
2026-05,direction_hybrid,state,calm_down,0.0010639727573164672,0.0007768486253683033,270
2026-05,direction_hybrid,state,calm_up,0.001036578161759092,0.0007965506080007441,392
2026-05,direction_hybrid,state,normal,0.001780580735321966,0.0012012903304949533,82
2026-05,direction_hybrid,state,high,0.0033622135187899574,0.0020434363224811573,0
2026-06,direction_hybrid,state,calm_down,0.001022643774313567,0.0007437778963279636,205
2026-06,direction_hybrid,state,calm_up,0.0009630956219604411,0.0007344483604757088,0
2026-06,direction_hybrid,state,normal,0.001797525381203183,0.0011746827881884375,323
2026-06,direction_hybrid,state,high,inf,inf,192
2026-07,direct,uniform,calm_down,0.0017281999665422385,0.001107531192527167,165
2026-07,direct,uniform,calm_up,0.0017281999665422385,0.001107531192527167,456
2026-07,direct,uniform,normal,0.0017281999665422385,0.001107531192527167,123
2026-07,direct,uniform,high,0.0017281999665422385,0.001107531192527167,0
2026-08,direct,uniform,calm_down,0.0017695935081337604,0.0011825560861873552,210
2026-08,direct,uniform,calm_up,0.0017695935081337604,0.0011825560861873552,271
2026-08,direct,uniform,normal,0.0017695935081337604,0.0011825560861873552,123
2026-08,direct,uniform,high,0.0017695935081337604,0.0011825560861873552,140
2026-09,direct,uniform,calm_down,0.001891919480744004,0.0012299017214863484,0
2026-09,direct,uniform,calm_up,0.001891919480744004,0.0012299017214863484,157
2026-09,direct,uniform,normal,0.001891919480744004,0.0012299017214863484,229
2026-09,direct,uniform,high,0.001891919480744004,0.0012299017214863484,46
2026-07,direct,state,calm_down,0.0012098029224851387,0.0008882706658002913,165
2026-07,direct,state,calm_up,0.0011269383121098155,0.0008599143849847167,456
2026-07,direct,state,normal,0.0015372361414627994,0.0011823463374529566,123
2026-07,direct,state,high,0.002946972474416401,0.0019233318894619105,0
2026-08,direct,state,calm_down,0.001264270060920231,0.000959003352078725,210
2026-08,direct,state,calm_up,0.0012732541369479895,0.0009616952066992515,271
2026-08,direct,state,normal,0.001554747974834183,0.0012188773232962129,123
2026-08,direct,state,high,0.002946972474416401,0.0019233318894619105,140
2026-09,direct,state,calm_down,0.0012840277417445602,0.0009581691047966812,0
2026-09,direct,state,calm_up,0.0013151144243071027,0.0009674601408751395,157
2026-09,direct,state,normal,0.0015578770935989396,0.0012047579011229893,229
2026-09,direct,state,high,0.002859165789516341,0.0019455826354731788,46
2026-07,prototype,state,calm_down,0.00019276043638640053,0.00012886991022694014,165
2026-07,prototype,state,calm_up,0.0001826894015495973,0.00012696584115522738,456
2026-07,prototype,state,normal,0.00030244783283174125,0.00019224750471973637,123
2026-07,prototype,state,high,0.0005570580540085588,0.00030331892203490043,0
2026-08,prototype,state,calm_down,0.00020512532350860273,0.00013913788762375437,210
2026-08,prototype,state,calm_up,0.00020693214637655864,0.00014402425020619322,271
2026-08,prototype,state,normal,0.00031123032043653935,0.0001973464468637164,123
2026-08,prototype,state,high,0.0005570580540085588,0.00030331892203490043,140
2026-09,prototype,state,calm_down,0.00020951351579802968,0.0001475288364352429,0
2026-09,prototype,state,calm_up,0.00020550221531944696,0.0001455033558410455,157
2026-09,prototype,state,normal,0.0003090881384485738,0.00019747417236904617,229
2026-09,prototype,state,high,0.0005909758373126092,0.00033230692680149854,46
2026-07,hybrid,uniform,calm_down,0.0014101889539277737,0.000873572730931898,165
2026-07,hybrid,uniform,calm_up,0.0014101889539277737,0.000873572730931898,456
2026-07,hybrid,uniform,normal,0.0014101889539277737,0.000873572730931898,123
2026-07,hybrid,uniform,high,0.0014101889539277737,0.000873572730931898,0
2026-08,hybrid,uniform,calm_down,0.0014032883293169218,0.0008608033054282091,210
2026-08,hybrid,uniform,calm_up,0.0014032883293169218,0.0008608033054282091,271
2026-08,hybrid,uniform,normal,0.0014032883293169218,0.0008608033054282091,123
2026-08,hybrid,uniform,high,0.0014032883293169218,0.0008608033054282091,140
2026-09,hybrid,uniform,calm_down,0.0014118140923536635,0.0008424233303142109,0
2026-09,hybrid,uniform,calm_up,0.0014118140923536635,0.0008424233303142109,157
2026-09,hybrid,uniform,normal,0.0014118140923536635,0.0008424233303142109,229
2026-09,hybrid,uniform,high,0.0014118140923536635,0.0008424233303142109,46
2026-07,hybrid,state,calm_down,0.0010728767325692266,0.0007746154605512555,165
2026-07,hybrid,state,calm_up,0.000930553061517206,0.0007022242064143267,456
2026-07,hybrid,state,normal,0.001080536068622164,0.000834933963993906,123
2026-07,hybrid,state,high,0.0023480202325459,0.0015476767632391167,0
2026-08,hybrid,state,calm_down,0.0010481946290684726,0.0007474056579360053,210
2026-08,hybrid,state,calm_up,0.0008973298406500657,0.0006727468411957089,271
2026-08,hybrid,state,normal,0.0011070439855302883,0.000843862694424178,123
2026-08,hybrid,state,high,0.0023480202325459,0.0015476767632391167,140
2026-09,hybrid,state,calm_down,0.0009289563913542615,0.0006195876157360294,0
2026-09,hybrid,state,calm_up,0.0008555595790609714,0.0005988792569796616,157
2026-09,hybrid,state,normal,0.0011109268550923961,0.0008434309183972766,229
2026-09,hybrid,state,high,0.002281459700066563,0.001570061395939194,46
2026-07,directional,state,calm_down,0.0001795004498235843,0.00012034015524549851,165
2026-07,directional,state,calm_up,0.00017860612039579513,0.0001212960646356011,456
2026-07,directional,state,normal,0.000300721064072706,0.00019471713090612425,123
2026-07,directional,state,high,0.0005405279571883036,0.0003053128710515384,0
2026-08,directional,state,calm_down,0.00019603942378542823,0.00012767309602595847,210
2026-08,directional,state,calm_up,0.00019298708195459533,0.0001302234706326915,271
2026-08,directional,state,normal,0.0003028718101610216,0.0001954247475391007,123
2026-08,directional,state,high,0.0005405279571883036,0.0003053128710515384,140
2026-09,directional,state,calm_down,0.00020106959129449287,0.0001323544812244882,0
2026-09,directional,state,calm_up,0.00018532192752800667,0.0001297374956739355,157
2026-09,directional,state,normal,0.0003034014221092111,0.0001913710965213718,229
2026-09,directional,state,high,0.0005802791512832591,0.00032844204693542877,46
2026-07,calm_specialist,state,calm_down,0.002132611746604485,0.001509418169044912,165
2026-07,calm_specialist,state,calm_up,0.0018343421836710821,0.0013806344737870447,456
2026-07,calm_specialist,state,normal,0.0015372361414627994,0.0011823463374529566,123
2026-07,calm_specialist,state,high,0.002946972474416401,0.0019233318894619105,0
2026-08,calm_specialist,state,calm_down,0.002111429587363401,0.0014610116555047437,210
2026-08,calm_specialist,state,calm_up,0.0017944017182626032,0.0013440927370803905,271
2026-08,calm_specialist,state,normal,0.001554747974834183,0.0012188773232962129,123
2026-08,calm_specialist,state,high,0.002946972474416401,0.0019233318894619105,140
2026-09,calm_specialist,state,calm_down,0.0018366792497459038,0.0012058233841299372,0
2026-09,calm_specialist,state,calm_up,0.0016983424455411314,0.0011816889249806088,157
2026-09,calm_specialist,state,normal,0.0015578770935989396,0.0012047579011229893,229
2026-09,calm_specialist,state,high,0.002859165789516341,0.0019455826354731788,46
2026-07,direction_hybrid,state,calm_down,0.0010742933605392413,0.0007714088195041548,165
2026-07,direction_hybrid,state,calm_up,0.0009331812024808487,0.0007015246718426426,456
2026-07,direction_hybrid,state,normal,0.0015372361414627994,0.0011823463374529566,123
2026-07,direction_hybrid,state,high,0.002946972474416401,0.0019233318894619105,0
2026-08,direction_hybrid,state,calm_down,0.00104407934745804,0.0007422132297176587,210
2026-08,direction_hybrid,state,calm_up,0.0008996030547548089,0.0006703874963637813,271
2026-08,direction_hybrid,state,normal,0.001554747974834183,0.0012188773232962129,123
2026-08,direction_hybrid,state,high,0.002946972474416401,0.0019233318894619105,140
2026-09,direction_hybrid,state,calm_down,0.0009221568202290867,0.0006168682623306081,0
2026-09,direction_hybrid,state,calm_up,0.0008488070765506744,0.0005903491634722022,157
2026-09,direction_hybrid,state,normal,0.0015578770935989396,0.0012047579011229893,229
2026-09,direction_hybrid,state,high,0.002859165789516341,0.0019455826354731788,46
