policy,best_days_deleted,remaining_return
buy_hold,1,0.08310322500020689
buy_hold,5,-0.35798020153969307
buy_hold,10,-0.624176012542206
fixed_beta_035,1,0.0316791607621162
fixed_beta_035,5,-0.15693110058116058
fixed_beta_035,10,-0.3245671633361511
vol_control,1,0.19176873721710375
vol_control,5,-0.15506162633750037
vol_control,10,-0.3661831304180802
trend24,1,-0.20005200580051785
trend24,5,-0.34835268791601665
trend24,10,-0.4733738293833545
trend168,1,0.2181910985035642
trend168,5,-0.01681419180937156
trend168,10,-0.20908910993583474
trend_multi,1,0.06912873186532387
trend_multi,5,-0.15345424802165625
trend_multi,10,-0.3185443200657479
trend_multi_long_only,1,0.13118951241141802
trend_multi_long_only,5,-0.10431396344236854
trend_multi_long_only,10,-0.2668917207265927
state_ridge,1,0.5230996164196386
state_ridge,5,0.1823435420297073
state_ridge,10,-0.050936013326677666
state_tree,1,0.025722554520175276
state_tree,5,-0.1833455979694259
state_tree,10,-0.3589221590397223
state_tree_long_only,1,0.08142239051834595
state_tree_long_only,5,-0.13741293327459086
state_tree_long_only,10,-0.32286478466091945
trend_state_risk,1,0.06912873186532387
trend_state_risk,5,-0.15345424802165625
trend_state_risk,10,-0.3185443200657479
state_tree_review2h,1,0.08477348848419204
state_tree_review2h,5,-0.13024871859534562
state_tree_review2h,10,-0.31601176677104087
state_tree_review8h,1,0.17249781349776594
state_tree_review8h,5,-0.06399475267964129
state_tree_review8h,10,-0.2713726645075144
state_tree_penalty0.08,1,0.057351165711409795
state_tree_penalty0.08,5,-0.16635577471330568
state_tree_penalty0.08,10,-0.3512092572589458
state_tree_penalty0.16,1,0.03987113025973495
state_tree_penalty0.16,5,-0.1542970484726962
state_tree_penalty0.16,10,-0.31766549490585544
state_tree_known_risk,1,0.04500381116987302
state_tree_known_risk,5,-0.14036728658465739
state_tree_known_risk,10,-0.29711353204431046
x2_no_internal,1,0.40112718126727864
x2_no_internal,5,0.11057210384823828
x2_no_internal,10,-0.137081264421956
x2_soft_local,1,0.25813695220519894
x2_soft_local,5,-0.02327608357381935
x2_soft_local,10,-0.2360748327194472
x2_tree,1,0.371696774536113
x2_tree,5,0.08724475058756814
x2_tree,10,-0.15353516961057848
x2_tree_long_only,1,0.20971978585888704
x2_tree_long_only,5,-0.041142684539883304
x2_tree_long_only,10,-0.25521258168240996
