model,fold,state,hours,independent_calendar_days,mse_z,ic,direction_bias_bp,down_brier,tail_brier
historical_mean,2024-01-01,downtrend,628,86,1.5773014935893013,,-18.878125094078424,0.24830739143844563,0.08384029682141228
historical_mean,2024-01-01,mixed,1875,159,1.3105180983927462,1.2912865588872038e-16,-20.4265256122748,0.249316701883648,0.05904362403096506
historical_mean,2024-01-01,risk_expansion,932,73,1.2331228017701334,1.0384439535802969e-16,-1.2121512064705742,0.24886356966854672,0.10143763219752086
historical_mean,2024-01-01,uptrend,933,120,1.0122414455715731,5.799168541301483e-17,13.41477451139701,0.2504575973231399,0.0402149637169026
historical_mean,2024-07-01,downtrend,635,93,2.2425205938550943,,60.153800385090385,0.2513573470532084,0.15717914814417935
historical_mean,2024-07-01,mixed,1774,154,0.9645034221652746,-9.208655534954204e-18,-4.070013400966934,0.24866331571123448,0.05321445293577056
historical_mean,2024-07-01,risk_expansion,975,81,1.438358362874152,,12.165871797043279,0.24951611616222566,0.10096807180008072
historical_mean,2024-07-01,uptrend,1032,115,0.7762644613287818,,-13.529974541127716,0.24859224381338452,0.02329530803170005
historical_mean,2025-01-01,downtrend,642,93,1.945594520862436,,14.11474328619382,0.2475008140463564,0.12071160669379741
historical_mean,2025-01-01,mixed,1900,158,0.9785928425703107,4.9251578251817925e-17,27.689796274859695,0.25022641142712376,0.05093955172462055
historical_mean,2025-01-01,risk_expansion,944,81,1.9272846226730622,3.2721543895839536e-17,-25.27371792624951,0.24797542791784663,0.07149276066045836
historical_mean,2025-01-01,uptrend,858,106,0.9409706421574509,-3.623920111812919e-18,46.14936674068235,0.2536183242375311,0.04682551835684363
historical_mean,2025-07-01,downtrend,741,96,0.9571732805616473,3.7912136636879223e-17,-12.117849128167741,0.24701179839512138,0.050048312108280646
historical_mean,2025-07-01,mixed,1710,166,1.2723600808986124,,9.555468128431002,0.24879537043364597,0.08454143907722246
historical_mean,2025-07-01,risk_expansion,892,76,1.4130621430674097,9.103851955230129e-17,13.671974239850845,0.24912260547413742,0.06760309365555105
historical_mean,2025-07-01,uptrend,1073,112,0.9105752686557711,3.292847558408191e-17,15.606850742762182,0.2516348912431345,0.04885700297005176
historical_mean,2026-01-01,downtrend,882,103,1.38913953717724,-2.0437027521438045e-17,67.34862089654158,0.2523134393772397,0.10266269012172444
historical_mean,2026-01-01,mixed,1742,158,1.0653898740244894,,2.334584175323557,0.24911532945797266,0.05917430798408903
historical_mean,2026-01-01,risk_expansion,977,77,1.2927435619232472,8.216050495955761e-17,76.67650246012911,0.25434736927610907,0.1294491171505981
historical_mean,2026-01-01,uptrend,743,92,0.8487224976585541,-7.648939609132842e-17,21.840171099254952,0.2516645395821314,0.04062760172222967
historical_mean,2026-07-01,downtrend,356,44,0.6937014073014155,-7.853645031131116e-18,-53.57847992040213,0.244738099852932,0.004936815903176892
historical_mean,2026-07-01,mixed,893,77,2.574942805669486,,-36.75500940371642,0.2482296051723906,0.028035809213119274
historical_mean,2026-07-01,risk_expansion,349,32,1.328657948193362,-3.28638202955541e-17,-45.66232543131615,0.24871768148658385,0.014787532725420707
historical_mean,2026-07-01,uptrend,442,53,4.571604024969647,2.7588631543958356e-17,-74.35296699059656,0.24737353436933515,0.06910576705803097
state_ridge,2024-01-01,downtrend,628,86,1.6558683842384736,0.036059228246753096,-57.745462346719556,0.25103364255421845,0.08345333458094457
state_ridge,2024-01-01,mixed,1875,159,1.4269165336088205,-0.034542037205886604,-38.11913888693643,0.26639063462843604,0.0600988143526168
state_ridge,2024-01-01,risk_expansion,932,73,1.2219230925395717,0.1533039687628424,-20.190024295464998,0.25781016714025945,0.09904058564866139
state_ridge,2024-01-01,uptrend,933,120,1.0200644763569635,0.17471701250013655,-35.11530640222259,0.2527511835625349,0.038923019014518445
state_ridge,2024-07-01,downtrend,635,93,2.2106084311330543,0.013488428644648236,40.59462662155404,0.2548795061130415,0.15460521945325695
state_ridge,2024-07-01,mixed,1774,154,1.0058410115187075,-0.06740962434095309,-6.65619428049563,0.25079789849651346,0.05408565135606348
state_ridge,2024-07-01,risk_expansion,975,81,1.4566534512093552,0.06583321285870948,28.961857007905053,0.25510328730811804,0.09905272043013737
state_ridge,2024-07-01,uptrend,1032,115,0.8096725149871076,-0.023576507525630484,-3.833218813035198,0.2475117486678505,0.02417589645070166
state_ridge,2025-01-01,downtrend,642,93,1.8892648503476657,0.17713060335769926,4.467605112225799,0.25169425394510037,0.11341839552827242
state_ridge,2025-01-01,mixed,1900,158,1.0001716396594413,0.016956072076598078,31.19112092210328,0.25409678192583235,0.04980423427615461
state_ridge,2025-01-01,risk_expansion,944,81,1.7779357994379892,0.3768993131341662,-20.94533388764673,0.2377431717670233,0.06869387149002118
state_ridge,2025-01-01,uptrend,858,106,0.978987780474838,-0.03092101969934775,49.35185311795093,0.24897845028948257,0.04784137595716384
state_ridge,2025-07-01,downtrend,741,96,0.9486129628832961,0.14507233470401337,-28.086650531412893,0.24046179776472346,0.05228306156456925
state_ridge,2025-07-01,mixed,1710,166,1.2594073762248936,0.10326454205730612,-2.41462681315048,0.2512289698844936,0.08298129017721072
state_ridge,2025-07-01,risk_expansion,892,76,1.3916839067027011,0.1263094950968561,13.83796839300534,0.2573403734053769,0.06822746587424519
state_ridge,2025-07-01,uptrend,1073,112,0.8792026483091422,0.18745030681005193,11.2106041415027,0.24819037491123622,0.04974232051245996
state_ridge,2026-01-01,downtrend,882,103,1.4020650022795524,0.09000023409017427,74.50035314943165,0.26095812456646256,0.09772225275649918
state_ridge,2026-01-01,mixed,1742,158,1.1295024864525725,-0.005928347621483611,26.35370445601233,0.25243069078264624,0.06027137916091499
state_ridge,2026-01-01,risk_expansion,977,77,1.3865860450238476,0.057744702153302054,101.39504875257565,0.26225113311891374,0.12445698037264284
state_ridge,2026-01-01,uptrend,743,92,1.024466705627446,-0.1387395023727529,72.30091355962895,0.2635401321269843,0.0423906140896356
state_ridge,2026-07-01,downtrend,356,44,0.720955455868485,-0.15224411657788867,-47.213109883183236,0.2350222926379796,0.006586499387494595
state_ridge,2026-07-01,mixed,893,77,2.5350790004174755,0.04516635461004575,-16.450833742391577,0.24961922342684847,0.0280186933534924
state_ridge,2026-07-01,risk_expansion,349,32,1.2908671845436213,0.04991684538328762,-6.734824347563899,0.24870892695583416,0.013836245741246268
state_ridge,2026-07-01,uptrend,442,53,4.4552462668679444,-0.0042928964288723925,-33.95364296022587,0.25247166820545225,0.07255541828855323
state_tree,2024-01-01,downtrend,628,86,1.6750802477136426,-0.11998055417450561,-42.85265902720008,0.24618612483827168,0.08724027005988154
state_tree,2024-01-01,mixed,1875,159,1.3772051479159235,-0.03909240949810862,-35.49328382444351,0.2542035729206575,0.06284743929839959
state_tree,2024-01-01,risk_expansion,932,73,1.2021452738597869,0.16712007465516437,-3.3662585703780947,0.24498273334253198,0.10132419204495843
state_tree,2024-01-01,uptrend,933,120,0.955429927282766,0.24034486029997087,11.915493841548473,0.25192316997001996,0.04113137497059892
state_tree,2024-07-01,downtrend,635,93,2.184496473645125,0.19801339866122872,62.16977075740709,0.2547425247406869,0.14639951421798902
state_tree,2024-07-01,mixed,1774,154,0.9847266284250524,-0.009362399944701767,3.7129731486337363,0.2504141002911957,0.051855249603409086
state_tree,2024-07-01,risk_expansion,975,81,1.5039543959546808,0.013171532105637327,35.90664986543514,0.25444232000784045,0.09480913146264049
state_tree,2024-07-01,uptrend,1032,115,0.8172075453727783,-0.04504994929003259,9.48595494735389,0.25994442910537124,0.023957440314584626
state_tree,2025-01-01,downtrend,642,93,1.8915963665322397,0.1669597044431126,8.590056405183445,0.2458692873304619,0.11488358088226205
state_tree,2025-01-01,mixed,1900,158,0.988156545833244,0.04793262705479613,26.648989467273122,0.2522906995476087,0.05091871549061327
state_tree,2025-01-01,risk_expansion,944,81,1.9381759134275964,0.06023465054772198,-8.753380730544166,0.2529226904286906,0.07418483969110608
state_tree,2025-01-01,uptrend,858,106,0.9987139867258856,-0.037027573694157566,57.238438511729264,0.2532645086640368,0.047770619892494356
state_tree,2025-07-01,downtrend,741,96,0.9612460833240792,0.04909743789146099,-15.477740131978512,0.24778737640256493,0.051434480017455625
state_tree,2025-07-01,mixed,1710,166,1.2476745904113127,0.14739183901703098,8.090785781426296,0.2543824947026097,0.08472329273468707
state_tree,2025-07-01,risk_expansion,892,76,1.3686369838135066,0.204623087514422,24.675832649664375,0.25247779636623136,0.07079170557104816
state_tree,2025-07-01,uptrend,1073,112,0.9003895673457135,0.15022883468451367,32.27528704243536,0.2502364922708226,0.049285179969197096
state_tree,2026-01-01,downtrend,882,103,1.385446666614809,0.15779739657550138,81.52641759206587,0.25481698496698013,0.09746424479941378
state_tree,2026-01-01,mixed,1742,158,1.0846493437016103,-0.02099351884297386,18.42767986784714,0.2519442321456196,0.059380232014369476
state_tree,2026-01-01,risk_expansion,977,77,1.526610855521191,-0.19107551991132288,122.92732589138615,0.269445820980986,0.12999065320301753
state_tree,2026-01-01,uptrend,743,92,0.9503102945487855,-0.2075909300159812,57.00095035157435,0.2547533318228429,0.04006741680414984
state_tree,2026-07-01,downtrend,356,44,0.7054639150918146,-0.124050450146593,-48.49429351556419,0.23740027017107343,0.00705541878650542
state_tree,2026-07-01,mixed,893,77,2.567777971139655,-0.02403351456885643,-26.386807081469048,0.24957683011716797,0.028026224084902417
state_tree,2026-07-01,risk_expansion,349,32,1.4474226910959787,-0.5177771181846778,-28.176278357750313,0.2555121671415814,0.014454115114538516
state_tree,2026-07-01,uptrend,442,53,4.5544454014598035,-0.07478535498029283,-59.38740339439018,0.26200705395639273,0.07020267366860528
x2_no_internal,2024-01-01,downtrend,628,86,1.6563195471501244,-0.05549076665976003,-40.00112767360435,0.23920442784283868,0.09260207459013055
x2_no_internal,2024-01-01,mixed,1875,159,1.3885235965112444,-0.0478290587043459,-36.24700893245981,0.2612208025486729,0.06445453106343775
x2_no_internal,2024-01-01,risk_expansion,932,73,1.1640259255865983,0.23709347380977253,-6.729973709641769,0.24715286326380517,0.0988349463288724
x2_no_internal,2024-01-01,uptrend,933,120,0.9713589145023798,0.20052750324141363,12.28481003501966,0.2567872629210296,0.04228050323002286
x2_no_internal,2024-07-01,downtrend,635,93,2.1224172948702256,0.37176159585346863,68.84070413267375,0.25369227356339336,0.14326263626231042
x2_no_internal,2024-07-01,mixed,1774,154,0.973408553012673,0.06161233332333569,12.459511199642188,0.25103585476042406,0.05179877688366273
x2_no_internal,2024-07-01,risk_expansion,975,81,1.423280196779669,0.11647907857557971,16.701028208511442,0.25574124298722734,0.09658539217125693
x2_no_internal,2024-07-01,uptrend,1032,115,0.8293002785646393,-0.08587664070585184,9.423086380876889,0.25348192272463144,0.024564574552560652
x2_no_internal,2025-01-01,downtrend,642,93,1.884473458645499,0.16417420611957775,1.256873214437641,0.24545714545775413,0.11023015573778451
x2_no_internal,2025-01-01,mixed,1900,158,0.9981059061808595,0.0157435402472504,31.080110594133938,0.25378153965482914,0.05239435417635929
x2_no_internal,2025-01-01,risk_expansion,944,81,1.9296729450939698,0.09571475333107646,-21.507944785492658,0.24174428236012838,0.07818000169461704
x2_no_internal,2025-01-01,uptrend,858,106,0.9759636184718082,0.003927490457362109,56.5470621214783,0.2514212363182267,0.04724452382875923
x2_no_internal,2025-07-01,downtrend,741,96,0.9725308785528883,-0.006222898733794925,-5.0670595450217935,0.2488530879507776,0.05091334959311141
x2_no_internal,2025-07-01,mixed,1710,166,1.2719527382387668,0.05161300142588974,11.325198612684614,0.2562900474490329,0.08404856368986052
x2_no_internal,2025-07-01,risk_expansion,892,76,1.4057046533610007,0.0991271257316147,18.23775803843889,0.2485081497463816,0.07108185549389828
x2_no_internal,2025-07-01,uptrend,1073,112,0.893599233680982,0.16982035397378015,29.67087374919334,0.24962997712810606,0.04843425963393331
x2_no_internal,2026-01-01,downtrend,882,103,1.4251931319330695,0.10067887335787583,90.39408236216838,0.25040267760376045,0.09983710972399744
x2_no_internal,2026-01-01,mixed,1742,158,1.0922791061180313,-0.057692229198694954,21.98761282391656,0.2507154810983477,0.05959926763436713
x2_no_internal,2026-01-01,risk_expansion,977,77,1.4873993253831665,-0.10912292255296446,121.53706438681677,0.26825431859461235,0.1315509835607582
x2_no_internal,2026-01-01,uptrend,743,92,0.932132417851392,-0.22503318100223527,53.987212996392024,0.25716801589210897,0.039935367353817475
x2_no_internal,2026-07-01,downtrend,356,44,0.7207878252537502,-0.2542794096412075,-50.81536162792575,0.23635161159975554,0.006480986392873653
x2_no_internal,2026-07-01,mixed,893,77,2.570817959947233,-0.01519454265002506,-29.2847968746675,0.2467859367606907,0.027883359058004008
x2_no_internal,2026-07-01,risk_expansion,349,32,1.4591875536988888,-0.424798287532585,-19.749419303872706,0.25238590908984726,0.013148515590679404
x2_no_internal,2026-07-01,uptrend,442,53,4.516284395172033,0.005027657329465555,-58.8129339507482,0.2609015865745478,0.07047616838398978
x2_soft_local,2024-01-01,downtrend,628,86,1.6481078818384154,-0.12136875282891457,7.7268036324861145,0.23776041274030824,0.08681160230756814
x2_soft_local,2024-01-01,mixed,1875,159,1.3951217488240844,-0.0955707703143422,17.05759314768175,0.2595308883493997,0.06211073352921604
x2_soft_local,2024-01-01,risk_expansion,932,73,1.2104188619667589,0.20269909138417996,36.7326871821502,0.24590363969948148,0.09898565533799232
x2_soft_local,2024-01-01,uptrend,933,120,1.0267446817739492,0.19630724677507794,74.68285909312613,0.26082924212757197,0.04003368656000513
x2_soft_local,2024-07-01,downtrend,635,93,2.131134880289569,0.33141134847377346,63.61469251481803,0.2502159561209466,0.14458073265127896
x2_soft_local,2024-07-01,mixed,1774,154,0.9695717343424429,0.06078864694240408,0.23720104619481966,0.25237144853763344,0.05159360128764214
x2_soft_local,2024-07-01,risk_expansion,975,81,1.4465945139647673,0.07422112054092198,19.41929851095734,0.2598329574150146,0.0980956794999333
x2_soft_local,2024-07-01,uptrend,1032,115,0.8314457286947672,-0.08181995746648223,-4.69228944265276,0.2538344553213232,0.025241808975310927
x2_soft_local,2025-01-01,downtrend,642,93,1.8736814622162938,0.1858875049960251,3.4764986785603114,0.24234284024694114,0.11096313505628883
x2_soft_local,2025-01-01,mixed,1900,158,1.0055604990861577,0.00875973375096822,39.42322911800014,0.25528917851391936,0.05214384966511073
x2_soft_local,2025-01-01,risk_expansion,944,81,1.9233839236936918,0.10295115932903771,-19.671728264786083,0.23817119192583014,0.07806999760800698
x2_soft_local,2025-01-01,uptrend,858,106,0.9892889108002012,0.015442644366420316,66.37873371420581,0.25665652808406375,0.04688261674381534
x2_soft_local,2025-07-01,downtrend,741,96,0.970625172792833,0.01639551444211414,-9.764023560553925,0.24911853345904472,0.05109390486211037
x2_soft_local,2025-07-01,mixed,1710,166,1.270820967597086,0.060769248788095434,10.99142012278834,0.25478744037133944,0.08385856513257262
x2_soft_local,2025-07-01,risk_expansion,892,76,1.3874788229229946,0.1532991166971278,23.39771000104786,0.24555516474613945,0.07100850269333216
x2_soft_local,2025-07-01,uptrend,1073,112,0.8988036787792022,0.17491447010940983,38.09171668354223,0.24755091725565523,0.04835677150730725
x2_soft_local,2026-01-01,downtrend,882,103,1.359589306726353,0.10796466887509051,61.81961334604332,0.24494079707164315,0.0987963267423865
x2_soft_local,2026-01-01,mixed,1742,158,1.0863604616591913,-0.05578328089305308,-4.055834205856931,0.25131652087606443,0.05973361129027857
x2_soft_local,2026-01-01,risk_expansion,977,77,1.445897397839402,-0.12300175168267326,106.63206233404281,0.2615881045267711,0.12754867661605054
x2_soft_local,2026-01-01,uptrend,743,92,0.9256371054786616,-0.2439796651219123,32.46855302034383,0.25644254778627973,0.04018633835397905
x2_soft_local,2026-07-01,downtrend,356,44,0.7560195007536147,-0.26901419328401777,-59.98673390920024,0.24004403250765585,0.007144489154644445
x2_soft_local,2026-07-01,mixed,893,77,2.599292501234724,-0.04037268030492773,-37.911771666319616,0.24737248973654083,0.02858340188091252
x2_soft_local,2026-07-01,risk_expansion,349,32,1.4680271268243619,-0.41820568118751095,-33.20557204671353,0.2544185483186554,0.013323819379280944
x2_soft_local,2026-07-01,uptrend,442,53,4.562643640190345,-0.009577238824358394,-69.79966992601138,0.26175172620791026,0.0699761731431903
x2_tree,2024-01-01,downtrend,628,86,1.6676179439990975,-0.11986994044348004,-33.82959078097097,0.2420971223973072,0.08713304697092658
x2_tree,2024-01-01,mixed,1875,159,1.3968912280643886,-0.09385876692155627,-29.946819658002198,0.26103492261127115,0.06224338774583063
x2_tree,2024-01-01,risk_expansion,932,73,1.1675901282637888,0.23896347307280383,6.830433714929805,0.24666170096970286,0.09774033267415655
x2_tree,2024-01-01,uptrend,933,120,0.9680587007435821,0.21298000820282242,22.172085467533243,0.2566053307343723,0.04068517176273992
x2_tree,2024-07-01,downtrend,635,93,2.1236922202723876,0.37380317029092075,68.21918659175459,0.25077963487828736,0.14706584048085966
x2_tree,2024-07-01,mixed,1774,154,0.9712191320716513,0.06642413170977186,10.76425823989446,0.2518821612388322,0.05178906364829908
x2_tree,2024-07-01,risk_expansion,975,81,1.4319539895984486,0.10608249770796088,20.847657501683543,0.2589441454845661,0.098849283065248
x2_tree,2024-07-01,uptrend,1032,115,0.8335486020019159,-0.09085998480080328,9.124888115625595,0.25401479512336317,0.024814363935839637
x2_tree,2025-01-01,downtrend,642,93,1.8854816884100287,0.1630510103600288,1.1728694840170637,0.24512004284201427,0.1113889968593479
x2_tree,2025-01-01,mixed,1900,158,1.0009661274245543,0.0006167316857085619,29.99059086239295,0.2542706746203692,0.05221826872782048
x2_tree,2025-01-01,risk_expansion,944,81,1.9406789734058272,0.08096159904483842,-22.208895522453876,0.24039314822830266,0.0773728380365469
x2_tree,2025-01-01,uptrend,858,106,0.9729936568171131,0.011962724517875806,56.585368823047595,0.2524195080136605,0.04683506251650731
x2_tree,2025-07-01,downtrend,741,96,0.9688190655698504,0.010950570003238035,-5.040277917936039,0.24822942109021623,0.05100359174819146
x2_tree,2025-07-01,mixed,1710,166,1.2706032973151298,0.05751459627403505,11.393552840518797,0.2544325273372134,0.08445682224463293
x2_tree,2025-07-01,risk_expansion,892,76,1.4103905160352839,0.08830127869292911,18.119081541296417,0.2470435533338571,0.0715731710091522
x2_tree,2025-07-01,uptrend,1073,112,0.8932939607114407,0.17174713448021423,30.174016400840717,0.24749006557913011,0.048242176132991754
x2_tree,2026-01-01,downtrend,882,103,1.4135962800900943,0.11450245936059951,87.07276145135314,0.25058787367235125,0.09966246706525105
x2_tree,2026-01-01,mixed,1742,158,1.0880250814807886,-0.04151862186850903,20.24754460254945,0.25085240492730404,0.05988131982719646
x2_tree,2026-01-01,risk_expansion,977,77,1.4970395878526117,-0.11876286478620492,121.73134235387923,0.26700765997736037,0.12942410221338288
x2_tree,2026-01-01,uptrend,743,92,0.9331769622319066,-0.2306794673371727,51.69383458835882,0.25591580415342097,0.040186666131476166
x2_tree,2026-07-01,downtrend,356,44,0.7212843176474519,-0.24037277347662783,-50.9084043728362,0.2354015637439401,0.006621176172885735
x2_tree,2026-07-01,mixed,893,77,2.570535713563774,-0.012730870597064646,-29.28324744713023,0.24627207265955503,0.028363812897213587
x2_tree,2026-07-01,risk_expansion,349,32,1.4486845533150108,-0.41689041112352393,-20.781026297189918,0.2527745066503682,0.01324973144559547
x2_tree,2026-07-01,uptrend,442,53,4.518530964273882,-0.0031860231496511618,-58.36974629280344,0.26030779766687584,0.06993680245542686
