symbol,month,url,status,sha256,rows,first,last
BTCUSDT,2023-01,https://data.binance.vision/data/futures/um/monthly/fundingRate/BTCUSDT/BTCUSDT-fundingRate-2023-01.zip,ok,05e3df32f28d0d50f4c5a280adee9368b4a66fc68c6ddca1b3277087ac0d19f5,93,2023-01-01 00:00:00+00:00,2023-01-31 16:00:00.007000+00:00
BTCUSDT,2023-02,https://data.binance.vision/data/futures/um/monthly/fundingRate/BTCUSDT/BTCUSDT-fundingRate-2023-02.zip,ok,5227accd9aaa59f71f5e682abffb58be5f99573ed208ab968b1704c81ac11345,84,2023-02-01 00:00:00.013000+00:00,2023-02-28 16:00:00.005000+00:00
BTCUSDT,2023-03,https://data.binance.vision/data/futures/um/monthly/fundingRate/BTCUSDT/BTCUSDT-fundingRate-2023-03.zip,ok,ab022adff9b853d2f33cf80154e77c770f57c3392f0bbc36564b2e2cdbd0e872,93,2023-03-01 00:00:00.016000+00:00,2023-03-31 16:00:00.011000+00:00
BTCUSDT,2023-04,https://data.binance.vision/data/futures/um/monthly/fundingRate/BTCUSDT/BTCUSDT-fundingRate-2023-04.zip,ok,2931039d26818edc65d4faefba84945fd1ba52989dd58fb127dc3cd7a12c7fbf,90,2023-04-01 00:00:00+00:00,2023-04-30 16:00:00.010000+00:00
BTCUSDT,2023-05,https://data.binance.vision/data/futures/um/monthly/fundingRate/BTCUSDT/BTCUSDT-fundingRate-2023-05.zip,ok,5d026fece46df86293054c8c56c2c8de575d30161b82979b11831831217a246e,93,2023-05-01 00:00:00.004000+00:00,2023-05-31 16:00:00+00:00
BTCUSDT,2023-06,https://data.binance.vision/data/futures/um/monthly/fundingRate/BTCUSDT/BTCUSDT-fundingRate-2023-06.zip,ok,3ffdde6f1dc9c3c065d77ae43f3ba64d19d4cb76512d4bc1d541933d4fb2e6f7,90,2023-06-01 00:00:00.008000+00:00,2023-06-30 16:00:00.001000+00:00
BTCUSDT,2023-07,https://data.binance.vision/data/futures/um/monthly/fundingRate/BTCUSDT/BTCUSDT-fundingRate-2023-07.zip,ok,0304baed9fd407293a8a8040b30a1b68bd344803b630d33530375b421733a930,93,2023-07-01 00:00:00+00:00,2023-07-31 16:00:00.001000+00:00
BTCUSDT,2023-08,https://data.binance.vision/data/futures/um/monthly/fundingRate/BTCUSDT/BTCUSDT-fundingRate-2023-08.zip,ok,516a8f50631c6ede6a9642f6d1590b6a22c33ba09935501d2ace8dc1396501fd,93,2023-08-01 00:00:00+00:00,2023-08-31 16:00:00+00:00
BTCUSDT,2023-09,https://data.binance.vision/data/futures/um/monthly/fundingRate/BTCUSDT/BTCUSDT-fundingRate-2023-09.zip,ok,3fd9df6fd1eef33cf5fe625c27012359bc6d64a68c109305d7b44a0354f533c2,90,2023-09-01 00:00:00+00:00,2023-09-30 16:00:00+00:00
BTCUSDT,2023-10,https://data.binance.vision/data/futures/um/monthly/fundingRate/BTCUSDT/BTCUSDT-fundingRate-2023-10.zip,ok,03105cc140150bffca834bcccbddc6cfee245e079d2df1759653243bd6e92448,93,2023-10-01 00:00:00+00:00,2023-10-31 16:00:00+00:00
BTCUSDT,2023-11,https://data.binance.vision/data/futures/um/monthly/fundingRate/BTCUSDT/BTCUSDT-fundingRate-2023-11.zip,ok,8015d2997f8d5e757ff3707ee87800ca30a74da0129daa747b64117f07bcc186,90,2023-11-01 00:00:00+00:00,2023-11-30 16:00:00+00:00
BTCUSDT,2023-12,https://data.binance.vision/data/futures/um/monthly/fundingRate/BTCUSDT/BTCUSDT-fundingRate-2023-12.zip,ok,8f02fdd2a2da261bbf13ab301c74bdb57fae005f19d5088e9ece5f8824c1a2a7,93,2023-12-01 00:00:00+00:00,2023-12-31 16:00:00+00:00
BTCUSDT,2024-01,https://data.binance.vision/data/futures/um/monthly/fundingRate/BTCUSDT/BTCUSDT-fundingRate-2024-01.zip,ok,3e0d30870672aa8f0f937881056e3cfd55913ae5c780cd50b33f2763aa0ba58e,93,2024-01-01 00:00:00+00:00,2024-01-31 16:00:00+00:00
BTCUSDT,2024-02,https://data.binance.vision/data/futures/um/monthly/fundingRate/BTCUSDT/BTCUSDT-fundingRate-2024-02.zip,ok,daf1e4901e3d6436d82ad60f90d007eb5300be8047cfef121007203a7212cde6,87,2024-02-01 00:00:00+00:00,2024-02-29 16:00:00+00:00
BTCUSDT,2024-03,https://data.binance.vision/data/futures/um/monthly/fundingRate/BTCUSDT/BTCUSDT-fundingRate-2024-03.zip,ok,711dcaf2a341aedfd06447b4117b540f60adb0784c5e64a313c718e4cf092bc3,93,2024-03-01 00:00:00+00:00,2024-03-31 16:00:00.001000+00:00
BTCUSDT,2024-04,https://data.binance.vision/data/futures/um/monthly/fundingRate/BTCUSDT/BTCUSDT-fundingRate-2024-04.zip,ok,6d220b8e2815362a11d294d35dbca28568370d8295351937eceec10f2b359b85,90,2024-04-01 00:00:00+00:00,2024-04-30 16:00:00+00:00
BTCUSDT,2024-05,https://data.binance.vision/data/futures/um/monthly/fundingRate/BTCUSDT/BTCUSDT-fundingRate-2024-05.zip,ok,aef8c5fdce1493fd570b5829a72f2f17c7e459483390f25544d16c2a30be592e,93,2024-05-01 00:00:00+00:00,2024-05-31 16:00:00+00:00
BTCUSDT,2024-06,https://data.binance.vision/data/futures/um/monthly/fundingRate/BTCUSDT/BTCUSDT-fundingRate-2024-06.zip,ok,43fc4473820d1fb4fe340d1b1951a87555f6841aa352e684fa95d6adffce04c6,90,2024-06-01 00:00:00+00:00,2024-06-30 16:00:00+00:00
BTCUSDT,2024-07,https://data.binance.vision/data/futures/um/monthly/fundingRate/BTCUSDT/BTCUSDT-fundingRate-2024-07.zip,ok,acab0593c1452660ce74a6c239fb215c1192b0a9c6e8c1689e6495de40a0174b,93,2024-07-01 00:00:00+00:00,2024-07-31 16:00:00+00:00
BTCUSDT,2024-08,https://data.binance.vision/data/futures/um/monthly/fundingRate/BTCUSDT/BTCUSDT-fundingRate-2024-08.zip,ok,7003d29a43dd5f9357f838da8766834954939e22c1d80af682d9f33984f67b71,93,2024-08-01 00:00:00+00:00,2024-08-31 16:00:00+00:00
BTCUSDT,2024-09,https://data.binance.vision/data/futures/um/monthly/fundingRate/BTCUSDT/BTCUSDT-fundingRate-2024-09.zip,ok,6ef23b02392b481ef9c3855434bf3644289fb6e228b4f7d9a0dfc6d3cdff1116,90,2024-09-01 00:00:00+00:00,2024-09-30 16:00:00+00:00
BTCUSDT,2024-10,https://data.binance.vision/data/futures/um/monthly/fundingRate/BTCUSDT/BTCUSDT-fundingRate-2024-10.zip,ok,26db65ac8020d80ece35df79c254c5f7e24427529bcceeb2972748c4fe2d2707,93,2024-10-01 00:00:00+00:00,2024-10-31 16:00:00+00:00
BTCUSDT,2024-11,https://data.binance.vision/data/futures/um/monthly/fundingRate/BTCUSDT/BTCUSDT-fundingRate-2024-11.zip,ok,e1b19cccfe2cdcba48b022790789b7b01edd86c075f39bc152e44c267d43bd51,90,2024-11-01 00:00:00+00:00,2024-11-30 16:00:00+00:00
BTCUSDT,2024-12,https://data.binance.vision/data/futures/um/monthly/fundingRate/BTCUSDT/BTCUSDT-fundingRate-2024-12.zip,ok,069409f525ebf6370ee1c7defe475167de4b97284c5ac8e68768652968cd3dc9,93,2024-12-01 00:00:00+00:00,2024-12-31 16:00:00+00:00
BTCUSDT,2025-01,https://data.binance.vision/data/futures/um/monthly/fundingRate/BTCUSDT/BTCUSDT-fundingRate-2025-01.zip,ok,df725010d55458866eb5a47e9ee708c6796c9d7e77b14c38342cea11f381815e,93,2025-01-01 00:00:00.015000+00:00,2025-01-31 16:00:00+00:00
BTCUSDT,2025-02,https://data.binance.vision/data/futures/um/monthly/fundingRate/BTCUSDT/BTCUSDT-fundingRate-2025-02.zip,ok,e918b90fb33df3a3317feea13807a892047f1ec86eeac100bdb7b3dd83285d46,84,2025-02-01 00:00:00+00:00,2025-02-28 16:00:00+00:00
BTCUSDT,2025-03,https://data.binance.vision/data/futures/um/monthly/fundingRate/BTCUSDT/BTCUSDT-fundingRate-2025-03.zip,ok,a3b95cfb315641fbfddc61eb32adf2a2588afb7a3973a61f464aca007ad43e3f,93,2025-03-01 00:00:00+00:00,2025-03-31 16:00:00+00:00
BTCUSDT,2025-04,https://data.binance.vision/data/futures/um/monthly/fundingRate/BTCUSDT/BTCUSDT-fundingRate-2025-04.zip,ok,01dbb7bd0135f98bd63bdde6b943cde1accc1770cabf92f68a1ec0653ced3888,90,2025-04-01 00:00:00+00:00,2025-04-30 16:00:00.003000+00:00
BTCUSDT,2025-05,https://data.binance.vision/data/futures/um/monthly/fundingRate/BTCUSDT/BTCUSDT-fundingRate-2025-05.zip,ok,e7355e2775b88009c984db1783bb8ed6b5f24ede2b52bb764151b5722d6a5e42,93,2025-05-01 00:00:00+00:00,2025-05-31 16:00:00+00:00
BTCUSDT,2025-06,https://data.binance.vision/data/futures/um/monthly/fundingRate/BTCUSDT/BTCUSDT-fundingRate-2025-06.zip,ok,a1f4a40953740fa83ee9ad97776ff8325d1958654a67f1325614071a983819d4,90,2025-06-01 00:00:00.001000+00:00,2025-06-30 16:00:00.002000+00:00
BTCUSDT,2025-07,https://data.binance.vision/data/futures/um/monthly/fundingRate/BTCUSDT/BTCUSDT-fundingRate-2025-07.zip,ok,b097dff828f6e43fece23db0d3cb98042a9d7bc19693b8cbfd051d88eb973b7b,93,2025-07-01 00:00:00.007000+00:00,2025-07-31 16:00:00+00:00
BTCUSDT,2025-08,https://data.binance.vision/data/futures/um/monthly/fundingRate/BTCUSDT/BTCUSDT-fundingRate-2025-08.zip,ok,1180129860b6e196e8d70bb9719e81573aa6b4acb423ba5ee7f82f10c836f7ab,93,2025-08-01 00:00:00.001000+00:00,2025-08-31 16:00:00.001000+00:00
BTCUSDT,2025-09,https://data.binance.vision/data/futures/um/monthly/fundingRate/BTCUSDT/BTCUSDT-fundingRate-2025-09.zip,ok,21dc6570fc6bffad0e7b5f9e99211b82ad07c95ab4f18c3a2daa3b95ec98344c,90,2025-09-01 00:00:00+00:00,2025-09-30 16:00:00+00:00
BTCUSDT,2025-10,https://data.binance.vision/data/futures/um/monthly/fundingRate/BTCUSDT/BTCUSDT-fundingRate-2025-10.zip,ok,9ecdedab6344fc4cdb154763266b8e09627a71c3cc5574cf868158b541c259c2,93,2025-10-01 00:00:00+00:00,2025-10-31 16:00:00.007000+00:00
BTCUSDT,2025-11,https://data.binance.vision/data/futures/um/monthly/fundingRate/BTCUSDT/BTCUSDT-fundingRate-2025-11.zip,ok,23735400405627d610123e3a43db3e98ae7addb93459cd670e65a7659a5f081b,90,2025-11-01 00:00:00.001000+00:00,2025-11-30 16:00:00.004000+00:00
BTCUSDT,2025-12,https://data.binance.vision/data/futures/um/monthly/fundingRate/BTCUSDT/BTCUSDT-fundingRate-2025-12.zip,ok,35318b789f020b0e04c9043112480743855554e52e1d188437cbdaa67246d51d,93,2025-12-01 00:00:00+00:00,2025-12-31 16:00:00.001000+00:00
BTCUSDT,2026-01,https://data.binance.vision/data/futures/um/monthly/fundingRate/BTCUSDT/BTCUSDT-fundingRate-2026-01.zip,ok,fcdc796484f395830d418588a34a26baed8849dbef0ff2b56173247e493ff51f,93,2026-01-01 00:00:00.008000+00:00,2026-01-31 16:00:00.009000+00:00
BTCUSDT,2026-02,https://data.binance.vision/data/futures/um/monthly/fundingRate/BTCUSDT/BTCUSDT-fundingRate-2026-02.zip,ok,80df1dd669dc1e3afc360c9da8b9a949a127fce088eedbf5bf708bd37b0a1f58,84,2026-02-01 00:00:00.001000+00:00,2026-02-28 16:00:00.004000+00:00
BTCUSDT,2026-03,https://data.binance.vision/data/futures/um/monthly/fundingRate/BTCUSDT/BTCUSDT-fundingRate-2026-03.zip,ok,5c069d5e9597a44fd0e213395082e59ff223fb99c9eab3a2a5a2a5622ba7867c,93,2026-03-01 00:00:00.005000+00:00,2026-03-31 16:00:00+00:00
BTCUSDT,2026-04,https://data.binance.vision/data/futures/um/monthly/fundingRate/BTCUSDT/BTCUSDT-fundingRate-2026-04.zip,ok,51cdeb4de7d5ef1d4eece80b6115e391bdf7a2d0803bf9ad8371ab23340b22d3,90,2026-04-01 00:00:00+00:00,2026-04-30 16:00:00+00:00
BTCUSDT,2026-05,https://data.binance.vision/data/futures/um/monthly/fundingRate/BTCUSDT/BTCUSDT-fundingRate-2026-05.zip,ok,445b65fd6b17bfcfb5e4d035db29fad34f729fa078f0449024db42621be84e6e,93,2026-05-01 00:00:00+00:00,2026-05-31 16:00:00.004000+00:00
BTCUSDT,2026-06,https://data.binance.vision/data/futures/um/monthly/fundingRate/BTCUSDT/BTCUSDT-fundingRate-2026-06.zip,ok,cff97ce688329592bccbbf5873b5c7021649e093f5f5806e332c5b4fb7fd6a00,90,2026-06-01 00:00:00.001000+00:00,2026-06-30 16:00:00.005000+00:00
BTCUSDT,2026-07,https://data.binance.vision/data/futures/um/monthly/fundingRate/BTCUSDT/BTCUSDT-fundingRate-2026-07.zip,ok,e36fcc66f493d7d9ec348c852fc22e9f318c79cf7adae17398a3994ae0adc41e,93,2026-07-01 00:00:00+00:00,2026-07-31 16:00:00+00:00
BTCUSDT,2026-08,https://data.binance.vision/data/futures/um/monthly/fundingRate/BTCUSDT/BTCUSDT-fundingRate-2026-08.zip,ok,7c108b3a02bd6dc7345ca7323e3a49664edcea0afdcf780ffb3b44762c45a964,93,2026-08-01 00:00:00.001000+00:00,2026-08-31 16:00:00.001000+00:00
BTCUSDT,2026-09,https://data.binance.vision/data/futures/um/monthly/fundingRate/BTCUSDT/BTCUSDT-fundingRate-2026-09.zip,ok,913cd31b8f924a06717a2fac17f3df6132c24ccded209eb3e4ae7d83e1b247f2,72,2026-09-01 00:00:00.005000+00:00,2026-09-24 16:00:00.005000+00:00
ETHUSDT,2023-01,https://data.binance.vision/data/futures/um/monthly/fundingRate/ETHUSDT/ETHUSDT-fundingRate-2023-01.zip,ok,5647d5978092d220eb14e11c7854d86815d0eb6204197e37b4808cc599e986f3,93,2023-01-01 00:00:00+00:00,2023-01-31 16:00:00.007000+00:00
ETHUSDT,2023-02,https://data.binance.vision/data/futures/um/monthly/fundingRate/ETHUSDT/ETHUSDT-fundingRate-2023-02.zip,ok,7da37820c15fb08600ae668551d0b724326b8f71d761582990721059280a221b,84,2023-02-01 00:00:00.013000+00:00,2023-02-28 16:00:00.005000+00:00
ETHUSDT,2023-03,https://data.binance.vision/data/futures/um/monthly/fundingRate/ETHUSDT/ETHUSDT-fundingRate-2023-03.zip,ok,5110b60cbbc5f26048ce02575c26444ea2ed497baed9a5609e118359e1ca3b51,93,2023-03-01 00:00:00.016000+00:00,2023-03-31 16:00:00.011000+00:00
ETHUSDT,2023-04,https://data.binance.vision/data/futures/um/monthly/fundingRate/ETHUSDT/ETHUSDT-fundingRate-2023-04.zip,ok,fa3a3cf7c3b8285687ae8c8014eed8bc58ad3ceb33ccb62ff4298048213c0e6c,90,2023-04-01 00:00:00+00:00,2023-04-30 16:00:00.010000+00:00
ETHUSDT,2023-05,https://data.binance.vision/data/futures/um/monthly/fundingRate/ETHUSDT/ETHUSDT-fundingRate-2023-05.zip,ok,bf890ea68d979942ed296b058390eb98b0b495547fee2117d3b76d5e7f629b24,93,2023-05-01 00:00:00.004000+00:00,2023-05-31 16:00:00+00:00
ETHUSDT,2023-06,https://data.binance.vision/data/futures/um/monthly/fundingRate/ETHUSDT/ETHUSDT-fundingRate-2023-06.zip,ok,b3ddac1309f9a684f4e811776a6c09fb2239bb8d1ae0ff4bd342a1c32a5e171f,90,2023-06-01 00:00:00.008000+00:00,2023-06-30 16:00:00.001000+00:00
ETHUSDT,2023-07,https://data.binance.vision/data/futures/um/monthly/fundingRate/ETHUSDT/ETHUSDT-fundingRate-2023-07.zip,ok,82577976d8acd886fda84179ee38c9e7ef445732c3b6a062d6ffd2a9e3cc30bf,93,2023-07-01 00:00:00+00:00,2023-07-31 16:00:00.001000+00:00
ETHUSDT,2023-08,https://data.binance.vision/data/futures/um/monthly/fundingRate/ETHUSDT/ETHUSDT-fundingRate-2023-08.zip,ok,cf749429c366cef3302a804b3e702937e5f1a77aeddc5b628dca7da547a8935a,93,2023-08-01 00:00:00+00:00,2023-08-31 16:00:00+00:00
ETHUSDT,2023-09,https://data.binance.vision/data/futures/um/monthly/fundingRate/ETHUSDT/ETHUSDT-fundingRate-2023-09.zip,ok,41ac7eb67a46d14d97daec4c37e8229df5ac6b165639ad4b2c54bc7374930341,90,2023-09-01 00:00:00+00:00,2023-09-30 16:00:00+00:00
ETHUSDT,2023-10,https://data.binance.vision/data/futures/um/monthly/fundingRate/ETHUSDT/ETHUSDT-fundingRate-2023-10.zip,ok,ccaf4474f0dc94adedd4330c14995f338186caa2cc9fd0d2e2c55f74cf263a5c,93,2023-10-01 00:00:00+00:00,2023-10-31 16:00:00+00:00
ETHUSDT,2023-11,https://data.binance.vision/data/futures/um/monthly/fundingRate/ETHUSDT/ETHUSDT-fundingRate-2023-11.zip,ok,153ec1450eb5d999ce253e2c7ca2e81b79a523ff52dd18b14faefab8212b999b,90,2023-11-01 00:00:00+00:00,2023-11-30 16:00:00+00:00
ETHUSDT,2023-12,https://data.binance.vision/data/futures/um/monthly/fundingRate/ETHUSDT/ETHUSDT-fundingRate-2023-12.zip,ok,91bdf41566cebb86c6f0e3646b0037de9c22e14ee2f592c5722c7e4a19c91119,93,2023-12-01 00:00:00+00:00,2023-12-31 16:00:00+00:00
ETHUSDT,2024-01,https://data.binance.vision/data/futures/um/monthly/fundingRate/ETHUSDT/ETHUSDT-fundingRate-2024-01.zip,ok,5a71469b0b363886df904e784dddefc484dd943334b1fb7454713ce4ed715a4b,93,2024-01-01 00:00:00+00:00,2024-01-31 16:00:00+00:00
ETHUSDT,2024-02,https://data.binance.vision/data/futures/um/monthly/fundingRate/ETHUSDT/ETHUSDT-fundingRate-2024-02.zip,ok,915fad950c48935f3875d88992b8d78290bc8a6fada44408e3ed14aef9a56670,87,2024-02-01 00:00:00+00:00,2024-02-29 16:00:00+00:00
ETHUSDT,2024-03,https://data.binance.vision/data/futures/um/monthly/fundingRate/ETHUSDT/ETHUSDT-fundingRate-2024-03.zip,ok,e9c1d0f3e7e3b493277c7f826afb223482d56bdc7611144d398ac10e47307907,93,2024-03-01 00:00:00+00:00,2024-03-31 16:00:00.001000+00:00
ETHUSDT,2024-04,https://data.binance.vision/data/futures/um/monthly/fundingRate/ETHUSDT/ETHUSDT-fundingRate-2024-04.zip,ok,b54c9f05af116ccd921b32b25960ae26954c4983992d44f2390bf1de08b2c724,90,2024-04-01 00:00:00+00:00,2024-04-30 16:00:00+00:00
ETHUSDT,2024-05,https://data.binance.vision/data/futures/um/monthly/fundingRate/ETHUSDT/ETHUSDT-fundingRate-2024-05.zip,ok,8350ab4d61b12ec61539611e30809039f54814213bc4c937609360b1ff28b5e0,93,2024-05-01 00:00:00+00:00,2024-05-31 16:00:00+00:00
ETHUSDT,2024-06,https://data.binance.vision/data/futures/um/monthly/fundingRate/ETHUSDT/ETHUSDT-fundingRate-2024-06.zip,ok,def13f4a478c28b0111fb24c57f95fcee80e71982ed74f12e465d20d328e2275,90,2024-06-01 00:00:00+00:00,2024-06-30 16:00:00+00:00
ETHUSDT,2024-07,https://data.binance.vision/data/futures/um/monthly/fundingRate/ETHUSDT/ETHUSDT-fundingRate-2024-07.zip,ok,9d236281ab6430250ad2b472cbbf03812a40aed42e73c8339fc6be55a2417a82,93,2024-07-01 00:00:00+00:00,2024-07-31 16:00:00+00:00
ETHUSDT,2024-08,https://data.binance.vision/data/futures/um/monthly/fundingRate/ETHUSDT/ETHUSDT-fundingRate-2024-08.zip,ok,e17684bc761924eb5e1912c52cfa997eddeb99da303e68e28f6f37369f672b9d,93,2024-08-01 00:00:00+00:00,2024-08-31 16:00:00+00:00
ETHUSDT,2024-09,https://data.binance.vision/data/futures/um/monthly/fundingRate/ETHUSDT/ETHUSDT-fundingRate-2024-09.zip,ok,ffb6e7441053137cb7ca81cc83bcdd996612f7dbb15aa2e168a7ee521f8cbbca,90,2024-09-01 00:00:00+00:00,2024-09-30 16:00:00+00:00
ETHUSDT,2024-10,https://data.binance.vision/data/futures/um/monthly/fundingRate/ETHUSDT/ETHUSDT-fundingRate-2024-10.zip,ok,2124978c335473a5d9c0f0e9f238193d56c21ac7e250e065a36e9d1201beb049,93,2024-10-01 00:00:00+00:00,2024-10-31 16:00:00+00:00
ETHUSDT,2024-11,https://data.binance.vision/data/futures/um/monthly/fundingRate/ETHUSDT/ETHUSDT-fundingRate-2024-11.zip,ok,636a4c7c86445c2774b4eae8598c480fcbc57de7dde5d40f6937c7fac510797c,90,2024-11-01 00:00:00+00:00,2024-11-30 16:00:00+00:00
ETHUSDT,2024-12,https://data.binance.vision/data/futures/um/monthly/fundingRate/ETHUSDT/ETHUSDT-fundingRate-2024-12.zip,ok,11a0847e8aacb32eeb725611fda4fe6a8419c03eb0c16e14dfc3b9287e78ecc9,93,2024-12-01 00:00:00+00:00,2024-12-31 16:00:00+00:00
ETHUSDT,2025-01,https://data.binance.vision/data/futures/um/monthly/fundingRate/ETHUSDT/ETHUSDT-fundingRate-2025-01.zip,ok,88c95b99d2784a7baac529fe578563d7e05038a1b8a498b2f59bf81b216fee20,93,2025-01-01 00:00:00.015000+00:00,2025-01-31 16:00:00+00:00
ETHUSDT,2025-02,https://data.binance.vision/data/futures/um/monthly/fundingRate/ETHUSDT/ETHUSDT-fundingRate-2025-02.zip,ok,9e116dd6754484a19ecc41ced40b8dfa7f62c33d41cdc3317336b1e1f043767f,84,2025-02-01 00:00:00+00:00,2025-02-28 16:00:00+00:00
ETHUSDT,2025-03,https://data.binance.vision/data/futures/um/monthly/fundingRate/ETHUSDT/ETHUSDT-fundingRate-2025-03.zip,ok,62464a8bfb7ba515628acb76d3e2172d33b88805faa2e701a22537c51a17d139,93,2025-03-01 00:00:00+00:00,2025-03-31 16:00:00+00:00
ETHUSDT,2025-04,https://data.binance.vision/data/futures/um/monthly/fundingRate/ETHUSDT/ETHUSDT-fundingRate-2025-04.zip,ok,7db62cb5e9f32397dacabb3d571b96397024bda3810bde0799c90f61cb773679,90,2025-04-01 00:00:00+00:00,2025-04-30 16:00:00.003000+00:00
ETHUSDT,2025-05,https://data.binance.vision/data/futures/um/monthly/fundingRate/ETHUSDT/ETHUSDT-fundingRate-2025-05.zip,ok,996aff38f046b50510301532ac5cbdca115afca971c49cb548f50e5d70e18d99,93,2025-05-01 00:00:00+00:00,2025-05-31 16:00:00+00:00
ETHUSDT,2025-06,https://data.binance.vision/data/futures/um/monthly/fundingRate/ETHUSDT/ETHUSDT-fundingRate-2025-06.zip,ok,ae7ca242249ca3df06d1222a0c264fe83b18c4b2c19fe656e864f7d081d5e198,90,2025-06-01 00:00:00.001000+00:00,2025-06-30 16:00:00.002000+00:00
ETHUSDT,2025-07,https://data.binance.vision/data/futures/um/monthly/fundingRate/ETHUSDT/ETHUSDT-fundingRate-2025-07.zip,ok,5f2d840c5669ca946529c33f6df32433c5d0cd973eb4adfd40459270c460e7f8,93,2025-07-01 00:00:00.007000+00:00,2025-07-31 16:00:00+00:00
ETHUSDT,2025-08,https://data.binance.vision/data/futures/um/monthly/fundingRate/ETHUSDT/ETHUSDT-fundingRate-2025-08.zip,ok,c3fca21c71afb4962e89f8e3d84afe5832019ed8f570ee7c7c299f2436a28b62,93,2025-08-01 00:00:00.001000+00:00,2025-08-31 16:00:00.001000+00:00
ETHUSDT,2025-09,https://data.binance.vision/data/futures/um/monthly/fundingRate/ETHUSDT/ETHUSDT-fundingRate-2025-09.zip,ok,2fa09df245aadc73cf43f837a72c3009fcd7d10c8c4e3db48b2d1021c331841a,90,2025-09-01 00:00:00+00:00,2025-09-30 16:00:00+00:00
ETHUSDT,2025-10,https://data.binance.vision/data/futures/um/monthly/fundingRate/ETHUSDT/ETHUSDT-fundingRate-2025-10.zip,ok,1ae86c5fb1f15d8792906b746cc7598ebe7e6e7194b74501db79c874e37d7e14,93,2025-10-01 00:00:00+00:00,2025-10-31 16:00:00.007000+00:00
ETHUSDT,2025-11,https://data.binance.vision/data/futures/um/monthly/fundingRate/ETHUSDT/ETHUSDT-fundingRate-2025-11.zip,ok,a3a8abb219373ec1e02e8d1a47015665d180d6130cfe1df71d2fa8fc9de59e59,90,2025-11-01 00:00:00.001000+00:00,2025-11-30 16:00:00.004000+00:00
ETHUSDT,2025-12,https://data.binance.vision/data/futures/um/monthly/fundingRate/ETHUSDT/ETHUSDT-fundingRate-2025-12.zip,ok,ef9e84f53a5fa07702958c8700077c8be0a90ec8b3e25110f5611109c3c0090c,93,2025-12-01 00:00:00+00:00,2025-12-31 16:00:00.001000+00:00
ETHUSDT,2026-01,https://data.binance.vision/data/futures/um/monthly/fundingRate/ETHUSDT/ETHUSDT-fundingRate-2026-01.zip,ok,830cf7797ea6ecdc554ac2d9047a141df1a6a544f4ea58e7028227930462b139,93,2026-01-01 00:00:00.008000+00:00,2026-01-31 16:00:00.009000+00:00
ETHUSDT,2026-02,https://data.binance.vision/data/futures/um/monthly/fundingRate/ETHUSDT/ETHUSDT-fundingRate-2026-02.zip,ok,e445f00c81a7fa8361d99b3660f24b4f58e5d952fe301d70bbc72c319bc01a77,84,2026-02-01 00:00:00.001000+00:00,2026-02-28 16:00:00.004000+00:00
ETHUSDT,2026-03,https://data.binance.vision/data/futures/um/monthly/fundingRate/ETHUSDT/ETHUSDT-fundingRate-2026-03.zip,ok,9f5625846c503a1e94fcdecd2deb37dc8852e341add353fa48c2b9a0cc70df6a,93,2026-03-01 00:00:00.005000+00:00,2026-03-31 16:00:00+00:00
ETHUSDT,2026-04,https://data.binance.vision/data/futures/um/monthly/fundingRate/ETHUSDT/ETHUSDT-fundingRate-2026-04.zip,ok,86160f455478a8b262d96d1516f583355e6e0cec7beeb5784e69dda76f599e98,90,2026-04-01 00:00:00+00:00,2026-04-30 16:00:00+00:00
ETHUSDT,2026-05,https://data.binance.vision/data/futures/um/monthly/fundingRate/ETHUSDT/ETHUSDT-fundingRate-2026-05.zip,ok,ff926ad3fc48493c26c85af16620b19c695cc1854faa1e7f0ea2ab9fdafc2084,93,2026-05-01 00:00:00+00:00,2026-05-31 16:00:00.004000+00:00
ETHUSDT,2026-06,https://data.binance.vision/data/futures/um/monthly/fundingRate/ETHUSDT/ETHUSDT-fundingRate-2026-06.zip,ok,cc6fb028a811bc423b711f6b89de067bf92a2eda61303e1ce0b219b5d3210e47,90,2026-06-01 00:00:00.001000+00:00,2026-06-30 16:00:00.005000+00:00
ETHUSDT,2026-07,https://data.binance.vision/data/futures/um/monthly/fundingRate/ETHUSDT/ETHUSDT-fundingRate-2026-07.zip,ok,ece7f6c64d0e45fbd64929dec40bae525fe365381046e367de5ca0827bc623d3,93,2026-07-01 00:00:00+00:00,2026-07-31 16:00:00+00:00
ETHUSDT,2026-08,https://data.binance.vision/data/futures/um/monthly/fundingRate/ETHUSDT/ETHUSDT-fundingRate-2026-08.zip,ok,8b843307038b3aedf725b1342003cce39f9526451ed92f407ca80bc637487839,93,2026-08-01 00:00:00.001000+00:00,2026-08-31 16:00:00.001000+00:00
ETHUSDT,2026-09,https://data.binance.vision/data/futures/um/monthly/fundingRate/ETHUSDT/ETHUSDT-fundingRate-2026-09.zip,ok,d1916b9181cf3507ad5a6522ac6587cd84a424941f1a2132ab887f768b5dd4de,72,2026-09-01 00:00:00.005000+00:00,2026-09-24 16:00:00.005000+00:00
