policy,state,hours,price_bp_hour,net_bp_hour,participation,short_time,short_price_bp_sum
buy_hold,downtrend,3899.0,-0.30596238161157413,-0.3784462968694505,1.0,0.0,0.0
buy_hold,mixed,9902.833333333334,0.8528193616889125,0.7684474574098811,1.0,0.0,0.0
buy_hold,risk_expansion,5069.0,1.0431752116025925,0.9475611916589584,1.0,0.0,0.0
buy_hold,uptrend,5081.0,-0.5704768365182188,-0.6765071945020998,1.0,0.0,0.0
buy_hold,2024_all,8783.916666666666,0.9248556748375814,0.7747220246615445,1.0,0.0,0.0
buy_hold,2024_rebound,1422.0,-0.9471289694300967,-1.0669920472132326,1.0,0.0,0.0
buy_hold,2024_past_downtrend,1263.0,1.57086279987846,1.4360917241483244,1.0,0.0,0.0
buy_hold,2025_all,8760.0,0.08756066891497363,0.021963467356682562,1.0,0.0,0.0
buy_hold,2025_rebound,1513.9166666666667,0.7078028453751976,0.6494966276176275,1.0,0.0,0.0
buy_hold,2025_past_downtrend,1383.0,1.7482587357511383,1.6875216303691967,1.0,0.0,0.0
buy_hold,2026_all,6407.916666666667,0.1171607591823211,0.078435154131389,1.0,0.0,0.0
buy_hold,2026_rebound,1243.0833333333333,-1.1973858039310619,-1.2261548676200396,1.0,0.0,0.0
buy_hold,2026_past_downtrend,1253.0,-4.465114823378967,-4.487780027050215,1.0,0.0,0.0
fixed_beta_035,downtrend,3899.0,-0.0589423743375581,-0.09052244395952669,1.0,0.0,0.0
fixed_beta_035,mixed,9902.833333333334,0.3149233356468353,0.2782092186070683,1.0,0.0,0.0
fixed_beta_035,risk_expansion,5069.0,0.30184810809742046,0.2606063379556045,1.0,0.0,0.0
fixed_beta_035,uptrend,5081.0,-0.3373597720913154,-0.3843822010111618,1.0,0.0,0.0
fixed_beta_035,2024_all,8783.916666666666,0.332322198449478,0.26736424381594165,1.0,0.0,0.0
fixed_beta_035,2024_rebound,1422.0,-0.4271518687065744,-0.47754501832936613,1.0,0.0,0.0
fixed_beta_035,2024_past_downtrend,1263.0,0.6953949319815353,0.6375666908995289,1.0,0.0,0.0
fixed_beta_035,2025_all,8760.0,-0.009552571679902666,-0.0407373461659035,1.0,0.0,0.0
fixed_beta_035,2025_rebound,1513.9166666666667,0.2861048686322484,0.25895092689996047,1.0,0.0,0.0
fixed_beta_035,2025_past_downtrend,1383.0,0.7691058001297215,0.7405101919853235,1.0,0.0,0.0
fixed_beta_035,2026_all,6407.916666666667,-0.020388830012669112,-0.034576917587127984,1.0,0.0,0.0
fixed_beta_035,2026_rebound,1243.0833333333333,-0.4518950744411725,-0.46215613121525706,1.0,0.0,0.0
fixed_beta_035,2026_past_downtrend,1253.0,-1.7332589291414386,-1.7416754470231461,1.0,0.0,0.0
vol_control,downtrend,3899.0,-0.7562087427462165,-0.8075374077644083,1.0,0.0,0.0
vol_control,mixed,9902.833333333334,0.6889088648916774,0.6324260628226872,1.0,0.0,0.0
vol_control,risk_expansion,5069.0,0.6232289874410468,0.549180636644832,1.0,0.0,0.0
vol_control,uptrend,5081.0,-0.09638205368889234,-0.16795355302148127,1.0,0.0,0.0
vol_control,2024_all,8783.916666666666,0.5350312523842314,0.4317632282206377,1.0,0.0,0.0
vol_control,2024_rebound,1422.0,-0.9563813978872964,-1.0395977063653374,1.0,0.0,0.0
vol_control,2024_past_downtrend,1263.0,0.23014067924895304,0.13721266672651908,1.0,0.0,0.0
vol_control,2025_all,8760.0,0.14351530120645895,0.09599145111258905,1.0,0.0,0.0
vol_control,2025_rebound,1513.9166666666667,0.20315404299071704,0.1571615493563737,1.0,0.0,0.0
vol_control,2025_past_downtrend,1383.0,0.22513782872059085,0.17901838479234072,1.0,0.0,0.0
vol_control,2026_all,6407.916666666667,0.09148969351173451,0.06416888364637542,1.0,0.0,0.0
vol_control,2026_rebound,1243.0833333333333,-0.8398886181293137,-0.8604456627229775,1.0,0.0,0.0
vol_control,2026_past_downtrend,1253.0,-2.833592324804072,-2.848739327307924,1.0,0.0,0.0
trend24,downtrend,3899.0,0.4262531661452097,0.2403408536933914,0.9787124903821492,0.9371633752244165,1649.5138050803107
trend24,mixed,9902.833333333334,0.09495340414935999,-0.07586012636835665,0.8795546729050608,0.39684770351919485,-1149.5255562557957
trend24,risk_expansion,5069.0,0.20386895966544663,0.020830083999798066,0.9805024002104294,0.5679950023015716,-141.03375938203115
trend24,uptrend,5081.0,0.06544531751152183,-0.17362488203716944,0.9885193203437643,0.0393623302499508,79.78082624128
trend24,2024_all,8783.916666666666,0.2223018685152826,0.03671109950053731,0.942299847258721,0.42453537241359685,-249.0621883254409
trend24,2024_rebound,1422.0,-0.21990432655736736,-0.338062100587646,0.9507149554617909,0.708216127519925,279.2570872174132
trend24,2024_past_downtrend,1263.0,-0.09223844727661289,-0.2689206068086898,0.9754552652414885,0.9406175771971497,-177.41976569115621
trend24,2025_all,8760.0,-0.04765591748272717,-0.23299315864055067,0.9362918569254186,0.44816400304414006,-416.88872411364014
trend24,2025_rebound,1513.9166666666667,-0.19487323386844732,-0.3314137699739155,0.9590466229977431,0.7133263609842021,-235.62759528812785
trend24,2025_past_downtrend,1383.0,-0.3032560370052873,-0.4836680355626409,0.9783080260303688,0.9298626174981923,-327.4427431722993
trend24,2026_all,6407.916666666667,0.3796854923639158,0.17600280406996652,0.9425710384290266,0.46943234280512386,1104.6862281228446
trend24,2026_rebound,1243.0833333333333,0.5929907899057273,0.44568318997813827,0.9509284708721593,0.704766373935778,661.8735043166389
trend24,2026_past_downtrend,1253.0,1.7540792920102528,1.552792185261804,0.9824421388667198,0.9417398244213887,2154.3763139437656
trend168,downtrend,3899.0,0.21803179537209755,0.14895071260158607,0.9599469949559716,0.5036761562793879,1128.523861864711
trend168,mixed,9902.833333333334,0.09080981365243272,0.04416038350178401,0.9431980746251073,0.4259891950115287,-1123.7108346058653
trend168,risk_expansion,5069.0,0.4756728038022805,0.3926109020274225,0.9731702505425133,0.5281120536594989,621.774225420662
trend168,uptrend,5081.0,0.20351468389405963,0.12507103280962176,0.9626057862625468,0.3621334382995473,263.92707040821716
trend168,2024_all,8783.916666666666,0.24893072422044257,0.17398442368529946,0.9502879315415484,0.4293358126120656,-295.40901474103066
trend168,2024_rebound,1422.0,0.5758812571548092,0.5647060718610641,0.9240506329113924,0.7489451476793249,553.744194237575
trend168,2024_past_downtrend,1263.0,-0.17983981913513322,-0.25455855112057213,0.9499868039060438,0.4883874373185537,-188.5777060544188
trend168,2025_all,8760.0,0.11998111542067084,0.06391670799703225,0.958904109589041,0.4570871385083714,-346.4947530674926
trend168,2025_rebound,1513.9166666666667,-0.2058088877366867,-0.24020356291142933,0.9517807012715364,0.7477293994605604,-341.252699041786
trend168,2025_past_downtrend,1383.0,0.2353549661743656,0.17058059086072483,0.958062183658713,0.5018076644974693,-87.45010741178311
trend168,2026_all,6407.916666666667,0.30540388780273764,0.24275086056573164,0.9612978737239092,0.45631055335197346,1532.4180908962471
trend168,2026_rebound,1243.0833333333333,0.10943425766041721,0.054276972238251155,0.9605818864382919,0.6837836026010592,522.0336856767663
trend168,2026_past_downtrend,1253.0,0.5999582948957173,0.5318063218982316,0.9720670391061452,0.5211492418196328,1404.5516753309128
trend_multi,downtrend,3899.0,0.4035976318385688,0.27538909629531966,0.9415234675557835,0.7294177994357528,1637.8549875156168
trend_multi,mixed,9902.833333333334,0.12171854115167619,0.03609267257260258,0.8824578824242221,0.4097817123045593,-435.63123956947135
trend_multi,risk_expansion,5069.0,0.30376647979996363,0.16712780464804,0.9645393568751233,0.5786644308542119,263.8705967909852
trend_multi,uptrend,5081.0,0.13433723527394156,-0.022071849778401452,0.9531588270025586,0.16748671521354064,60.420509543076086
trend_multi,2024_all,8783.916666666666,0.2821590641977511,0.16037016857378858,0.9244072974280646,0.4212149098257231,283.2787110699266
trend_multi,2024_rebound,1422.0,0.26852816682054953,0.20617654603337005,0.9360056258790436,0.8087201125175809,649.837197652085
trend_multi,2024_past_downtrend,1263.0,0.033412729105567314,-0.10174270979688049,0.9501187648456056,0.6991290577988916,46.37287256426115
trend_multi,2025_all,8760.0,0.07850832832478222,-0.03145723269399544,0.9271974885844749,0.444558599695586,103.90847063440525
trend_multi,2025_rebound,1513.9166666666667,0.3614521648019631,0.27106639622811296,0.9326250894479,0.8045356965927231,506.5989357797418
trend_multi,2025_past_downtrend,1383.0,0.01472916388428867,-0.08836911464543207,0.9486623282718727,0.7339117859725235,-62.709357841984406
trend_multi,2026_all,6407.916666666667,0.2863880422222869,0.16121819244860944,0.9207230639183301,0.48252812276480916,1139.3276725758735
trend_multi,2026_rebound,1243.0833333333333,0.19781719173399528,0.11073865743304728,0.9452973117919152,0.8044512971777167,392.9888829392418
trend_multi,2026_past_downtrend,1253.0,1.2059508827025354,1.0570292214553423,0.9249800478850758,0.7549880287310455,1654.19147279334
trend_multi_long_only,downtrend,3899.0,-0.012160701288381747,-0.06154725547455207,0.4521672223647089,0.0,0.0
trend_multi_long_only,mixed,9902.833333333334,0.19689685829269632,0.14140767910091417,0.5801201676287931,0.0,0.0
trend_multi_long_only,risk_expansion,5069.0,0.32268550417083947,0.24167663385122895,0.5138258696652858,0.0,0.0
trend_multi_long_only,uptrend,5081.0,0.12917069111939808,0.010519185110574931,0.7937413894902579,0.0,0.0
trend_multi_long_only,2024_all,8783.916666666666,0.2560399056118252,0.17153696416570782,0.5375259707609552,0.0,0.0
trend_multi_long_only,2024_rebound,1422.0,-0.15891647872947368,-0.1882664122441135,0.20956399437412096,0.0,0.0
trend_multi_long_only,2024_past_downtrend,1263.0,0.002828786940957704,-0.058364307546224146,0.37292161520190026,0.0,0.0
trend_multi_long_only,2025_all,8760.0,0.13006185698087136,0.06672820900468587,0.5945110350076104,0.0,0.0
trend_multi_long_only,2025_rebound,1513.9166666666667,0.08850618405384335,0.06240526624180685,0.32757197115649256,0.0,0.0
trend_multi_long_only,2025_past_downtrend,1383.0,0.23972131338195088,0.20264227443888674,0.4598698481561822,0.0,0.0
trend_multi_long_only,2026_all,6407.916666666667,0.12579068673456514,0.054239977569567346,0.6579231419468106,0.0,0.0
trend_multi_long_only,2026_rebound,1243.0833333333333,-0.1249576064155128,-0.1487474237180475,0.480324462023195,0.0,0.0
trend_multi_long_only,2026_past_downtrend,1253.0,-0.3052848432857685,-0.3563550632189767,0.5235434956105347,0.0,0.0
state_ridge,downtrend,3899.0,0.0731267274066802,-0.04121238260327658,0.6204154911515773,0.21620928443190562,1167.6916153055047
state_ridge,mixed,9902.833333333334,0.2055773601940285,0.0397182032225823,0.676860157867277,0.19166231886497131,-1053.4459686843695
state_ridge,risk_expansion,5069.0,1.340624112095424,1.2076408417969788,0.6833695008877491,0.1759715920299862,841.3251175275508
state_ridge,uptrend,5081.0,0.03869691712212833,-0.1017990469972788,0.6986813619366267,0.185593387128518,370.72750237214063
state_ridge,2024_all,8783.916666666666,0.38623232229204013,0.23553581768464762,0.6857893688274972,0.24772548312730652,304.75432775393
state_ridge,2024_rebound,1422.0,-0.5275122579461344,-0.6739354996879006,0.6434599156118144,0.180028129395218,30.906528630053828
state_ridge,2024_past_downtrend,1263.0,0.5397037134758981,0.4095710714477998,0.6231195566112431,0.2850356294536817,899.2177766490918
state_ridge,2025_all,8760.0,0.5772353743519086,0.42144472613383727,0.6237442922374429,0.20639269406392693,1831.302094098248
state_ridge,2025_rebound,1513.9166666666667,0.762850614483997,0.6276693072786543,0.5990532283811306,0.20080365497880773,809.7400307475929
state_ridge,2025_past_downtrend,1383.0,0.2514606621554953,0.1407041222940161,0.6023138105567607,0.2292118582791034,213.32407002294542
state_ridge,2026_all,6407.916666666667,0.13482505126213803,0.011882698354173426,0.725339749008388,0.09238572078808766,-809.758155331352
state_ridge,2026_rebound,1243.0833333333333,-0.1596596716507841,-0.2723848686821276,0.650868137024871,0.11664543809076892,-311.56734824839253
state_ridge,2026_past_downtrend,1253.0,-0.5940101961073129,-0.6963839937281491,0.6376695929768555,0.13248204309656825,55.14976863346753
state_tree,downtrend,3899.0,0.21532547297636004,0.09378673574822859,0.6063093100795076,0.1569633239292126,1191.4551409006522
state_tree,mixed,9902.833333333334,0.1487781618415768,0.054061997933699715,0.6298197485568103,0.13188144807041755,-951.5992327567358
state_tree,risk_expansion,5069.0,0.3110190123430092,0.1211330647178467,0.7267705661866246,0.14993095285066088,-746.0382971407314
state_tree,uptrend,5081.0,0.20070627974424102,0.064980140037612,0.6831332414878961,0.09958669553237552,139.36867855607656
state_tree,2024_all,8783.916666666666,0.2965605677849575,0.15697234551649328,0.6994507006176061,0.2126519111633952,-567.2350518014298
state_tree,2024_rebound,1422.0,-0.9866233449514817,-1.114348500409482,0.6772151898734177,0.18213783403656822,-251.92654796066586
state_tree,2024_past_downtrend,1263.0,0.9107990457885121,0.7890596803466747,0.6254948535233571,0.23832145684877276,663.646420803597
state_tree,2025_all,8760.0,0.5677655903810551,0.414457478244437,0.6470414764079148,0.13242960426179604,485.91613988696486
state_tree,2025_rebound,1513.9166666666667,0.08633322250856162,-0.0779080933080605,0.693565255683382,0.1750426597677107,-197.7182742608935
state_tree,2025_past_downtrend,1383.0,0.5485933968513553,0.3835736911254477,0.6052060737527115,0.19956616052060738,235.91731024517532
state_tree,2026_all,6407.916666666667,-0.4165732303023504,-0.49380331261122806,0.6154886533584758,0.024344885883347423,-285.4947985262732
state_tree,2026_rebound,1243.0833333333333,-0.19573609557984997,-0.2660087005908552,0.6314942682845076,0.0289602466983978,134.88961694552572
state_tree,2026_past_downtrend,1253.0,-0.8535433707434054,-0.926887716218676,0.5881883479648843,0.027932960893854747,291.89140985188
state_tree_long_only,downtrend,3899.0,-0.19233446304625942,-0.27901519968027616,0.5327006924852526,0.0,0.0
state_tree_long_only,mixed,9902.833333333334,0.2526442691922369,0.17883492797291906,0.5633741185182691,0.0,0.0
state_tree_long_only,risk_expansion,5069.0,0.4392975991294254,0.2847464454138166,0.6322746103768001,0.0,0.0
state_tree_long_only,uptrend,5081.0,0.1440469948609373,0.03027846506735532,0.6099193072229876,0.0,0.0
state_tree_long_only,2024_all,8783.916666666666,0.34278866848912715,0.23175466709443532,0.6111074217082357,0.0,0.0
state_tree_long_only,2024_rebound,1422.0,-0.811704348942525,-0.9025010016152732,0.620253164556962,0.0,0.0
state_tree_long_only,2024_past_downtrend,1263.0,0.15409474603414214,0.07280169365045107,0.5296912114014252,0.0,0.0
state_tree_long_only,2025_all,8760.0,0.4783095797304817,0.36335021559957303,0.5593702435312025,0.0,0.0
state_tree_long_only,2025_rebound,1513.9166666666667,0.15427054024897627,0.032562208382802084,0.5832553531127869,0.0,0.0
state_tree_long_only,2025_past_downtrend,1383.0,0.3132990878988054,0.19409673725931914,0.5112075198843095,0.0,0.0
state_tree_long_only,2026_all,6407.916666666667,-0.3886340625790234,-0.4585491493132029,0.5761622992392224,0.0,0.0
state_tree_long_only,2026_rebound,1243.0833333333333,-0.2941951363338722,-0.3498328780609374,0.5920761547227995,0.0,0.0
state_tree_long_only,2026_past_downtrend,1253.0,-1.0996220065622786,-1.15583766182247,0.5594573024740622,0.0,0.0
trend_state_risk,downtrend,3899.0,0.4035976318385688,0.27538909629531966,0.9415234675557835,0.7294177994357528,1637.8549875156168
trend_state_risk,mixed,9902.833333333334,0.12171854115167619,0.03609267257260258,0.8824578824242221,0.4097817123045593,-435.63123956947135
trend_state_risk,risk_expansion,5069.0,0.30376647979996363,0.16712780464804,0.9645393568751233,0.5786644308542119,263.8705967909852
trend_state_risk,uptrend,5081.0,0.13433723527394156,-0.022071849778401452,0.9531588270025586,0.16748671521354064,60.420509543076086
trend_state_risk,2024_all,8783.916666666666,0.2821590641977511,0.16037016857378858,0.9244072974280646,0.4212149098257231,283.2787110699266
trend_state_risk,2024_rebound,1422.0,0.26852816682054953,0.20617654603337005,0.9360056258790436,0.8087201125175809,649.837197652085
trend_state_risk,2024_past_downtrend,1263.0,0.033412729105567314,-0.10174270979688049,0.9501187648456056,0.6991290577988916,46.37287256426115
trend_state_risk,2025_all,8760.0,0.07850832832478222,-0.03145723269399544,0.9271974885844749,0.444558599695586,103.90847063440525
trend_state_risk,2025_rebound,1513.9166666666667,0.3614521648019631,0.27106639622811296,0.9326250894479,0.8045356965927231,506.5989357797418
trend_state_risk,2025_past_downtrend,1383.0,0.01472916388428867,-0.08836911464543207,0.9486623282718727,0.7339117859725235,-62.709357841984406
trend_state_risk,2026_all,6407.916666666667,0.2863880422222869,0.16121819244860944,0.9207230639183301,0.48252812276480916,1139.3276725758735
trend_state_risk,2026_rebound,1243.0833333333333,0.19781719173399528,0.11073865743304728,0.9452973117919152,0.8044512971777167,392.9888829392418
trend_state_risk,2026_past_downtrend,1253.0,1.2059508827025354,1.0570292214553423,0.9249800478850758,0.7549880287310455,1654.19147279334
state_tree_review2h,downtrend,3899.0,0.41712727766485097,0.2788549984534369,0.5965632213388048,0.13824057450628366,1762.7578173446884
state_tree_review2h,mixed,9902.833333333334,0.1285238768523941,0.020066647195528697,0.6441590790514499,0.12562061362909605,-671.8452435015596
state_tree_review2h,risk_expansion,5069.0,0.5409888092488482,0.33438793739557404,0.7459064904320378,0.15249556125468533,-615.1121268450124
state_tree_review2h,uptrend,5081.0,0.04880185646037612,-0.11648560419264113,0.6742767171816572,0.08777799645739028,149.61439543816957
state_tree_review2h,2024_all,8783.916666666666,0.33542011249636067,0.17485236652239353,0.7028660335651332,0.2046828009524984,-185.68819942805825
state_tree_review2h,2024_rebound,1422.0,-0.7367936837266098,-0.8878483412671064,0.6680731364275668,0.18846694796061886,-121.7401546365858
state_tree_review2h,2024_past_downtrend,1263.0,0.9382557043336768,0.7997774868880569,0.6144101346001584,0.2501979414093428,681.513031701171
state_tree_review2h,2025_all,8760.0,0.5264239060307725,0.3604563833999224,0.6591419330289193,0.11873097412480974,1018.2918038398053
state_tree_review2h,2025_rebound,1513.9166666666667,0.11464594448173529,-0.06950590821092145,0.6440248802774261,0.13012605273297737,-180.7275088282126
state_tree_review2h,2025_past_downtrend,1383.0,1.1232986870813764,0.9450641539121867,0.5625451916124368,0.13376717281272596,774.9890270429865
state_tree_review2h,2026_all,6407.916666666667,-0.26036721853836087,-0.35961221930539894,0.6186097925742896,0.02559334156967293,-207.18876197546078
state_tree_review2h,2026_rebound,1243.0833333333333,0.10755739208015931,0.02767990652791907,0.6580411610913722,0.03620030837299725,113.8231378547136
state_tree_review2h,2026_past_downtrend,1253.0,-0.8875975923317827,-0.9815539120751953,0.6161213088587391,0.030327214684756583,306.25575860053067
state_tree_review8h,downtrend,3899.0,-0.038198601000453206,-0.1412527470314467,0.5855347525006412,0.13849705052577585,1006.7452377904735
state_tree_review8h,mixed,9902.833333333334,0.16932836399518425,0.08644527836233436,0.6473736472726661,0.10754497870979686,-783.0624632665604
state_tree_review8h,risk_expansion,5069.0,0.4972679069752293,0.3405703418789908,0.7457092128624976,0.14618267902939436,-159.4750601373689
state_tree_review8h,uptrend,5081.0,0.30904633835602485,0.20143870978651793,0.7049793347766188,0.09250147608738438,284.5668378095381
state_tree_review8h,2024_all,8783.916666666666,0.46183694222777183,0.35288233686136106,0.6894418776741582,0.184883356892806,59.7880476105149
state_tree_review8h,2024_rebound,1422.0,-0.433368526646053,-0.5580716402662499,0.7039381153305204,0.19268635724331926,-188.14618669174257
state_tree_review8h,2024_past_downtrend,1263.0,1.063724353401407,0.95209396944576,0.5716547901821061,0.2058590657165479,632.3548521182337
state_tree_review8h,2025_all,8760.0,0.39583159751021735,0.25804769890220686,0.6794520547945205,0.12511415525114156,334.22172919536695
state_tree_review8h,2025_rebound,1513.9166666666667,0.028241922991792172,-0.13758631163069665,0.6968679473771123,0.16645566136401166,-186.59421589085284
state_tree_review8h,2025_past_downtrend,1383.0,-0.2588451528255209,-0.3960985165460217,0.631236442516269,0.19016630513376717,57.68497709843044
state_tree_review8h,2026_all,6407.916666666667,-0.29735285582351884,-0.3597139494170535,0.6316925677872424,0.014981468235906105,-45.23522460979982
state_tree_review8h,2026_rebound,1243.0833333333333,-0.04301021114681356,-0.11769163839389894,0.6306898169873298,0.013675672052021184,140.36103159792884
state_tree_review8h,2026_past_downtrend,1253.0,-0.9053769810766551,-0.9620390229069892,0.5490822027134876,0.013567438148443736,316.7054085738095
state_tree_penalty0.08,downtrend,3899.0,0.3871117794226221,0.2598296180084674,0.5770710438573994,0.13490638625288537,1094.8407926404218
state_tree_penalty0.08,mixed,9902.833333333334,0.1732717774776028,0.06937146698865723,0.6235420839153778,0.12026860999377283,-1243.8660411997823
state_tree_penalty0.08,risk_expansion,5069.0,0.1832140769482181,-0.014093682767850467,0.7391990530676662,0.1540737818110081,-921.7716823714959
state_tree_penalty0.08,uptrend,5081.0,0.2697335982848346,0.1308670355680284,0.6793938201141507,0.09565046250738043,250.546402213228
state_tree_penalty0.08,2024_all,8783.916666666666,0.22779530263181244,0.08112371202974943,0.6917092792698777,0.2049104898156669,-928.5918666984307
state_tree_penalty0.08,2024_rebound,1422.0,-1.5426762599687056,-1.6900908411957496,0.6891701828410689,0.18706047819971872,-275.3608030984476
state_tree_penalty0.08,2024_past_downtrend,1263.0,1.2553048300597378,1.1267600647980978,0.566904196357878,0.20902612826603326,705.2854201961543
state_tree_penalty0.08,2025_all,8760.0,0.6519406572747996,0.48748694606911086,0.6324296042617961,0.11644786910197868,494.582372592236
state_tree_penalty0.08,2025_rebound,1513.9166666666667,0.1286580184474903,-0.05055232317828355,0.6757307205372378,0.1591897396378048,-275.7531133379972
state_tree_penalty0.08,2025_past_downtrend,1383.0,0.560760455500286,0.38633454739989515,0.57411424439624,0.1561822125813449,133.30513639058952
state_tree_penalty0.08,2026_all,6407.916666666667,-0.3413708848378975,-0.41970353666614796,0.6254502893556148,0.02559334156967293,-386.2410346114339
state_tree_penalty0.08,2026_rebound,1243.0833333333333,-0.03735049480738419,-0.1124078596022159,0.6403432325534625,0.025742441509686933,133.038123170869
state_tree_penalty0.08,2026_past_downtrend,1253.0,-0.6796750856772067,-0.7536496091612436,0.5905826017557861,0.03671189146049481,256.250236053678
state_tree_penalty0.16,downtrend,3899.0,0.18754893686455398,0.08407322981096266,0.5755321877404462,0.14413952295460375,857.4332217164748
state_tree_penalty0.16,mixed,9902.833333333334,0.11674697217331764,0.0308170262588576,0.5911439487015501,0.1162293619671138,-807.9516414043529
state_tree_penalty0.16,risk_expansion,5069.0,0.31056387117580586,0.13807481067596167,0.7228250147958177,0.1418425724995068,-278.82430824858386
state_tree_penalty0.16,uptrend,5081.0,0.17706003527327144,0.053718823331987485,0.6797874434166503,0.09840582562487699,137.18019427825894
state_tree_penalty0.16,2024_all,8783.916666666666,0.3683016499444887,0.23906198198910864,0.6461715066361816,0.1794093371407971,-254.03312019251493
state_tree_penalty0.16,2024_rebound,1422.0,-0.5714396162044755,-0.6845066001419452,0.6483825597749648,0.16385372714486637,-137.88954454809112
state_tree_penalty0.16,2024_past_downtrend,1263.0,0.9803687817917959,0.877259483764156,0.5510688836104513,0.1955661124307205,650.7854843961254
state_tree_penalty0.16,2025_all,8760.0,0.41938135257562126,0.2818791243777156,0.6538907914764079,0.13699581430745814,163.74706627018327
state_tree_penalty0.16,2025_rebound,1513.9166666666667,-0.1520484886148767,-0.3107295244348147,0.6823361039246987,0.16447404634777343,-340.5350666454919
state_tree_penalty0.16,2025_past_downtrend,1383.0,0.10971324480677666,-0.0339088075466836,0.6196673897324656,0.19595083152566883,-7.937757211061501
state_tree_penalty0.16,2026_all,6407.916666666667,-0.397577304410188,-0.46244947571722084,0.594889134534105,0.024344885883347423,-1.876479735871267
state_tree_penalty0.16,2026_rebound,1243.0833333333333,-0.27019533844791904,-0.3310811557807996,0.6097740832607093,0.025742441509686933,92.03749235159597
state_tree_penalty0.16,2026_past_downtrend,1253.0,-0.5256870583686472,-0.5852205300272323,0.5514764565043895,0.035115722266560255,214.58549453141094
state_tree_known_risk,downtrend,3899.0,0.20732413208226094,0.11477333219547432,0.5670684790972044,0.12849448576558092,1071.0223433345345
state_tree_known_risk,mixed,9902.833333333334,0.13991461624662152,0.06411934822617335,0.5759967686015787,0.11299796354578656,-1045.6365244473493
state_tree_known_risk,risk_expansion,5069.0,0.16233787653293383,-0.004274564531887324,0.7159202998619058,0.1400670743736437,-319.03648834292954
state_tree_known_risk,uptrend,5081.0,0.22671973952420862,0.10764764233378592,0.6612871481991733,0.09958669553237552,294.28347181783806
state_tree_known_risk,2024_all,8783.916666666666,0.3039043009107202,0.1808692925763511,0.61793808760329,0.17667707078277534,49.096553283595156
state_tree_known_risk,2024_rebound,1422.0,-0.565273354611429,-0.6747716631357039,0.6251758087201125,0.15119549929676512,-160.36177802224788
state_tree_known_risk,2024_past_downtrend,1263.0,1.0258886832526313,0.9331317661209743,0.5130641330166271,0.171021377672209,774.6060456893993
state_tree_known_risk,2025_all,8760.0,0.4450071201687682,0.3183798346970427,0.6598268645357687,0.1315163622526636,2.96158947846124
state_tree_known_risk,2025_rebound,1513.9166666666667,-0.16730518352233192,-0.31096691394164466,0.7067760224583035,0.16447404634777343,-321.1643425378206
state_tree_known_risk,2025_past_downtrend,1383.0,0.2270971207800592,0.09353673693301802,0.6377440347071583,0.18799710773680406,107.7177020675285
state_tree_known_risk,2026_all,6407.916666666667,-0.3743760947695689,-0.4322768140327417,0.5767865270823851,0.020599518824370895,-51.42534039996269
state_tree_known_risk,2026_rebound,1243.0833333333333,-0.12269712471508096,-0.18133444668176668,0.5952939599115104,0.02172018502379835,84.90194439645855
state_tree_known_risk,2026_past_downtrend,1253.0,-0.6395977126880762,-0.686676381132482,0.5434956105347167,0.019952114924181964,188.69859557760668
x2_no_internal,downtrend,3899.0,0.18721222239387578,0.09993688325737246,0.6327263400872019,0.12131315721979995,1024.1742219007403
x2_no_internal,mixed,9902.833333333334,0.2388809981292028,0.14647576191200537,0.6403217934261238,0.12127842200043759,-237.73014535738844
x2_no_internal,risk_expansion,5069.0,0.6958003515699043,0.5459206100491667,0.708621029788913,0.1783389228644703,1102.1455335198432
x2_no_internal,uptrend,5081.0,0.1623897871834048,0.05934975864361754,0.6534146821491832,0.11139539460736075,440.1945263892026
x2_no_internal,2024_all,8783.916666666666,0.5693210350982052,0.4653200335057014,0.6971738119859212,0.2185718216057757,1724.354395259639
x2_no_internal,2024_rebound,1422.0,0.037194991375570335,-0.05719076010827947,0.6954992967651196,0.24542897327707455,100.2665388718621
x2_no_internal,2024_past_downtrend,1263.0,1.1376923409309014,1.046556542244094,0.6334125098970704,0.22406967537608868,673.4299122911249
x2_no_internal,2025_all,8760.0,0.5790702742044553,0.4386186613352197,0.6032058599695586,0.12055745814307459,799.7823673799597
x2_no_internal,2025_rebound,1513.9166666666667,0.3286283709322276,0.17524048431769876,0.6446854186161722,0.17636373644520284,-195.22674097445451
x2_no_internal,2025_past_downtrend,1383.0,0.37536703809743577,0.2543329633722361,0.5878524945770065,0.12581344902386118,194.46762451183935
x2_no_internal,2026_all,6407.916666666667,-0.40978536560865886,-0.47138958988630214,0.6729176149294492,0.026217569412835685,-195.352626187202
x2_no_internal,2026_rebound,1243.0833333333333,-0.4163147569258699,-0.4769816107736592,0.6781524435208152,0.03298250318428639,54.53689427281333
x2_no_internal,2026_past_downtrend,1253.0,-0.9785295971035598,-1.0246524288727836,0.6815642458100558,0.012769353551476457,156.27668509777607
x2_soft_local,downtrend,3899.0,0.014228570191996167,-0.08357816199362522,0.6019492177481406,0.08463708643241857,300.127578397818
x2_soft_local,mixed,9902.833333333334,0.49982896621310763,0.3942976201762037,0.6579935035427571,0.11047343352912466,-542.9684987878825
x2_soft_local,risk_expansion,5069.0,0.810588250013754,0.6536628234290613,0.7151311895837443,0.14776089958571711,851.0810887183452
x2_soft_local,uptrend,5081.0,-0.40566458844618225,-0.5268029546745862,0.6628616414091715,0.09820901397362723,-717.3006470422397
x2_soft_local,2024_all,8783.916666666666,0.5445846644354738,0.4073110392455162,0.8082859772121396,0.13250543132809017,52.40920500560298
x2_soft_local,2024_rebound,1422.0,-0.7132936375189435,-0.8402000643973444,0.7953586497890295,0.1111111111111111,-300.3512345854399
x2_soft_local,2024_past_downtrend,1263.0,0.1300009755459899,0.01707865188313308,0.7585114806017419,0.0688836104513064,-68.92812966792481
x2_soft_local,2025_all,8760.0,0.7498095215094406,0.6078902862508494,0.6634798325722984,0.11416476407914763,887.7622612407898
x2_soft_local,2025_rebound,1513.9166666666667,0.2854457088913095,0.1462970388883097,0.676391258875984,0.17372158309021854,-146.1262142920017
x2_soft_local,2025_past_downtrend,1383.0,0.39920262602503315,0.2714776878281595,0.6203904555314533,0.1265365148228489,193.7243710653228
x2_soft_local,2026_all,6407.916666666667,-0.6708931676573873,-0.7314985471182271,0.45943169256778726,0.07927693608166982,-1049.231944960352
x2_soft_local,2026_rebound,1243.0833333333333,-0.4073464283548558,-0.45661280136065074,0.48749748608969634,0.09492525306697057,-3.578720993988888
x2_soft_local,2026_past_downtrend,1253.0,-0.5273832950747109,-0.5769315508442829,0.4237829209896249,0.05426975259377494,175.33133700042012
x2_tree,downtrend,3899.0,-0.049074617201851245,-0.13645702385191122,0.6014362657091562,0.09925621954347269,658.1119672751321
x2_tree,mixed,9902.833333333334,0.3658193390441087,0.2717836035959321,0.6468855714694448,0.11309894474645303,-319.90567529412033
x2_tree,risk_expansion,5069.0,0.8031442287628748,0.647443156236318,0.7019135924245413,0.1432235154862892,1492.0270436859173
x2_tree,uptrend,5081.0,0.00036178545924777397,-0.10873081572854033,0.6626648297579216,0.10371974020862035,-196.9981403971021
x2_tree,2024_all,8783.916666666666,0.5012472317562172,0.3894011305740833,0.70036145607028,0.1853292475831776,962.9472099047191
x2_tree,2024_rebound,1422.0,-0.40201730040087125,-0.503418204092329,0.7271448663853727,0.18565400843881857,-48.6479096772169
x2_tree,2024_past_downtrend,1263.0,0.6786265273148332,0.5926577286785988,0.6262866191607285,0.15914489311163896,414.95790397943716
x2_tree,2025_all,8760.0,0.6159814033663737,0.4739642924624063,0.6118816590563166,0.12101407914764079,727.6962032910586
x2_tree,2025_rebound,1513.9166666666667,0.12701180940544518,-0.01845603066182578,0.6387405735674575,0.16051081631529696,-182.2662012187867
x2_tree,2025_past_downtrend,1383.0,0.06469954929381104,-0.05851876461642073,0.5762834417932032,0.12509038322487345,157.61760611271743
x2_tree,2026_all,6407.916666666667,-0.35809277590303673,-0.41879202633971757,0.6498211847324273,0.011236101176929579,-57.408217925950595
x2_tree,2026_rebound,1243.0833333333333,-0.46089694559851657,-0.5159651095339176,0.6628678688744386,0.011262318160488035,46.51328528969481
x2_tree,2026_past_downtrend,1253.0,-0.9081617822362275,-0.9574151602994112,0.6041500399042299,0.010375099760574621,85.5364571829776
x2_tree_long_only,downtrend,3899.0,-0.18092445609813965,-0.2525473603605018,0.5098743267504489,0.0,0.0
x2_tree_long_only,mixed,9902.833333333334,0.36738914094114367,0.29238322222300794,0.5436827843883064,0.0,0.0
x2_tree_long_only,risk_expansion,5069.0,0.5066931215837981,0.3802520955203793,0.5772341684750444,0.0,0.0
x2_tree_long_only,uptrend,5081.0,0.03609393983091668,-0.05980263217897431,0.5727219051367841,0.0,0.0
x2_tree_long_only,2024_all,8783.916666666666,0.37679366267948144,0.2844013420085913,0.5218628743821567,0.0,0.0
x2_tree_long_only,2024_rebound,1422.0,-0.3705570176094963,-0.4577094042421551,0.5527426160337553,0.0,0.0
x2_tree_long_only,2024_past_downtrend,1263.0,0.37227878316745266,0.295151319231823,0.4718923198733175,0.0,0.0
x2_tree_long_only,2025_all,8760.0,0.526493839494354,0.4168327320493575,0.517351598173516,0.0,0.0
x2_tree_long_only,2025_rebound,1513.9166666666667,0.3311723835846051,0.23674317617837504,0.4868167556558595,0.0,0.0
x2_tree_long_only,2025_past_downtrend,1383.0,0.03459914161809616,-0.05376589362084458,0.4685466377440347,0.0,0.0
x2_tree_long_only,2026_all,6407.916666666667,-0.349133823889103,-0.4081250892766639,0.6385850835554977,0.0,0.0
x2_tree_long_only,2026_rebound,1243.0833333333333,-0.49831461828580675,-0.5517114464189203,0.6516055507139505,0.0,0.0
x2_tree_long_only,2026_past_downtrend,1253.0,-0.9764271111931093,-1.0240223809718765,0.5937749401436552,0.0,0.0
