coordinate,layer,group,formula,window,unit,direction_expectation,potential_redundancy,missing_behavior,available_at
rv_fast_slow_5m,X0/X1/X2 current,vol_strength,(RV_fast / fast) / (RV_slow / slow),"fast and slow; 5m bars (5m 12/48/288, 15m 4/16/96)",dimensionless before training percentile,future risk may rise; return sign unknown,same field other frequency and correlated group members,training percentile transform maps missing to 0.5; counted in missing_count; first 16 rows excluded,close_time + 1ms of completed current bar
rv_surprise_5m,X0/X1/X2 current,vol_strength,"RV_fast / rolling_mean(RV_fast, slow)","fast within slow; 5m bars (5m 12/48/288, 15m 4/16/96)",dimensionless before training percentile,future risk may rise; return sign unknown,same field other frequency and correlated group members,training percentile transform maps missing to 0.5; counted in missing_count; first 16 rows excluded,close_time + 1ms of completed current bar
rv_fast_slow_15m,X0/X1/X2 current,vol_strength,(RV_fast / fast) / (RV_slow / slow),"fast and slow; 15m bars (5m 12/48/288, 15m 4/16/96)",dimensionless before training percentile,future risk may rise; return sign unknown,same field other frequency and correlated group members,training percentile transform maps missing to 0.5; counted in missing_count; first 16 rows excluded,close_time + 1ms of completed current bar
rv_surprise_15m,X0/X1/X2 current,vol_strength,"RV_fast / rolling_mean(RV_fast, slow)","fast within slow; 15m bars (5m 12/48/288, 15m 4/16/96)",dimensionless before training percentile,future risk may rise; return sign unknown,same field other frequency and correlated group members,training percentile transform maps missing to 0.5; counted in missing_count; first 16 rows excluded,close_time + 1ms of completed current bar
semivar_balance_5m,X0/X1/X2 current,vol_asymmetry,(up_semivar_fast - down_semivar_fast) / (up + down),"fast; 5m bars (5m 12/48/288, 15m 4/16/96)",dimensionless before training percentile,direction may persist or mean revert,same field other frequency and correlated group members,training percentile transform maps missing to 0.5; counted in missing_count; first 16 rows excluded,close_time + 1ms of completed current bar
lower_wick_med_5m,X0/X1/X2 current,vol_asymmetry,"rolling_mean((min(open,close)-low)/(high-low), med)","med; 5m bars (5m 12/48/288, 15m 4/16/96)",dimensionless before training percentile,rejection/recovery candidate; sign unassigned,same field other frequency and correlated group members,training percentile transform maps missing to 0.5; counted in missing_count; first 16 rows excluded,close_time + 1ms of completed current bar
semivar_balance_15m,X0/X1/X2 current,vol_asymmetry,(up_semivar_fast - down_semivar_fast) / (up + down),"fast; 15m bars (5m 12/48/288, 15m 4/16/96)",dimensionless before training percentile,direction may persist or mean revert,same field other frequency and correlated group members,training percentile transform maps missing to 0.5; counted in missing_count; first 16 rows excluded,close_time + 1ms of completed current bar
lower_wick_med_15m,X0/X1/X2 current,vol_asymmetry,"rolling_mean((min(open,close)-low)/(high-low), med)","med; 15m bars (5m 12/48/288, 15m 4/16/96)",dimensionless before training percentile,rejection/recovery candidate; sign unassigned,same field other frequency and correlated group members,training percentile transform maps missing to 0.5; counted in missing_count; first 16 rows excluded,close_time + 1ms of completed current bar
close_location_5m,X0/X1/X2 current,path_geometry,2*(close-low)/(high-low)-1,"current bar; 5m bars (5m 12/48/288, 15m 4/16/96)",dimensionless before training percentile,upper close suggests positive contemporaneous path; future unknown,same field other frequency and correlated group members,training percentile transform maps missing to 0.5; counted in missing_count; first 16 rows excluded,close_time + 1ms of completed current bar
vwap_distance_5m,X0/X1/X2 current,path_geometry,log(close / rolling_VWAP_med),"med; 5m bars (5m 12/48/288, 15m 4/16/96)",dimensionless before training percentile,overextension or continuation; future sign unassigned,same field other frequency and correlated group members,training percentile transform maps missing to 0.5; counted in missing_count; first 16 rows excluded,close_time + 1ms of completed current bar
close_location_15m,X0/X1/X2 current,path_geometry,2*(close-low)/(high-low)-1,"current bar; 15m bars (5m 12/48/288, 15m 4/16/96)",dimensionless before training percentile,upper close suggests positive contemporaneous path; future unknown,same field other frequency and correlated group members,training percentile transform maps missing to 0.5; counted in missing_count; first 16 rows excluded,close_time + 1ms of completed current bar
vwap_distance_15m,X0/X1/X2 current,path_geometry,log(close / rolling_VWAP_med),"med; 15m bars (5m 12/48/288, 15m 4/16/96)",dimensionless before training percentile,overextension or continuation; future sign unassigned,same field other frequency and correlated group members,training percentile transform maps missing to 0.5; counted in missing_count; first 16 rows excluded,close_time + 1ms of completed current bar
momentum_z_med_5m,X0/X1/X2 current,trend,log(close/close_lag_med)/sqrt(RV_med),"med; 5m bars (5m 12/48/288, 15m 4/16/96)",dimensionless before training percentile,directional momentum candidate; future sign unassigned,same field other frequency and correlated group members,training percentile transform maps missing to 0.5; counted in missing_count; first 16 rows excluded,close_time + 1ms of completed current bar
direction_alignment_5m,X0/X1/X2 current,trend,"mean(sign(momentum_fast),sign(momentum_med),sign(momentum_slow))","fast/med/slow; 5m bars (5m 12/48/288, 15m 4/16/96)",dimensionless before training percentile,contemporaneous direction; future unknown,same field other frequency and correlated group members,training percentile transform maps missing to 0.5; counted in missing_count; first 16 rows excluded,close_time + 1ms of completed current bar
momentum_z_med_15m,X0/X1/X2 current,trend,log(close/close_lag_med)/sqrt(RV_med),"med; 15m bars (5m 12/48/288, 15m 4/16/96)",dimensionless before training percentile,directional momentum candidate; future sign unassigned,same field other frequency and correlated group members,training percentile transform maps missing to 0.5; counted in missing_count; first 16 rows excluded,close_time + 1ms of completed current bar
direction_alignment_15m,X0/X1/X2 current,trend,"mean(sign(momentum_fast),sign(momentum_med),sign(momentum_slow))","fast/med/slow; 15m bars (5m 12/48/288, 15m 4/16/96)",dimensionless before training percentile,contemporaneous direction; future unknown,same field other frequency and correlated group members,training percentile transform maps missing to 0.5; counted in missing_count; first 16 rows excluded,close_time + 1ms of completed current bar
efficiency_med_5m,X0/X1/X2 current,efficiency,"abs(momentum_med)/rolling_sum(abs(return), med)","med; 5m bars (5m 12/48/288, 15m 4/16/96)",dimensionless before training percentile,high value means straighter path; future sign unknown,same field other frequency and correlated group members,training percentile transform maps missing to 0.5; counted in missing_count; first 16 rows excluded,close_time + 1ms of completed current bar
sign_flip_med_5m,X0/X1/X2 current,efficiency,"rolling_mean(sign(return_t)*sign(return_t-1)<0, med)","med; 5m bars (5m 12/48/288, 15m 4/16/96)",dimensionless before training percentile,high value means more reversals; future sign unknown,same field other frequency and correlated group members,training percentile transform maps missing to 0.5; counted in missing_count; first 16 rows excluded,close_time + 1ms of completed current bar
efficiency_med_15m,X0/X1/X2 current,efficiency,"abs(momentum_med)/rolling_sum(abs(return), med)","med; 15m bars (5m 12/48/288, 15m 4/16/96)",dimensionless before training percentile,high value means straighter path; future sign unknown,same field other frequency and correlated group members,training percentile transform maps missing to 0.5; counted in missing_count; first 16 rows excluded,close_time + 1ms of completed current bar
sign_flip_med_15m,X0/X1/X2 current,efficiency,"rolling_mean(sign(return_t)*sign(return_t-1)<0, med)","med; 15m bars (5m 12/48/288, 15m 4/16/96)",dimensionless before training percentile,high value means more reversals; future sign unknown,same field other frequency and correlated group members,training percentile transform maps missing to 0.5; counted in missing_count; first 16 rows excluded,close_time + 1ms of completed current bar
flow_imb_med_5m,X0/X1/X2 current,participation,2*sum(taker_buy_quote)/sum(quote_volume)-1,"med; 5m bars (5m 12/48/288, 15m 4/16/96)",dimensionless before training percentile,active-buy imbalance; future sign unknown,same field other frequency and correlated group members,training percentile transform maps missing to 0.5; counted in missing_count; first 16 rows excluded,close_time + 1ms of completed current bar
quote_rel_fast_5m,X0/X1/X2 current,participation,"mean(quote_volume, fast)/mean(quote_volume, slow)","fast/slow; 5m bars (5m 12/48/288, 15m 4/16/96)",dimensionless before training percentile,activity change; future risk may rise,same field other frequency and correlated group members,training percentile transform maps missing to 0.5; counted in missing_count; first 16 rows excluded,close_time + 1ms of completed current bar
flow_imb_med_15m,X0/X1/X2 current,participation,2*sum(taker_buy_quote)/sum(quote_volume)-1,"med; 15m bars (5m 12/48/288, 15m 4/16/96)",dimensionless before training percentile,active-buy imbalance; future sign unknown,same field other frequency and correlated group members,training percentile transform maps missing to 0.5; counted in missing_count; first 16 rows excluded,close_time + 1ms of completed current bar
quote_rel_fast_15m,X0/X1/X2 current,participation,"mean(quote_volume, fast)/mean(quote_volume, slow)","fast/slow; 15m bars (5m 12/48/288, 15m 4/16/96)",dimensionless before training percentile,activity change; future risk may rise,same field other frequency and correlated group members,training percentile transform maps missing to 0.5; counted in missing_count; first 16 rows excluded,close_time + 1ms of completed current bar
hour_sin_15m,X0/X1/X2 current,time_context,sin(2*pi*UTC_decimal_hour/24),"current timestamp; 15m bars (5m 12/48/288, 15m 4/16/96)",dimensionless before training percentile,"periodic, no monotone sign",same field other frequency and correlated group members,training percentile transform maps missing to 0.5; counted in missing_count; first 16 rows excluded,close_time + 1ms of completed current bar
hour_cos_15m,X0/X1/X2 current,time_context,cos(2*pi*UTC_decimal_hour/24),"current timestamp; 15m bars (5m 12/48/288, 15m 4/16/96)",dimensionless before training percentile,"periodic, no monotone sign",same field other frequency and correlated group members,training percentile transform maps missing to 0.5; counted in missing_count; first 16 rows excluded,close_time + 1ms of completed current bar
week_sin_15m,X0/X1/X2 current,time_context,sin(2*pi*UTC_decimal_weekday/7),"current timestamp; 15m bars (5m 12/48/288, 15m 4/16/96)",dimensionless before training percentile,"periodic, no monotone sign",same field other frequency and correlated group members,training percentile transform maps missing to 0.5; counted in missing_count; first 16 rows excluded,close_time + 1ms of completed current bar
week_cos_15m,X0/X1/X2 current,time_context,cos(2*pi*UTC_decimal_weekday/7),"current timestamp; 15m bars (5m 12/48/288, 15m 4/16/96)",dimensionless before training percentile,"periodic, no monotone sign",same field other frequency and correlated group members,training percentile transform maps missing to 0.5; counted in missing_count; first 16 rows excluded,close_time + 1ms of completed current bar
rv_fast_slow_15m__lag4,X1 lag16; X2 all lags,vol_strength,"T_symbol,train(rv_fast_slow_15m(t-4*15m))",60 minutes historical,"training percentile [0,1] before group scaling",none; learned from outcome distribution,current coordinate and neighboring path lags,0.5 until lag exists; first 16 per symbol excluded,historical bar was complete before current available_at
rv_fast_slow_15m__lag8,X1 lag16; X2 all lags,vol_strength,"T_symbol,train(rv_fast_slow_15m(t-8*15m))",120 minutes historical,"training percentile [0,1] before group scaling",none; learned from outcome distribution,current coordinate and neighboring path lags,0.5 until lag exists; first 16 per symbol excluded,historical bar was complete before current available_at
rv_fast_slow_15m__lag12,X1 lag16; X2 all lags,vol_strength,"T_symbol,train(rv_fast_slow_15m(t-12*15m))",180 minutes historical,"training percentile [0,1] before group scaling",none; learned from outcome distribution,current coordinate and neighboring path lags,0.5 until lag exists; first 16 per symbol excluded,historical bar was complete before current available_at
rv_fast_slow_15m__lag16,X1 lag16; X2 all lags,vol_strength,"T_symbol,train(rv_fast_slow_15m(t-16*15m))",240 minutes historical,"training percentile [0,1] before group scaling",none; learned from outcome distribution,current coordinate and neighboring path lags,0.5 until lag exists; first 16 per symbol excluded,historical bar was complete before current available_at
rv_fast_slow_15m__argmax_order,X2 ordered path,vol_strength,"argmax of training-percentile values at t-4h,-3h,-2h,-1h,t, divided by 4",4h; 5 ordered nodes,"node position [0,1] before group scaling",recent vs old peak/trough may alter transition; sign unassigned,all five node levels; these positions summarize their ordering,inherits mapped values; first 16 per symbol excluded,current completed bar available_at
rv_fast_slow_15m__argmin_order,X2 ordered path,vol_strength,"argmin of training-percentile values at t-4h,-3h,-2h,-1h,t, divided by 4",4h; 5 ordered nodes,"node position [0,1] before group scaling",recent vs old peak/trough may alter transition; sign unassigned,all five node levels; these positions summarize their ordering,inherits mapped values; first 16 per symbol excluded,current completed bar available_at
rv_surprise_15m__lag4,X1 lag16; X2 all lags,vol_strength,"T_symbol,train(rv_surprise_15m(t-4*15m))",60 minutes historical,"training percentile [0,1] before group scaling",none; learned from outcome distribution,current coordinate and neighboring path lags,0.5 until lag exists; first 16 per symbol excluded,historical bar was complete before current available_at
rv_surprise_15m__lag8,X1 lag16; X2 all lags,vol_strength,"T_symbol,train(rv_surprise_15m(t-8*15m))",120 minutes historical,"training percentile [0,1] before group scaling",none; learned from outcome distribution,current coordinate and neighboring path lags,0.5 until lag exists; first 16 per symbol excluded,historical bar was complete before current available_at
rv_surprise_15m__lag12,X1 lag16; X2 all lags,vol_strength,"T_symbol,train(rv_surprise_15m(t-12*15m))",180 minutes historical,"training percentile [0,1] before group scaling",none; learned from outcome distribution,current coordinate and neighboring path lags,0.5 until lag exists; first 16 per symbol excluded,historical bar was complete before current available_at
rv_surprise_15m__lag16,X1 lag16; X2 all lags,vol_strength,"T_symbol,train(rv_surprise_15m(t-16*15m))",240 minutes historical,"training percentile [0,1] before group scaling",none; learned from outcome distribution,current coordinate and neighboring path lags,0.5 until lag exists; first 16 per symbol excluded,historical bar was complete before current available_at
rv_surprise_15m__argmax_order,X2 ordered path,vol_strength,"argmax of training-percentile values at t-4h,-3h,-2h,-1h,t, divided by 4",4h; 5 ordered nodes,"node position [0,1] before group scaling",recent vs old peak/trough may alter transition; sign unassigned,all five node levels; these positions summarize their ordering,inherits mapped values; first 16 per symbol excluded,current completed bar available_at
rv_surprise_15m__argmin_order,X2 ordered path,vol_strength,"argmin of training-percentile values at t-4h,-3h,-2h,-1h,t, divided by 4",4h; 5 ordered nodes,"node position [0,1] before group scaling",recent vs old peak/trough may alter transition; sign unassigned,all five node levels; these positions summarize their ordering,inherits mapped values; first 16 per symbol excluded,current completed bar available_at
semivar_balance_15m__lag4,X1 lag16; X2 all lags,vol_asymmetry,"T_symbol,train(semivar_balance_15m(t-4*15m))",60 minutes historical,"training percentile [0,1] before group scaling",none; learned from outcome distribution,current coordinate and neighboring path lags,0.5 until lag exists; first 16 per symbol excluded,historical bar was complete before current available_at
semivar_balance_15m__lag8,X1 lag16; X2 all lags,vol_asymmetry,"T_symbol,train(semivar_balance_15m(t-8*15m))",120 minutes historical,"training percentile [0,1] before group scaling",none; learned from outcome distribution,current coordinate and neighboring path lags,0.5 until lag exists; first 16 per symbol excluded,historical bar was complete before current available_at
semivar_balance_15m__lag12,X1 lag16; X2 all lags,vol_asymmetry,"T_symbol,train(semivar_balance_15m(t-12*15m))",180 minutes historical,"training percentile [0,1] before group scaling",none; learned from outcome distribution,current coordinate and neighboring path lags,0.5 until lag exists; first 16 per symbol excluded,historical bar was complete before current available_at
semivar_balance_15m__lag16,X1 lag16; X2 all lags,vol_asymmetry,"T_symbol,train(semivar_balance_15m(t-16*15m))",240 minutes historical,"training percentile [0,1] before group scaling",none; learned from outcome distribution,current coordinate and neighboring path lags,0.5 until lag exists; first 16 per symbol excluded,historical bar was complete before current available_at
semivar_balance_15m__argmax_order,X2 ordered path,vol_asymmetry,"argmax of training-percentile values at t-4h,-3h,-2h,-1h,t, divided by 4",4h; 5 ordered nodes,"node position [0,1] before group scaling",recent vs old peak/trough may alter transition; sign unassigned,all five node levels; these positions summarize their ordering,inherits mapped values; first 16 per symbol excluded,current completed bar available_at
semivar_balance_15m__argmin_order,X2 ordered path,vol_asymmetry,"argmin of training-percentile values at t-4h,-3h,-2h,-1h,t, divided by 4",4h; 5 ordered nodes,"node position [0,1] before group scaling",recent vs old peak/trough may alter transition; sign unassigned,all five node levels; these positions summarize their ordering,inherits mapped values; first 16 per symbol excluded,current completed bar available_at
lower_wick_med_15m__lag4,X1 lag16; X2 all lags,vol_asymmetry,"T_symbol,train(lower_wick_med_15m(t-4*15m))",60 minutes historical,"training percentile [0,1] before group scaling",none; learned from outcome distribution,current coordinate and neighboring path lags,0.5 until lag exists; first 16 per symbol excluded,historical bar was complete before current available_at
lower_wick_med_15m__lag8,X1 lag16; X2 all lags,vol_asymmetry,"T_symbol,train(lower_wick_med_15m(t-8*15m))",120 minutes historical,"training percentile [0,1] before group scaling",none; learned from outcome distribution,current coordinate and neighboring path lags,0.5 until lag exists; first 16 per symbol excluded,historical bar was complete before current available_at
lower_wick_med_15m__lag12,X1 lag16; X2 all lags,vol_asymmetry,"T_symbol,train(lower_wick_med_15m(t-12*15m))",180 minutes historical,"training percentile [0,1] before group scaling",none; learned from outcome distribution,current coordinate and neighboring path lags,0.5 until lag exists; first 16 per symbol excluded,historical bar was complete before current available_at
lower_wick_med_15m__lag16,X1 lag16; X2 all lags,vol_asymmetry,"T_symbol,train(lower_wick_med_15m(t-16*15m))",240 minutes historical,"training percentile [0,1] before group scaling",none; learned from outcome distribution,current coordinate and neighboring path lags,0.5 until lag exists; first 16 per symbol excluded,historical bar was complete before current available_at
lower_wick_med_15m__argmax_order,X2 ordered path,vol_asymmetry,"argmax of training-percentile values at t-4h,-3h,-2h,-1h,t, divided by 4",4h; 5 ordered nodes,"node position [0,1] before group scaling",recent vs old peak/trough may alter transition; sign unassigned,all five node levels; these positions summarize their ordering,inherits mapped values; first 16 per symbol excluded,current completed bar available_at
lower_wick_med_15m__argmin_order,X2 ordered path,vol_asymmetry,"argmin of training-percentile values at t-4h,-3h,-2h,-1h,t, divided by 4",4h; 5 ordered nodes,"node position [0,1] before group scaling",recent vs old peak/trough may alter transition; sign unassigned,all five node levels; these positions summarize their ordering,inherits mapped values; first 16 per symbol excluded,current completed bar available_at
close_location_15m__lag4,X1 lag16; X2 all lags,path_geometry,"T_symbol,train(close_location_15m(t-4*15m))",60 minutes historical,"training percentile [0,1] before group scaling",none; learned from outcome distribution,current coordinate and neighboring path lags,0.5 until lag exists; first 16 per symbol excluded,historical bar was complete before current available_at
close_location_15m__lag8,X1 lag16; X2 all lags,path_geometry,"T_symbol,train(close_location_15m(t-8*15m))",120 minutes historical,"training percentile [0,1] before group scaling",none; learned from outcome distribution,current coordinate and neighboring path lags,0.5 until lag exists; first 16 per symbol excluded,historical bar was complete before current available_at
close_location_15m__lag12,X1 lag16; X2 all lags,path_geometry,"T_symbol,train(close_location_15m(t-12*15m))",180 minutes historical,"training percentile [0,1] before group scaling",none; learned from outcome distribution,current coordinate and neighboring path lags,0.5 until lag exists; first 16 per symbol excluded,historical bar was complete before current available_at
close_location_15m__lag16,X1 lag16; X2 all lags,path_geometry,"T_symbol,train(close_location_15m(t-16*15m))",240 minutes historical,"training percentile [0,1] before group scaling",none; learned from outcome distribution,current coordinate and neighboring path lags,0.5 until lag exists; first 16 per symbol excluded,historical bar was complete before current available_at
close_location_15m__argmax_order,X2 ordered path,path_geometry,"argmax of training-percentile values at t-4h,-3h,-2h,-1h,t, divided by 4",4h; 5 ordered nodes,"node position [0,1] before group scaling",recent vs old peak/trough may alter transition; sign unassigned,all five node levels; these positions summarize their ordering,inherits mapped values; first 16 per symbol excluded,current completed bar available_at
close_location_15m__argmin_order,X2 ordered path,path_geometry,"argmin of training-percentile values at t-4h,-3h,-2h,-1h,t, divided by 4",4h; 5 ordered nodes,"node position [0,1] before group scaling",recent vs old peak/trough may alter transition; sign unassigned,all five node levels; these positions summarize their ordering,inherits mapped values; first 16 per symbol excluded,current completed bar available_at
vwap_distance_15m__lag4,X1 lag16; X2 all lags,path_geometry,"T_symbol,train(vwap_distance_15m(t-4*15m))",60 minutes historical,"training percentile [0,1] before group scaling",none; learned from outcome distribution,current coordinate and neighboring path lags,0.5 until lag exists; first 16 per symbol excluded,historical bar was complete before current available_at
vwap_distance_15m__lag8,X1 lag16; X2 all lags,path_geometry,"T_symbol,train(vwap_distance_15m(t-8*15m))",120 minutes historical,"training percentile [0,1] before group scaling",none; learned from outcome distribution,current coordinate and neighboring path lags,0.5 until lag exists; first 16 per symbol excluded,historical bar was complete before current available_at
vwap_distance_15m__lag12,X1 lag16; X2 all lags,path_geometry,"T_symbol,train(vwap_distance_15m(t-12*15m))",180 minutes historical,"training percentile [0,1] before group scaling",none; learned from outcome distribution,current coordinate and neighboring path lags,0.5 until lag exists; first 16 per symbol excluded,historical bar was complete before current available_at
vwap_distance_15m__lag16,X1 lag16; X2 all lags,path_geometry,"T_symbol,train(vwap_distance_15m(t-16*15m))",240 minutes historical,"training percentile [0,1] before group scaling",none; learned from outcome distribution,current coordinate and neighboring path lags,0.5 until lag exists; first 16 per symbol excluded,historical bar was complete before current available_at
vwap_distance_15m__argmax_order,X2 ordered path,path_geometry,"argmax of training-percentile values at t-4h,-3h,-2h,-1h,t, divided by 4",4h; 5 ordered nodes,"node position [0,1] before group scaling",recent vs old peak/trough may alter transition; sign unassigned,all five node levels; these positions summarize their ordering,inherits mapped values; first 16 per symbol excluded,current completed bar available_at
vwap_distance_15m__argmin_order,X2 ordered path,path_geometry,"argmin of training-percentile values at t-4h,-3h,-2h,-1h,t, divided by 4",4h; 5 ordered nodes,"node position [0,1] before group scaling",recent vs old peak/trough may alter transition; sign unassigned,all five node levels; these positions summarize their ordering,inherits mapped values; first 16 per symbol excluded,current completed bar available_at
momentum_z_med_15m__lag4,X1 lag16; X2 all lags,trend,"T_symbol,train(momentum_z_med_15m(t-4*15m))",60 minutes historical,"training percentile [0,1] before group scaling",none; learned from outcome distribution,current coordinate and neighboring path lags,0.5 until lag exists; first 16 per symbol excluded,historical bar was complete before current available_at
momentum_z_med_15m__lag8,X1 lag16; X2 all lags,trend,"T_symbol,train(momentum_z_med_15m(t-8*15m))",120 minutes historical,"training percentile [0,1] before group scaling",none; learned from outcome distribution,current coordinate and neighboring path lags,0.5 until lag exists; first 16 per symbol excluded,historical bar was complete before current available_at
momentum_z_med_15m__lag12,X1 lag16; X2 all lags,trend,"T_symbol,train(momentum_z_med_15m(t-12*15m))",180 minutes historical,"training percentile [0,1] before group scaling",none; learned from outcome distribution,current coordinate and neighboring path lags,0.5 until lag exists; first 16 per symbol excluded,historical bar was complete before current available_at
momentum_z_med_15m__lag16,X1 lag16; X2 all lags,trend,"T_symbol,train(momentum_z_med_15m(t-16*15m))",240 minutes historical,"training percentile [0,1] before group scaling",none; learned from outcome distribution,current coordinate and neighboring path lags,0.5 until lag exists; first 16 per symbol excluded,historical bar was complete before current available_at
momentum_z_med_15m__argmax_order,X2 ordered path,trend,"argmax of training-percentile values at t-4h,-3h,-2h,-1h,t, divided by 4",4h; 5 ordered nodes,"node position [0,1] before group scaling",recent vs old peak/trough may alter transition; sign unassigned,all five node levels; these positions summarize their ordering,inherits mapped values; first 16 per symbol excluded,current completed bar available_at
momentum_z_med_15m__argmin_order,X2 ordered path,trend,"argmin of training-percentile values at t-4h,-3h,-2h,-1h,t, divided by 4",4h; 5 ordered nodes,"node position [0,1] before group scaling",recent vs old peak/trough may alter transition; sign unassigned,all five node levels; these positions summarize their ordering,inherits mapped values; first 16 per symbol excluded,current completed bar available_at
direction_alignment_15m__lag4,X1 lag16; X2 all lags,trend,"T_symbol,train(direction_alignment_15m(t-4*15m))",60 minutes historical,"training percentile [0,1] before group scaling",none; learned from outcome distribution,current coordinate and neighboring path lags,0.5 until lag exists; first 16 per symbol excluded,historical bar was complete before current available_at
direction_alignment_15m__lag8,X1 lag16; X2 all lags,trend,"T_symbol,train(direction_alignment_15m(t-8*15m))",120 minutes historical,"training percentile [0,1] before group scaling",none; learned from outcome distribution,current coordinate and neighboring path lags,0.5 until lag exists; first 16 per symbol excluded,historical bar was complete before current available_at
direction_alignment_15m__lag12,X1 lag16; X2 all lags,trend,"T_symbol,train(direction_alignment_15m(t-12*15m))",180 minutes historical,"training percentile [0,1] before group scaling",none; learned from outcome distribution,current coordinate and neighboring path lags,0.5 until lag exists; first 16 per symbol excluded,historical bar was complete before current available_at
direction_alignment_15m__lag16,X1 lag16; X2 all lags,trend,"T_symbol,train(direction_alignment_15m(t-16*15m))",240 minutes historical,"training percentile [0,1] before group scaling",none; learned from outcome distribution,current coordinate and neighboring path lags,0.5 until lag exists; first 16 per symbol excluded,historical bar was complete before current available_at
direction_alignment_15m__argmax_order,X2 ordered path,trend,"argmax of training-percentile values at t-4h,-3h,-2h,-1h,t, divided by 4",4h; 5 ordered nodes,"node position [0,1] before group scaling",recent vs old peak/trough may alter transition; sign unassigned,all five node levels; these positions summarize their ordering,inherits mapped values; first 16 per symbol excluded,current completed bar available_at
direction_alignment_15m__argmin_order,X2 ordered path,trend,"argmin of training-percentile values at t-4h,-3h,-2h,-1h,t, divided by 4",4h; 5 ordered nodes,"node position [0,1] before group scaling",recent vs old peak/trough may alter transition; sign unassigned,all five node levels; these positions summarize their ordering,inherits mapped values; first 16 per symbol excluded,current completed bar available_at
efficiency_med_15m__lag4,X1 lag16; X2 all lags,efficiency,"T_symbol,train(efficiency_med_15m(t-4*15m))",60 minutes historical,"training percentile [0,1] before group scaling",none; learned from outcome distribution,current coordinate and neighboring path lags,0.5 until lag exists; first 16 per symbol excluded,historical bar was complete before current available_at
efficiency_med_15m__lag8,X1 lag16; X2 all lags,efficiency,"T_symbol,train(efficiency_med_15m(t-8*15m))",120 minutes historical,"training percentile [0,1] before group scaling",none; learned from outcome distribution,current coordinate and neighboring path lags,0.5 until lag exists; first 16 per symbol excluded,historical bar was complete before current available_at
efficiency_med_15m__lag12,X1 lag16; X2 all lags,efficiency,"T_symbol,train(efficiency_med_15m(t-12*15m))",180 minutes historical,"training percentile [0,1] before group scaling",none; learned from outcome distribution,current coordinate and neighboring path lags,0.5 until lag exists; first 16 per symbol excluded,historical bar was complete before current available_at
efficiency_med_15m__lag16,X1 lag16; X2 all lags,efficiency,"T_symbol,train(efficiency_med_15m(t-16*15m))",240 minutes historical,"training percentile [0,1] before group scaling",none; learned from outcome distribution,current coordinate and neighboring path lags,0.5 until lag exists; first 16 per symbol excluded,historical bar was complete before current available_at
efficiency_med_15m__argmax_order,X2 ordered path,efficiency,"argmax of training-percentile values at t-4h,-3h,-2h,-1h,t, divided by 4",4h; 5 ordered nodes,"node position [0,1] before group scaling",recent vs old peak/trough may alter transition; sign unassigned,all five node levels; these positions summarize their ordering,inherits mapped values; first 16 per symbol excluded,current completed bar available_at
efficiency_med_15m__argmin_order,X2 ordered path,efficiency,"argmin of training-percentile values at t-4h,-3h,-2h,-1h,t, divided by 4",4h; 5 ordered nodes,"node position [0,1] before group scaling",recent vs old peak/trough may alter transition; sign unassigned,all five node levels; these positions summarize their ordering,inherits mapped values; first 16 per symbol excluded,current completed bar available_at
sign_flip_med_15m__lag4,X1 lag16; X2 all lags,efficiency,"T_symbol,train(sign_flip_med_15m(t-4*15m))",60 minutes historical,"training percentile [0,1] before group scaling",none; learned from outcome distribution,current coordinate and neighboring path lags,0.5 until lag exists; first 16 per symbol excluded,historical bar was complete before current available_at
sign_flip_med_15m__lag8,X1 lag16; X2 all lags,efficiency,"T_symbol,train(sign_flip_med_15m(t-8*15m))",120 minutes historical,"training percentile [0,1] before group scaling",none; learned from outcome distribution,current coordinate and neighboring path lags,0.5 until lag exists; first 16 per symbol excluded,historical bar was complete before current available_at
sign_flip_med_15m__lag12,X1 lag16; X2 all lags,efficiency,"T_symbol,train(sign_flip_med_15m(t-12*15m))",180 minutes historical,"training percentile [0,1] before group scaling",none; learned from outcome distribution,current coordinate and neighboring path lags,0.5 until lag exists; first 16 per symbol excluded,historical bar was complete before current available_at
sign_flip_med_15m__lag16,X1 lag16; X2 all lags,efficiency,"T_symbol,train(sign_flip_med_15m(t-16*15m))",240 minutes historical,"training percentile [0,1] before group scaling",none; learned from outcome distribution,current coordinate and neighboring path lags,0.5 until lag exists; first 16 per symbol excluded,historical bar was complete before current available_at
sign_flip_med_15m__argmax_order,X2 ordered path,efficiency,"argmax of training-percentile values at t-4h,-3h,-2h,-1h,t, divided by 4",4h; 5 ordered nodes,"node position [0,1] before group scaling",recent vs old peak/trough may alter transition; sign unassigned,all five node levels; these positions summarize their ordering,inherits mapped values; first 16 per symbol excluded,current completed bar available_at
sign_flip_med_15m__argmin_order,X2 ordered path,efficiency,"argmin of training-percentile values at t-4h,-3h,-2h,-1h,t, divided by 4",4h; 5 ordered nodes,"node position [0,1] before group scaling",recent vs old peak/trough may alter transition; sign unassigned,all five node levels; these positions summarize their ordering,inherits mapped values; first 16 per symbol excluded,current completed bar available_at
flow_imb_med_15m__lag4,X1 lag16; X2 all lags,participation,"T_symbol,train(flow_imb_med_15m(t-4*15m))",60 minutes historical,"training percentile [0,1] before group scaling",none; learned from outcome distribution,current coordinate and neighboring path lags,0.5 until lag exists; first 16 per symbol excluded,historical bar was complete before current available_at
flow_imb_med_15m__lag8,X1 lag16; X2 all lags,participation,"T_symbol,train(flow_imb_med_15m(t-8*15m))",120 minutes historical,"training percentile [0,1] before group scaling",none; learned from outcome distribution,current coordinate and neighboring path lags,0.5 until lag exists; first 16 per symbol excluded,historical bar was complete before current available_at
flow_imb_med_15m__lag12,X1 lag16; X2 all lags,participation,"T_symbol,train(flow_imb_med_15m(t-12*15m))",180 minutes historical,"training percentile [0,1] before group scaling",none; learned from outcome distribution,current coordinate and neighboring path lags,0.5 until lag exists; first 16 per symbol excluded,historical bar was complete before current available_at
flow_imb_med_15m__lag16,X1 lag16; X2 all lags,participation,"T_symbol,train(flow_imb_med_15m(t-16*15m))",240 minutes historical,"training percentile [0,1] before group scaling",none; learned from outcome distribution,current coordinate and neighboring path lags,0.5 until lag exists; first 16 per symbol excluded,historical bar was complete before current available_at
flow_imb_med_15m__argmax_order,X2 ordered path,participation,"argmax of training-percentile values at t-4h,-3h,-2h,-1h,t, divided by 4",4h; 5 ordered nodes,"node position [0,1] before group scaling",recent vs old peak/trough may alter transition; sign unassigned,all five node levels; these positions summarize their ordering,inherits mapped values; first 16 per symbol excluded,current completed bar available_at
flow_imb_med_15m__argmin_order,X2 ordered path,participation,"argmin of training-percentile values at t-4h,-3h,-2h,-1h,t, divided by 4",4h; 5 ordered nodes,"node position [0,1] before group scaling",recent vs old peak/trough may alter transition; sign unassigned,all five node levels; these positions summarize their ordering,inherits mapped values; first 16 per symbol excluded,current completed bar available_at
quote_rel_fast_15m__lag4,X1 lag16; X2 all lags,participation,"T_symbol,train(quote_rel_fast_15m(t-4*15m))",60 minutes historical,"training percentile [0,1] before group scaling",none; learned from outcome distribution,current coordinate and neighboring path lags,0.5 until lag exists; first 16 per symbol excluded,historical bar was complete before current available_at
quote_rel_fast_15m__lag8,X1 lag16; X2 all lags,participation,"T_symbol,train(quote_rel_fast_15m(t-8*15m))",120 minutes historical,"training percentile [0,1] before group scaling",none; learned from outcome distribution,current coordinate and neighboring path lags,0.5 until lag exists; first 16 per symbol excluded,historical bar was complete before current available_at
quote_rel_fast_15m__lag12,X1 lag16; X2 all lags,participation,"T_symbol,train(quote_rel_fast_15m(t-12*15m))",180 minutes historical,"training percentile [0,1] before group scaling",none; learned from outcome distribution,current coordinate and neighboring path lags,0.5 until lag exists; first 16 per symbol excluded,historical bar was complete before current available_at
quote_rel_fast_15m__lag16,X1 lag16; X2 all lags,participation,"T_symbol,train(quote_rel_fast_15m(t-16*15m))",240 minutes historical,"training percentile [0,1] before group scaling",none; learned from outcome distribution,current coordinate and neighboring path lags,0.5 until lag exists; first 16 per symbol excluded,historical bar was complete before current available_at
quote_rel_fast_15m__argmax_order,X2 ordered path,participation,"argmax of training-percentile values at t-4h,-3h,-2h,-1h,t, divided by 4",4h; 5 ordered nodes,"node position [0,1] before group scaling",recent vs old peak/trough may alter transition; sign unassigned,all five node levels; these positions summarize their ordering,inherits mapped values; first 16 per symbol excluded,current completed bar available_at
quote_rel_fast_15m__argmin_order,X2 ordered path,participation,"argmin of training-percentile values at t-4h,-3h,-2h,-1h,t, divided by 4",4h; 5 ordered nodes,"node position [0,1] before group scaling",recent vs old peak/trough may alter transition; sign unassigned,all five node levels; these positions summarize their ordering,inherits mapped values; first 16 per symbol excluded,current completed bar available_at
