period,community,rows,days,mean_4h_bp,mean_4h_residual_bp
validation,0,34909,213,4.7401143546485836,-0.34688993798259204
validation,1,25659,214,-9.355670208667663,-0.5592052550434935
validation,2,22253,214,-6.532781544191919,-0.9728598231255248
validation,3,27148,214,5.373984513718358,-0.017959689905434503
validation,4,36028,214,-8.17913620696174,0.9450060036558474
validation,5,9652,212,0.6055096417989162,-1.594876809896472
validation,6,6238,204,3.963561827300613,-1.6784180069574166
validation,7,16504,214,10.867008594562867,2.1234314510164145
validation,8,18794,214,-3.661272665794355,1.0778935609687323
validation,9,18527,214,-6.54098247672995,-0.8159600189341767
test,0,38790,235,1.1644678613848798,0.4929239899843748
test,1,27338,235,-0.23615893084589532,-1.0476159701151306
test,2,24149,235,-4.774447714720591,-0.39092506790456344
test,3,28678,235,-4.341692996698871,0.8829471061526991
test,4,37961,235,0.109805759120154,-0.4068998498978488
test,5,9561,234,8.411493912178381,0.6912877780077656
test,6,6642,229,-1.4162922110622866,0.22671387462137893
test,7,16040,234,5.266475298525993,0.3352931096647495
test,8,22406,235,-1.0573205834141044,0.05671556699958272
test,9,18795,235,4.866276622910633,1.1721156053827573
