date,loss,period
2025-07-01 00:00:00+00:00,1.3056163,validation
2025-07-02 00:00:00+00:00,1.331682,validation
2025-07-03 00:00:00+00:00,1.293826,validation
2025-07-04 00:00:00+00:00,1.2771487,validation
2025-07-05 00:00:00+00:00,1.1244886,validation
2025-07-06 00:00:00+00:00,1.3130224,validation
2025-07-07 00:00:00+00:00,1.2176652,validation
2025-07-08 00:00:00+00:00,1.2402694,validation
2025-07-09 00:00:00+00:00,1.3869766,validation
2025-07-10 00:00:00+00:00,1.3811458,validation
2025-07-11 00:00:00+00:00,1.2760814,validation
2025-07-12 00:00:00+00:00,1.1112373,validation
2025-07-13 00:00:00+00:00,1.289633,validation
2025-07-14 00:00:00+00:00,1.3578552,validation
2025-07-15 00:00:00+00:00,1.3029318,validation
2025-07-16 00:00:00+00:00,1.2864938,validation
2025-07-17 00:00:00+00:00,1.3754011,validation
2025-07-18 00:00:00+00:00,1.234328,validation
2025-07-19 00:00:00+00:00,1.1821983,validation
2025-07-20 00:00:00+00:00,1.312608,validation
2025-07-21 00:00:00+00:00,1.2619903,validation
2025-07-22 00:00:00+00:00,1.246226,validation
2025-07-23 00:00:00+00:00,1.2956861,validation
2025-07-24 00:00:00+00:00,1.2577747,validation
2025-07-25 00:00:00+00:00,1.2697444,validation
2025-07-26 00:00:00+00:00,1.124214,validation
2025-07-27 00:00:00+00:00,1.3327388,validation
2025-07-28 00:00:00+00:00,1.3315996,validation
2025-07-29 00:00:00+00:00,1.2217803,validation
2025-07-30 00:00:00+00:00,1.2372047,validation
2025-07-31 00:00:00+00:00,1.3490682,validation
2025-08-01 00:00:00+00:00,1.3284094,validation
2025-08-02 00:00:00+00:00,1.1759267,validation
2025-08-03 00:00:00+00:00,1.1824318,validation
2025-08-04 00:00:00+00:00,1.3108472,validation
2025-08-05 00:00:00+00:00,1.3038467,validation
2025-08-06 00:00:00+00:00,1.2901894,validation
2025-08-07 00:00:00+00:00,1.3694813,validation
2025-08-08 00:00:00+00:00,1.2726628,validation
2025-08-09 00:00:00+00:00,1.3098369,validation
2025-08-10 00:00:00+00:00,1.268704,validation
2025-08-11 00:00:00+00:00,1.353886,validation
2025-08-12 00:00:00+00:00,1.3092941,validation
2025-08-13 00:00:00+00:00,1.2961717,validation
2025-08-14 00:00:00+00:00,1.2946837,validation
2025-08-15 00:00:00+00:00,1.158503,validation
2025-08-16 00:00:00+00:00,1.1300386,validation
2025-08-17 00:00:00+00:00,1.3880064,validation
2025-08-18 00:00:00+00:00,1.2780524,validation
2025-08-19 00:00:00+00:00,1.3110185,validation
2025-08-20 00:00:00+00:00,1.1997775,validation
2025-08-21 00:00:00+00:00,1.2264485,validation
2025-08-22 00:00:00+00:00,1.3099285,validation
2025-08-23 00:00:00+00:00,1.0648942,validation
2025-08-24 00:00:00+00:00,1.3825927,validation
2025-08-25 00:00:00+00:00,1.3549562,validation
2025-08-26 00:00:00+00:00,1.2616639,validation
2025-08-27 00:00:00+00:00,1.226595,validation
2025-08-28 00:00:00+00:00,1.3196813,validation
2025-08-29 00:00:00+00:00,1.2925807,validation
2025-08-30 00:00:00+00:00,1.1200957,validation
2025-08-31 00:00:00+00:00,1.3194449,validation
2025-09-01 00:00:00+00:00,1.3352576,validation
2025-09-02 00:00:00+00:00,1.2253762,validation
2025-09-03 00:00:00+00:00,1.2015342,validation
2025-09-04 00:00:00+00:00,1.2865511,validation
2025-09-05 00:00:00+00:00,1.2510428,validation
2025-09-06 00:00:00+00:00,1.1632048,validation
2025-09-07 00:00:00+00:00,1.3010044,validation
2025-09-08 00:00:00+00:00,1.2795895,validation
2025-09-09 00:00:00+00:00,1.2738843,validation
2025-09-10 00:00:00+00:00,1.286032,validation
2025-09-11 00:00:00+00:00,1.284543,validation
2025-09-12 00:00:00+00:00,1.2668933,validation
2025-09-13 00:00:00+00:00,1.254202,validation
2025-09-14 00:00:00+00:00,1.2956676,validation
2025-09-15 00:00:00+00:00,1.2579106,validation
2025-09-16 00:00:00+00:00,1.2030023,validation
2025-09-17 00:00:00+00:00,1.3267963,validation
2025-09-18 00:00:00+00:00,1.2015882,validation
2025-09-19 00:00:00+00:00,1.2840123,validation
2025-09-20 00:00:00+00:00,1.1427864,validation
2025-09-21 00:00:00+00:00,1.4057004,validation
2025-09-22 00:00:00+00:00,1.2335572,validation
2025-09-23 00:00:00+00:00,1.1754346,validation
2025-09-24 00:00:00+00:00,1.3017676,validation
2025-09-25 00:00:00+00:00,1.3408808,validation
2025-09-26 00:00:00+00:00,1.1257657,validation
2025-09-27 00:00:00+00:00,1.1045023,validation
2025-09-28 00:00:00+00:00,1.4000154,validation
2025-09-29 00:00:00+00:00,1.2564203,validation
2025-09-30 00:00:00+00:00,1.3019704,validation
2025-10-01 00:00:00+00:00,1.3599436,validation
2025-10-02 00:00:00+00:00,1.2439201,validation
2025-10-03 00:00:00+00:00,1.256888,validation
2025-10-04 00:00:00+00:00,1.1336335,validation
2025-10-05 00:00:00+00:00,1.3362346,validation
2025-10-06 00:00:00+00:00,1.3331716,validation
2025-10-07 00:00:00+00:00,1.3465114,validation
2025-10-08 00:00:00+00:00,1.2393754,validation
2025-10-09 00:00:00+00:00,1.3305082,validation
2025-10-10 00:00:00+00:00,1.4273332,validation
2025-10-11 00:00:00+00:00,1.0258151,validation
2025-10-12 00:00:00+00:00,1.306581,validation
2025-10-13 00:00:00+00:00,1.2378901,validation
2025-10-14 00:00:00+00:00,1.2797585,validation
2025-10-15 00:00:00+00:00,1.2255586,validation
2025-10-16 00:00:00+00:00,1.3757071,validation
2025-10-17 00:00:00+00:00,1.2278252,validation
2025-10-18 00:00:00+00:00,1.0909902,validation
2025-10-19 00:00:00+00:00,1.3359585,validation
2025-10-20 00:00:00+00:00,1.2856698,validation
2025-10-21 00:00:00+00:00,1.3880348,validation
2025-10-22 00:00:00+00:00,1.2014794,validation
2025-10-23 00:00:00+00:00,1.2193774,validation
2025-10-24 00:00:00+00:00,1.2615438,validation
2025-10-25 00:00:00+00:00,1.186948,validation
2025-10-26 00:00:00+00:00,1.3847667,validation
2025-10-27 00:00:00+00:00,1.2740592,validation
2025-10-28 00:00:00+00:00,1.2864395,validation
2025-10-29 00:00:00+00:00,1.2186702,validation
2025-10-30 00:00:00+00:00,1.3065474,validation
2025-10-31 00:00:00+00:00,1.1205124,validation
2025-11-01 00:00:00+00:00,1.114722,validation
2025-11-02 00:00:00+00:00,1.434654,validation
2025-11-03 00:00:00+00:00,1.3879871,validation
2025-11-04 00:00:00+00:00,1.332697,validation
2025-11-05 00:00:00+00:00,1.0533774,validation
2025-11-06 00:00:00+00:00,1.3333029,validation
2025-11-07 00:00:00+00:00,1.3347468,validation
2025-11-08 00:00:00+00:00,1.1319886,validation
2025-11-09 00:00:00+00:00,1.3356957,validation
2025-11-10 00:00:00+00:00,1.2741435,validation
2025-11-11 00:00:00+00:00,1.3133063,validation
2025-11-12 00:00:00+00:00,1.3393207,validation
2025-11-13 00:00:00+00:00,1.397237,validation
2025-11-14 00:00:00+00:00,1.2913712,validation
2025-11-15 00:00:00+00:00,1.1090715,validation
2025-11-16 00:00:00+00:00,1.3108851,validation
2025-11-17 00:00:00+00:00,1.313758,validation
2025-11-18 00:00:00+00:00,1.2242953,validation
2025-11-19 00:00:00+00:00,1.2985009,validation
2025-11-20 00:00:00+00:00,1.3551753,validation
2025-11-21 00:00:00+00:00,1.2765085,validation
2025-11-22 00:00:00+00:00,1.0746268,validation
2025-11-23 00:00:00+00:00,1.2365582,validation
2025-11-24 00:00:00+00:00,1.2984113,validation
2025-11-25 00:00:00+00:00,1.2206445,validation
2025-11-26 00:00:00+00:00,1.2407591,validation
2025-11-27 00:00:00+00:00,1.1771111,validation
2025-11-28 00:00:00+00:00,1.2690052,validation
2025-11-29 00:00:00+00:00,1.1362717,validation
2025-11-30 00:00:00+00:00,1.4439216,validation
2025-12-01 00:00:00+00:00,1.2984138,validation
2025-12-02 00:00:00+00:00,1.3396721,validation
2025-12-03 00:00:00+00:00,1.2656543,validation
2025-12-04 00:00:00+00:00,1.2314384,validation
2025-12-05 00:00:00+00:00,1.2881677,validation
2025-12-06 00:00:00+00:00,1.1217103,validation
2025-12-07 00:00:00+00:00,1.3396282,validation
2025-12-08 00:00:00+00:00,1.2120367,validation
2025-12-09 00:00:00+00:00,1.3169441,validation
2025-12-10 00:00:00+00:00,1.3017484,validation
2025-12-11 00:00:00+00:00,1.2331303,validation
2025-12-12 00:00:00+00:00,1.2026235,validation
2025-12-13 00:00:00+00:00,1.1307158,validation
2025-12-14 00:00:00+00:00,1.330147,validation
2025-12-15 00:00:00+00:00,1.3251805,validation
2025-12-16 00:00:00+00:00,1.169839,validation
2025-12-17 00:00:00+00:00,1.2634158,validation
2025-12-18 00:00:00+00:00,1.2328002,validation
2025-12-19 00:00:00+00:00,1.1680365,validation
2025-12-20 00:00:00+00:00,1.0802729,validation
2025-12-21 00:00:00+00:00,1.3650594,validation
2025-12-22 00:00:00+00:00,1.2417381,validation
2025-12-23 00:00:00+00:00,1.2675115,validation
2025-12-24 00:00:00+00:00,1.2049153,validation
2025-12-25 00:00:00+00:00,1.2938673,validation
2025-12-26 00:00:00+00:00,1.2112126,validation
2025-12-27 00:00:00+00:00,1.2016675,validation
2025-12-28 00:00:00+00:00,1.3067049,validation
2025-12-29 00:00:00+00:00,1.2789392,validation
2025-12-30 00:00:00+00:00,1.1723083,validation
2025-12-31 00:00:00+00:00,1.247826,validation
2026-01-01 00:00:00+00:00,1.307955,validation
2026-01-02 00:00:00+00:00,1.3718826,validation
2026-01-03 00:00:00+00:00,1.2222457,validation
2026-01-04 00:00:00+00:00,1.2942147,validation
2026-01-05 00:00:00+00:00,1.2988918,validation
2026-01-06 00:00:00+00:00,1.264266,validation
2026-01-07 00:00:00+00:00,1.2290086,validation
2026-01-08 00:00:00+00:00,1.265948,validation
2026-01-09 00:00:00+00:00,1.2051232,validation
2026-01-10 00:00:00+00:00,1.0934932,validation
2026-01-11 00:00:00+00:00,1.3315885,validation
2026-01-12 00:00:00+00:00,1.2906896,validation
2026-01-13 00:00:00+00:00,1.3550735,validation
2026-01-14 00:00:00+00:00,1.2388823,validation
2026-01-15 00:00:00+00:00,1.259407,validation
2026-01-16 00:00:00+00:00,1.1649038,validation
2026-01-17 00:00:00+00:00,1.148329,validation
2026-01-18 00:00:00+00:00,1.4206647,validation
2026-01-19 00:00:00+00:00,1.13378,validation
2026-01-20 00:00:00+00:00,1.391102,validation
2026-01-21 00:00:00+00:00,1.2132239,validation
2026-01-22 00:00:00+00:00,1.0755421,validation
2026-01-23 00:00:00+00:00,1.2133203,validation
2026-01-24 00:00:00+00:00,1.1155049,validation
2026-01-25 00:00:00+00:00,1.3819683,validation
2026-01-26 00:00:00+00:00,1.1888568,validation
2026-01-27 00:00:00+00:00,1.222034,validation
2026-01-28 00:00:00+00:00,1.2727395,validation
2026-01-29 00:00:00+00:00,1.4207213,validation
2026-01-30 00:00:00+00:00,1.2255934,validation
2026-02-01 00:00:00+00:00,1.1629915,test
2026-02-02 00:00:00+00:00,1.1322265,test
2026-02-03 00:00:00+00:00,1.242446,test
2026-02-04 00:00:00+00:00,1.3189249,test
2026-02-05 00:00:00+00:00,1.4104725,test
2026-02-06 00:00:00+00:00,1.1157473,test
2026-02-07 00:00:00+00:00,1.1777705,test
2026-02-08 00:00:00+00:00,1.2297302,test
2026-02-09 00:00:00+00:00,1.2586823,test
2026-02-10 00:00:00+00:00,1.2476776,test
2026-02-11 00:00:00+00:00,1.3004667,test
2026-02-12 00:00:00+00:00,1.1902173,test
2026-02-13 00:00:00+00:00,1.3340619,test
2026-02-14 00:00:00+00:00,1.2834048,test
2026-02-15 00:00:00+00:00,1.3545026,test
2026-02-16 00:00:00+00:00,1.1835814,test
2026-02-17 00:00:00+00:00,1.1810385,test
2026-02-18 00:00:00+00:00,1.2410195,test
2026-02-19 00:00:00+00:00,1.2178335,test
2026-02-20 00:00:00+00:00,1.2680377,test
2026-02-21 00:00:00+00:00,1.1309927,test
2026-02-22 00:00:00+00:00,1.4235988,test
2026-02-23 00:00:00+00:00,1.3407563,test
2026-02-24 00:00:00+00:00,1.3596356,test
2026-02-25 00:00:00+00:00,1.3945341,test
2026-02-26 00:00:00+00:00,1.1968945,test
2026-02-27 00:00:00+00:00,1.4026904,test
2026-02-28 00:00:00+00:00,1.4340956,test
2026-03-01 00:00:00+00:00,1.2405933,test
2026-03-02 00:00:00+00:00,1.2376622,test
2026-03-03 00:00:00+00:00,1.2561255,test
2026-03-04 00:00:00+00:00,1.3464124,test
2026-03-05 00:00:00+00:00,1.202923,test
2026-03-06 00:00:00+00:00,1.2431991,test
2026-03-07 00:00:00+00:00,1.1523457,test
2026-03-08 00:00:00+00:00,1.3195338,test
2026-03-09 00:00:00+00:00,1.249046,test
2026-03-10 00:00:00+00:00,1.2008297,test
2026-03-11 00:00:00+00:00,1.1815753,test
2026-03-12 00:00:00+00:00,1.3722554,test
2026-03-13 00:00:00+00:00,1.2750319,test
2026-03-14 00:00:00+00:00,1.1693555,test
2026-03-15 00:00:00+00:00,1.3942991,test
2026-03-16 00:00:00+00:00,1.2804736,test
2026-03-17 00:00:00+00:00,1.2251939,test
2026-03-18 00:00:00+00:00,1.3340726,test
2026-03-19 00:00:00+00:00,1.2077522,test
2026-03-20 00:00:00+00:00,1.1938003,test
2026-03-21 00:00:00+00:00,1.3228136,test
2026-03-22 00:00:00+00:00,1.2519718,test
2026-03-23 00:00:00+00:00,1.2573438,test
2026-03-24 00:00:00+00:00,1.1721714,test
2026-03-25 00:00:00+00:00,1.3139204,test
2026-03-26 00:00:00+00:00,1.4118476,test
2026-03-27 00:00:00+00:00,1.2836579,test
2026-03-28 00:00:00+00:00,1.2281742,test
2026-03-29 00:00:00+00:00,1.2622641,test
2026-03-30 00:00:00+00:00,1.2677569,test
2026-03-31 00:00:00+00:00,1.2596608,test
2026-04-01 00:00:00+00:00,1.3282331,test
2026-04-02 00:00:00+00:00,1.2057991,test
2026-04-03 00:00:00+00:00,1.0911078,test
2026-04-04 00:00:00+00:00,1.16194,test
2026-04-05 00:00:00+00:00,1.422823,test
2026-04-06 00:00:00+00:00,1.2982134,test
2026-04-07 00:00:00+00:00,1.3883426,test
2026-04-08 00:00:00+00:00,1.1828907,test
2026-04-09 00:00:00+00:00,1.2511182,test
2026-04-10 00:00:00+00:00,1.186096,test
2026-04-11 00:00:00+00:00,1.359278,test
2026-04-12 00:00:00+00:00,1.1850111,test
2026-04-13 00:00:00+00:00,1.3681222,test
2026-04-14 00:00:00+00:00,1.1862061,test
2026-04-15 00:00:00+00:00,1.262239,test
2026-04-16 00:00:00+00:00,1.2800627,test
2026-04-17 00:00:00+00:00,1.2807584,test
2026-04-18 00:00:00+00:00,1.269385,test
2026-04-19 00:00:00+00:00,1.3327774,test
2026-04-20 00:00:00+00:00,1.2050294,test
2026-04-21 00:00:00+00:00,1.2660089,test
2026-04-22 00:00:00+00:00,1.2562133,test
2026-04-23 00:00:00+00:00,1.2273802,test
2026-04-24 00:00:00+00:00,1.1721445,test
2026-04-25 00:00:00+00:00,1.1583229,test
2026-04-26 00:00:00+00:00,1.3761175,test
2026-04-27 00:00:00+00:00,1.2783914,test
2026-04-28 00:00:00+00:00,1.2173342,test
2026-04-29 00:00:00+00:00,1.3474633,test
2026-04-30 00:00:00+00:00,1.099101,test
2026-05-01 00:00:00+00:00,1.2619104,test
2026-05-02 00:00:00+00:00,1.1731448,test
2026-05-03 00:00:00+00:00,1.3551167,test
2026-05-04 00:00:00+00:00,1.2502791,test
2026-05-05 00:00:00+00:00,1.3039441,test
2026-05-06 00:00:00+00:00,1.288459,test
2026-05-07 00:00:00+00:00,1.2755071,test
2026-05-08 00:00:00+00:00,1.2818524,test
2026-05-09 00:00:00+00:00,1.1883657,test
2026-05-10 00:00:00+00:00,1.3525858,test
2026-05-11 00:00:00+00:00,1.221588,test
2026-05-12 00:00:00+00:00,1.2691855,test
2026-05-13 00:00:00+00:00,1.2976681,test
2026-05-14 00:00:00+00:00,1.2953203,test
2026-05-15 00:00:00+00:00,1.314838,test
2026-05-16 00:00:00+00:00,1.2312555,test
2026-05-17 00:00:00+00:00,1.387877,test
2026-05-18 00:00:00+00:00,1.2237487,test
2026-05-19 00:00:00+00:00,1.1449778,test
2026-05-20 00:00:00+00:00,1.2443886,test
2026-05-21 00:00:00+00:00,1.2525665,test
2026-05-22 00:00:00+00:00,1.3435104,test
2026-05-23 00:00:00+00:00,1.3358029,test
2026-05-24 00:00:00+00:00,1.129711,test
2026-05-25 00:00:00+00:00,1.1961014,test
2026-05-26 00:00:00+00:00,1.2954528,test
2026-05-27 00:00:00+00:00,1.3409008,test
2026-05-28 00:00:00+00:00,1.2456841,test
2026-05-29 00:00:00+00:00,1.2230703,test
2026-05-30 00:00:00+00:00,1.1249415,test
2026-05-31 00:00:00+00:00,1.3731705,test
2026-06-01 00:00:00+00:00,1.3874583,test
2026-06-02 00:00:00+00:00,1.410003,test
2026-06-03 00:00:00+00:00,1.3151819,test
2026-06-04 00:00:00+00:00,1.2941386,test
2026-06-05 00:00:00+00:00,1.3019028,test
2026-06-06 00:00:00+00:00,1.1493322,test
2026-06-07 00:00:00+00:00,1.2841694,test
2026-06-08 00:00:00+00:00,1.1464858,test
2026-06-09 00:00:00+00:00,1.2785587,test
2026-06-10 00:00:00+00:00,1.3028312,test
2026-06-11 00:00:00+00:00,1.1966889,test
2026-06-12 00:00:00+00:00,1.1420983,test
2026-06-13 00:00:00+00:00,1.1631217,test
2026-06-14 00:00:00+00:00,1.3875759,test
2026-06-15 00:00:00+00:00,1.2919772,test
2026-06-16 00:00:00+00:00,1.2600938,test
2026-06-17 00:00:00+00:00,1.3279779,test
2026-06-18 00:00:00+00:00,1.2421124,test
2026-06-19 00:00:00+00:00,1.253298,test
2026-06-20 00:00:00+00:00,1.2240623,test
2026-06-21 00:00:00+00:00,1.2184192,test
2026-06-22 00:00:00+00:00,1.3363309,test
2026-06-23 00:00:00+00:00,1.3052211,test
2026-06-24 00:00:00+00:00,1.2869892,test
2026-06-25 00:00:00+00:00,1.251502,test
2026-06-26 00:00:00+00:00,1.1194186,test
2026-06-27 00:00:00+00:00,1.1419263,test
2026-06-28 00:00:00+00:00,1.2962023,test
2026-06-29 00:00:00+00:00,1.2364036,test
2026-06-30 00:00:00+00:00,1.2372711,test
2026-07-01 00:00:00+00:00,1.3513011,test
2026-07-02 00:00:00+00:00,1.2993715,test
2026-07-03 00:00:00+00:00,1.2779639,test
2026-07-04 00:00:00+00:00,1.2750587,test
2026-07-05 00:00:00+00:00,1.2416797,test
2026-07-06 00:00:00+00:00,1.2966175,test
2026-07-07 00:00:00+00:00,1.3270361,test
2026-07-08 00:00:00+00:00,1.2689537,test
2026-07-09 00:00:00+00:00,1.2728478,test
2026-07-10 00:00:00+00:00,1.2135023,test
2026-07-11 00:00:00+00:00,1.2519704,test
2026-07-12 00:00:00+00:00,1.3387587,test
2026-07-13 00:00:00+00:00,1.2485486,test
2026-07-14 00:00:00+00:00,1.3013883,test
2026-07-15 00:00:00+00:00,1.2304035,test
2026-07-16 00:00:00+00:00,1.3029506,test
2026-07-17 00:00:00+00:00,1.2213778,test
2026-07-18 00:00:00+00:00,1.140803,test
2026-07-19 00:00:00+00:00,1.2652164,test
2026-07-20 00:00:00+00:00,1.3128598,test
2026-07-21 00:00:00+00:00,1.203003,test
2026-07-22 00:00:00+00:00,1.2983216,test
2026-07-23 00:00:00+00:00,1.3180135,test
2026-07-24 00:00:00+00:00,1.2291268,test
2026-07-25 00:00:00+00:00,1.2433811,test
2026-07-26 00:00:00+00:00,1.3314351,test
2026-07-27 00:00:00+00:00,1.3930949,test
2026-07-28 00:00:00+00:00,1.1995274,test
2026-07-29 00:00:00+00:00,1.2606688,test
2026-07-30 00:00:00+00:00,1.2367682,test
2026-07-31 00:00:00+00:00,1.2585903,test
2026-08-01 00:00:00+00:00,1.2833334,test
2026-08-02 00:00:00+00:00,1.2687144,test
2026-08-03 00:00:00+00:00,1.2794082,test
2026-08-04 00:00:00+00:00,1.2144593,test
2026-08-05 00:00:00+00:00,1.241255,test
2026-08-06 00:00:00+00:00,1.2386296,test
2026-08-07 00:00:00+00:00,1.2335596,test
2026-08-08 00:00:00+00:00,1.1627483,test
2026-08-09 00:00:00+00:00,1.3134865,test
2026-08-10 00:00:00+00:00,1.2724314,test
2026-08-11 00:00:00+00:00,1.2894485,test
2026-08-12 00:00:00+00:00,1.2138916,test
2026-08-13 00:00:00+00:00,1.2254968,test
2026-08-14 00:00:00+00:00,1.223029,test
2026-08-15 00:00:00+00:00,1.1487188,test
2026-08-16 00:00:00+00:00,1.2608348,test
2026-08-17 00:00:00+00:00,1.2658765,test
2026-08-18 00:00:00+00:00,1.2760816,test
2026-08-19 00:00:00+00:00,1.4163165,test
2026-08-20 00:00:00+00:00,1.3791986,test
2026-08-21 00:00:00+00:00,1.3492062,test
2026-08-22 00:00:00+00:00,1.1154504,test
2026-08-23 00:00:00+00:00,1.1931874,test
2026-08-24 00:00:00+00:00,1.2458946,test
2026-08-25 00:00:00+00:00,1.2410939,test
2026-08-26 00:00:00+00:00,1.2384346,test
2026-08-27 00:00:00+00:00,1.2890548,test
2026-08-28 00:00:00+00:00,1.2737393,test
2026-08-29 00:00:00+00:00,1.0836143,test
2026-08-30 00:00:00+00:00,1.3938088,test
2026-08-31 00:00:00+00:00,1.1476998,test
2026-09-01 00:00:00+00:00,1.2865386,test
2026-09-02 00:00:00+00:00,1.2861704,test
2026-09-03 00:00:00+00:00,1.3195032,test
2026-09-04 00:00:00+00:00,1.2139494,test
2026-09-05 00:00:00+00:00,1.2308774,test
2026-09-06 00:00:00+00:00,1.263419,test
2026-09-07 00:00:00+00:00,1.2328858,test
2026-09-08 00:00:00+00:00,1.2098908,test
2026-09-09 00:00:00+00:00,1.3474866,test
2026-09-10 00:00:00+00:00,1.26031,test
2026-09-11 00:00:00+00:00,1.2163923,test
2026-09-12 00:00:00+00:00,1.0672795,test
2026-09-13 00:00:00+00:00,1.4013151,test
2026-09-14 00:00:00+00:00,1.3211745,test
2026-09-15 00:00:00+00:00,1.3498319,test
2026-09-16 00:00:00+00:00,1.1875998,test
2026-09-17 00:00:00+00:00,1.3345399,test
2026-09-18 00:00:00+00:00,1.3701051,test
2026-09-19 00:00:00+00:00,1.2481025,test
2026-09-20 00:00:00+00:00,1.3883278,test
2026-09-21 00:00:00+00:00,1.2889849,test
2026-09-22 00:00:00+00:00,1.238787,test
2026-09-23 00:00:00+00:00,1.3048921,test
