region,discovery_rows_sampled,discovery_days,test_rows,test_days,test_symbols,test_mean_4h_bp,radius90,medoid_at,medoid_symbol_code
0,11970,909,11929,235,12,3.628116501982538,1.2340463757514955,2024-04-05 06:00:00+00:00,8
1,8792,895,9169,235,12,0.15455268195206728,1.2473271489143372,2023-07-05 04:30:00+00:00,11
2,11424,896,12487,235,12,1.9365822583868204,1.2360333681106568,2023-04-15 15:45:00+00:00,11
3,14734,897,14942,234,12,5.192546956686897,1.1995677709579469,2023-02-19 18:30:00+00:00,7
4,10226,889,10222,235,12,1.1653944652886385,1.2115453481674194,2023-07-01 22:30:00+00:00,9
5,11458,882,10752,232,12,8.082467465531982,1.2284659147262573,2023-03-02 22:15:00+00:00,10
6,10768,907,10476,235,12,-7.398294685946942,1.2270904898643495,2023-09-25 14:45:00+00:00,8
7,10205,814,10513,223,12,4.393149102528041,1.1865328311920167,2024-04-08 18:15:00+00:00,11
8,10320,903,11652,235,12,-1.9142728515753566,1.225158655643463,2024-11-23 09:00:00+00:00,9
9,10155,887,8670,234,12,-6.291050601978179,1.2325979471206665,2024-10-10 22:00:00+00:00,10
10,12756,885,11141,235,12,-5.168448605161392,1.2227256298065186,2024-11-23 07:30:00+00:00,6
11,10295,897,9974,234,12,2.2565704333911634,1.2403478384017945,2023-11-05 23:45:00+00:00,10
12,11744,887,13494,235,12,-4.717157212503494,1.2208349466323853,2023-01-07 21:45:00+00:00,7
13,9053,888,9043,235,12,-2.6677141417770387,1.2507117509841919,2024-06-02 09:00:00+00:00,11
14,9614,837,9014,233,12,-4.411731158989798,1.237014150619507,2024-12-29 21:30:00+00:00,2
15,12307,805,12223,225,12,4.314779025721034,1.1964163064956665,2024-08-07 18:00:00+00:00,4
16,10736,885,11345,235,12,-6.698861369581253,1.2069293856620789,2023-11-04 11:30:00+00:00,2
17,12303,903,12358,235,12,3.5761025332704994,1.2292418718338014,2024-02-11 00:15:00+00:00,9
18,9680,875,12902,233,12,-3.939404752288156,1.2363372445106506,2023-08-24 17:30:00+00:00,11
19,8948,892,10234,235,12,3.1204092614386387,1.247665774822235,2023-08-04 14:00:00+00:00,4
20,10969,894,11891,234,12,-0.8611714304481375,1.2389382600784302,2023-03-20 16:00:00+00:00,5
21,12383,888,14471,232,12,1.4216406698641755,1.1803522109985352,2023-08-03 15:00:00+00:00,11
22,11190,904,11091,235,12,-3.1468665535811495,1.2166332602500916,2024-06-18 17:15:00+00:00,6
23,10047,878,10727,234,12,2.0692014719818714,1.2272320747375487,2023-08-09 15:45:00+00:00,9
