model,period,rows,days,logloss,logloss_day_equal,logloss_4h_return,logloss_24h_return,logloss_4h_vol,coverage,states,geometry,k,membership,phase,temperature
X1_equal_K6_hard,inner,207360,180,1.261776328086853,1.261776089668274,1.5653399229049685,1.582810640335083,0.6371777653694153,1.0,6.0,X1_equal,6.0,hard,inner,0.4756840467453003
X1_equal_K6_hard,validation,246528,214,1.263326644897461,1.26332688331604,1.5574309825897217,1.5888164043426514,0.6437337398529053,1.0,6.0,X1_equal,6.0,hard,validation,0.4756840467453003
X1_equal_K6_soft,inner,207360,180,1.2623413801193235,1.2623412609100342,1.5639874935150146,1.5826674699783323,0.6403694152832031,1.0,6.0,X1_equal,6.0,soft,inner,0.4756840467453003
X1_equal_K6_soft,validation,246528,214,1.2629741430282593,1.2629737854003906,1.556378722190857,1.5886292457580566,0.6439136266708374,1.0,6.0,X1_equal,6.0,soft,validation,0.4756840467453003
X1_equal_K12_hard,inner,207360,180,1.2616209983825684,1.2616212368011477,1.5657013654708862,1.5835721492767334,0.6355903744697571,1.0,12.0,X1_equal,12.0,hard,inner,0.3140463232994079
X1_equal_K12_hard,validation,246528,214,1.263289213180542,1.263289451599121,1.5573453903198242,1.588955640792847,0.6435669660568237,1.0,12.0,X1_equal,12.0,hard,validation,0.3140463232994079
X1_equal_K12_soft,inner,207360,180,1.2594892978668213,1.2594894170761108,1.563133716583252,1.5818482637405396,0.6334859728813171,1.0,12.0,X1_equal,12.0,soft,inner,0.3140463232994079
X1_equal_K12_soft,validation,246528,214,1.2607332468032837,1.2607333660125732,1.5553845167160034,1.5877161026000977,0.6390997171401978,1.0,12.0,X1_equal,12.0,soft,validation,0.3140463232994079
X1_equal_K24_hard,inner,207360,180,1.2592473030090332,1.2592475414276123,1.5647923946380615,1.5828144550323486,0.6301357746124268,1.0,24.0,X1_equal,24.0,hard,inner,0.2287956476211547
X1_equal_K24_hard,validation,246528,214,1.2610102891921997,1.2610105276107788,1.555962324142456,1.58825945854187,0.6388095617294312,1.0,24.0,X1_equal,24.0,hard,validation,0.2287956476211547
X1_equal_K24_soft,inner,207360,180,1.2571088075637815,1.2571089267730713,1.5623714923858645,1.5812243223190308,0.6277309656143188,1.0,24.0,X1_equal,24.0,soft,inner,0.2287956476211547
X1_equal_K24_soft,validation,246528,214,1.25856614112854,1.258565902709961,1.5541048049926758,1.5868520736694336,0.6347410082817078,1.0,24.0,X1_equal,24.0,soft,validation,0.2287956476211547
X2_equal_K6_hard,inner,207360,180,1.266268968582153,1.266268968582153,1.5679291486740112,1.584131956100464,0.6467454433441162,1.0,6.0,X2_equal,6.0,hard,inner,0.4029260873794555
X2_equal_K6_hard,validation,246528,214,1.2669135332107544,1.266913890838623,1.5595823526382446,1.5900027751922607,0.6511569023132324,1.0,6.0,X2_equal,6.0,hard,validation,0.4029260873794555
X2_equal_K6_soft,inner,207360,180,1.267683029174805,1.267683029174805,1.566744327545166,1.5839040279388428,0.6524010300636292,1.0,6.0,X2_equal,6.0,soft,inner,0.4029260873794555
X2_equal_K6_soft,validation,246528,214,1.267675280570984,1.2676750421524048,1.5592327117919922,1.5899020433425903,0.6538906097412109,1.0,6.0,X2_equal,6.0,soft,validation,0.4029260873794555
X2_equal_K12_hard,inner,207360,180,1.265300989151001,1.2653008699417114,1.5668061971664429,1.583996295928955,0.6451005339622498,1.0,12.0,X2_equal,12.0,hard,inner,0.2754219174385071
X2_equal_K12_hard,validation,246528,214,1.2663909196853638,1.266391038894653,1.5592294931411743,1.5895668268203735,0.6503766179084778,1.0,12.0,X2_equal,12.0,hard,validation,0.2754219174385071
X2_equal_K12_soft,inner,207360,180,1.264499306678772,1.2644991874694824,1.5653005838394165,1.5828171968460083,0.6453800201416016,1.0,12.0,X2_equal,12.0,soft,inner,0.2754219174385071
X2_equal_K12_soft,validation,246528,214,1.265073537826538,1.2650734186172483,1.5579384565353394,1.5887091159820557,0.648572564125061,1.0,12.0,X2_equal,12.0,soft,validation,0.2754219174385071
X2_equal_K24_hard,inner,207360,180,1.2631243467330933,1.2631242275238037,1.5658738613128662,1.583916425704956,0.6395823359489441,1.0,24.0,X2_equal,24.0,hard,inner,0.207017183303833
X2_equal_K24_hard,validation,246528,214,1.2643598318099976,1.264359712600708,1.558224320411682,1.5887103080749512,0.6461445093154907,1.0,24.0,X2_equal,24.0,hard,validation,0.207017183303833
X2_equal_K24_soft,inner,207360,180,1.2616394758224487,1.2616393566131592,1.5641748905181885,1.582184672355652,0.6385586261749268,1.0,24.0,X2_equal,24.0,soft,inner,0.207017183303833
X2_equal_K24_soft,validation,246528,214,1.262290120124817,1.2622900009155271,1.5563219785690308,1.5875439643859863,0.6430038213729858,1.0,24.0,X2_equal,24.0,soft,validation,0.207017183303833
X2_covariance_K6_hard,inner,207360,180,1.271915078163147,1.2719149589538574,1.5704762935638428,1.5855779647827148,0.6596903204917908,1.0,6.0,X2_covariance,6.0,hard,inner,0.7246041297912598
X2_covariance_K6_hard,validation,246528,214,1.2714126110076904,1.2714122533798218,1.5611200332641602,1.5922534465789795,0.6608632206916809,1.0,6.0,X2_covariance,6.0,hard,validation,0.7246041297912598
X2_covariance_K6_soft,inner,207360,180,1.2718573808670044,1.271857500076294,1.5687525272369385,1.5851856470108032,0.6616344451904297,1.0,6.0,X2_covariance,6.0,soft,inner,0.7246041297912598
X2_covariance_K6_soft,validation,246528,214,1.2714835405349731,1.2714835405349731,1.5609629154205322,1.5914455652236938,0.662042498588562,1.0,6.0,X2_covariance,6.0,soft,validation,0.7246041297912598
X2_covariance_K12_hard,inner,207360,180,1.2694196701049805,1.2694196701049805,1.5691851377487185,1.5854233503341677,0.6536502838134766,1.0,12.0,X2_covariance,12.0,hard,inner,0.5806782245635986
X2_covariance_K12_hard,validation,246528,214,1.2685978412628174,1.2685976028442385,1.5606530904769895,1.5901942253112793,0.6549451351165771,1.0,12.0,X2_covariance,12.0,hard,validation,0.5806782245635986
X2_covariance_K12_soft,inner,207360,180,1.268356204032898,1.268356204032898,1.567413091659546,1.584133863449097,0.6535217761993408,1.0,12.0,X2_covariance,12.0,soft,inner,0.5806782245635986
X2_covariance_K12_soft,validation,246528,214,1.2677057981491089,1.2677061557769775,1.5592622756958008,1.5896823406219482,0.6541736721992493,1.0,12.0,X2_covariance,12.0,soft,validation,0.5806782245635986
X2_covariance_K24_hard,inner,207360,180,1.2658809423446655,1.265880823135376,1.567872405052185,1.584111213684082,0.6456587910652161,1.0,24.0,X2_covariance,24.0,hard,inner,0.480999231338501
X2_covariance_K24_hard,validation,246528,214,1.2664620876312256,1.2664620876312256,1.5591199398040771,1.5896621942520142,0.6506037712097168,1.0,24.0,X2_covariance,24.0,hard,validation,0.480999231338501
X2_covariance_K24_soft,inner,207360,180,1.2649346590042114,1.2649344205856323,1.5659633874893188,1.5828965902328491,0.6459437012672424,1.0,24.0,X2_covariance,24.0,soft,inner,0.480999231338501
X2_covariance_K24_soft,validation,246528,214,1.2650059461593628,1.2650059461593628,1.5577863454818726,1.5886187553405762,0.6486124396324158,1.0,24.0,X2_covariance,24.0,soft,validation,0.480999231338501
X1_equal_K24_soft,test_exploratory,270720,235,1.2582428455352783,1.2582428455352783,1.554561734199524,1.5826804637908936,0.6374865174293518,1.0,,,,,test_exploratory,
