prototype,row,symbol,available_at,center_distance,historical_high_vol_p,past_close_bp_0,past_close_bp_1,past_close_bp_2,past_close_bp_3,past_close_bp_4,past_close_bp_5,past_close_bp_6,past_close_bp_7,past_close_bp_8,past_close_bp_9,past_close_bp_10,past_close_bp_11,past_close_bp_12,past_close_bp_13,past_close_bp_14,past_close_bp_15
0,316840,BCHUSDT,2024-07-28 10:45:00+00:00,0.6466655135154724,0.28232744336128235,0.0,-20.49206965908823,-55.24735915648726,-11.632318924501561,-20.998578295161607,11.11391879995871,5.811089237415246,-33.92322434985218,-3.286023057009757,-37.98146008757719,-49.65807012095702,-32.65536335642416,-25.051571232577174,-3.5388387922719033,-12.644464674353983,-33.669639291060705
1,1468383,XRPUSDT,2023-10-30 18:45:00+00:00,0.6619579195976257,0.48369288444519043,0.0,-37.865793952949204,-96.66914568575935,-105.34593581798535,-68.95390189259443,-43.04043831162452,-86.2669256076909,-107.08219765063087,-29.24733267656854,-147.09964992279168,-122.72213480339356,-91.46668306950434,-48.21776175111259,-53.39776704694543,-74.14466245554863,-58.580456978966076
2,789569,ETHUSDT,2023-02-16 18:00:00+00:00,0.5867955088615417,0.3695355951786041,0.0,-33.3495716819332,-20.509647912962947,11.30999626492546,47.77192685945231,53.875504159934806,199.25476787957308,269.8840903700983,128.65224638505703,195.45902548898653,224.7947360470981,223.45521763108778,214.4233461670364,202.34869184625916,249.92110809637148,219.7269174597416
3,1235192,SOLUSDT,2024-08-22 16:30:00+00:00,0.6769943833351135,0.3882733881473541,0.0,-16.60816973171997,-34.85309714704954,6.133857691654754,-31.425265217155385,-32.9641464535424,-67.30074863466662,-42.552512371880624,-44.4432753003543,-49.13671332980485,-21.917434523279766,-42.06237292710746,-77.48422769925156,-60.844879885610936,-51.37913290991669,-32.9641464535424
4,675490,DOGEUSDT,2023-08-10 10:00:00+00:00,0.5950000882148743,0.353542298078537,0.0,-2.6413101051581123,-31.741859741978296,-41.01891295519966,6.600224647232977,-2.6413101051581123,-35.71668589566812,-44.9974290212074,-46.32395286741975,-35.71668589566812,-39.69309260191789,-25.120658414206076,-43.67108111821061,-50.3045805322655,-38.367448005294236,-29.09285310396914
5,534831,BTCUSDT,2023-04-30 05:00:00+00:00,0.6350337266921997,0.2584373950958252,0.0,-3.604512889125999,-4.7376281848166,-17.485434694499702,-9.82105837307401,-10.405131389248368,-1.8192583997844736,9.331367104756794,5.798822212419452,4.803997017823747,6.7935484491421505,11.18288243819876,12.074230534206976,11.14859823241332,16.632576584747483,21.634083992587705
6,1079975,LTCUSDT,2023-12-12 20:00:00+00:00,0.6256753206253052,0.5401461124420166,0.0,18.084445354400458,27.808694227928754,88.71696668994566,30.585315098186072,-64.25500526182404,-55.85046631633617,-102.16308856544565,8.35073117421814,67.99443388923798,56.924832648190815,51.38543353132796,38.91055492966977,-27.886242276498052,13.914013654288127,-1.3924667570996974
7,723788,DOGEUSDT,2024-12-25 12:30:00+00:00,0.5250340700149536,0.48802614212036133,0.0,-17.185502081471515,-16.28026528599502,14.749931182167497,-19.901704243971974,10.83880397555026,105.77669977959391,220.76477884412247,164.3250503994409,73.533053393946,91.45902395563121,125.43009184798449,66.65290235750021,-43.170529997498264,-65.28069604748721,-18.69441219855883
8,949493,LINKUSDT,2023-12-16 15:15:00+00:00,0.6953377723693848,0.24442581832408905,0.0,22.759415321043086,54.39848153800053,52.338112724692465,55.08517681724001,109.18563405731607,101.6701757730587,93.46504710759262,31.711042704825054,37.21575625468709,49.590293788672746,48.90322106175127,13.110231306816544,21.38153037225976,31.711042704825054,41.34230376853676
9,917492,LINKUSDT,2023-01-17 07:00:00+00:00,0.6630618572235107,0.23378270864486694,0.0,38.93969275595488,41.92878260036004,20.986366569211157,-7.505817360562439,73.26040092072938,49.39760063371601,79.21721420185878,97.066393416394,64.31852253058645,83.68249670516636,95.58017806105434,74.74993693301624,62.82743179495398,56.86084450577056,32.958831333653734
10,1482840,XRPUSDT,2024-03-29 09:00:00+00:00,0.665230929851532,0.3613083064556122,0.0,-11.263980593961831,-41.90175349136127,-62.91865557719545,-58.06467926637582,-48.36378925742346,-25.764909583049224,-45.13224940057348,-49.97995087710261,-46.74788879337588,-119.72315791191124,-176.85217968932187,-167.03542497426338,-140.90442856011242,-118.0956861856386,-108.33641410330885
11,1195884,SOLUSDT,2023-07-10 05:30:00+00:00,0.7273495197296143,0.40026339888572693,0.0,-63.89188758993747,-34.75614706407448,5.701796220232147,-9.510224207041063,66.79165542352372,115.30228864613522,137.36025840171527,101.66773941244323,96.49114690643668,62.54166126232086,63.01397204290016,37.00369514813229,14.248399465883743,35.109396979939866,-32.37173159222895
12,1467730,XRPUSDT,2023-10-23 23:30:00+00:00,0.6348242163658142,0.5744932293891907,0.0,0.0,5.603810737847548,-5.606952768142381,24.26053256734395,13.07067686785901,-14.95886591582729,1.868285853169338,70.75062094978546,55.89729478786776,94.84032036001344,133.63227812167034,274.59571067393716,280.0477780511523,197.95299973693338,196.12099460219247
13,1343397,TRXUSDT,2023-12-30 20:00:00+00:00,0.6385403871536255,0.24642764031887054,0.0,-6.595374055442527,-13.195100877751997,-8.480565879294133,-21.68686909101325,0.9418413004347315,3.766833079663634,7.532247790442703,-6.595374055442527,-12.252016046572223,-16.024889134147458,-4.710537559429184,-14.138274658219707,-12.252016046572223,-4.710537559429184,-8.480565879294133
14,8121,ADAUSDT,2023-03-26 14:30:00+00:00,0.6577914357185364,0.4882069528102875,0.0,2.797594087347033,13.980150466526009,-5.597537229835581,-8.397481249249328,13.980150466526009,39.095274593135,16.773836753727345,30.730573143473716,36.30781812909323,33.519584457049056,19.566742790593228,66.92718791105223,105.76218817502703,78.0383001652818,47.452985067095725
15,583631,BTCUSDT,2024-09-19 13:00:00+00:00,0.6344355940818787,0.5019705295562744,0.0,3.687271147185811,35.72052437167628,24.11168782911588,58.11332443638406,83.87427368795386,48.646182797842386,30.80888561544981,43.96536780173932,59.842392312994264,70.99409906366816,81.86184132124907,136.08764154071196,119.09009644710977,116.76639162356395,128.3318223011598
16,1464489,XRPUSDT,2023-09-20 05:15:00+00:00,0.6786823272705078,0.480609655380249,0.0,27.295786103264106,50.63301956546806,56.45882806114666,75.85371389256635,42.85999157984666,70.0391968181957,99.078032440445,181.85836847018243,206.750674286601,216.30816330620584,166.5091712893474,170.3486798794207,181.85836847018243,147.2894844196515,139.591254632232
17,786098,ETHUSDT,2023-01-11 14:15:00+00:00,0.6419951319694519,0.42305412888526917,0.0,9.137619162693511,7.340714326433684,-0.29973548345552103,2.022979556075555,0.37465672082959145,9.736515696010528,-4.122150621785892,-18.075117890550274,-19.27628302217599,-22.730436676239307,-3.972224460424556,-8.246001156910765,-20.477592450891535,-14.32240651257466,-37.461521924422314
18,557981,BTCUSDT,2023-12-27 08:30:00+00:00,0.6999719738960266,0.3631186783313751,0.0,-2.1728759042716206,24.93063996402256,5.00526507661192,8.450831068511633,33.219214686042164,38.41961248070902,40.5836869709475,45.26307271648378,26.838562677742317,24.671511272451596,32.18351847364076,42.65323313626723,35.61973433946264,33.59580489709302,62.73849061944503
19,1052674,LTCUSDT,2023-03-03 10:45:00+00:00,0.6806573867797852,0.22855240106582642,0.0,1.1246696294797687,-6.75067532386997,15.733876026233773,3.3736294950248435,-7.876231068211226,-1.124796131888317,2.2492127850082255,19.102202561196435,7.87003244847817,3.3736294950248435,8.99381735723459,-4.499943826639097,-7.876231068211226,-3.3747680167284244,7.87003244847817
20,423600,BNBUSDT,2023-11-20 13:00:00+00:00,0.6192994713783264,0.5028517246246338,0.0,5.650401732442134,2.421991696328618,22.985271325008938,35.4638882205105,15.732470620255512,18.150655381354852,19.762453748874975,47.525160940677935,43.506352865048115,20.568255522075418,-0.4037223198416484,0.8073957454612923,-33.56454209582971,-30.729443557167002,-25.06165667615967
21,436800,BNBUSDT,2024-04-06 01:00:00+00:00,0.6869469881057739,0.2916198670864105,0.0,5.156322625028409,-20.135101239713293,-28.062582439360995,-33.58106085902257,-46.52694026812121,-5.503009597171982,-28.752225721646596,-29.097065198904204,-48.94536174167463,-45.14524769252404,-69.00624284682522,-83.90498613945141,-71.776421887364,-71.0838051811713,-92.05671276223626
22,1508722,XRPUSDT,2024-12-23 23:30:00+00:00,0.7144001722335815,0.37108588218688965,0.0,-0.4581376704493323,43.88377859884551,106.1779438964061,184.74074638674344,255.99516514019706,371.8702879511593,312.9905995084847,266.706582749181,194.18085857101585,228.27078124128542,312.54657934989496,296.9934400358243,335.60952477455163,321.4232387583782,347.5635695425461
23,435030,BNBUSDT,2024-03-18 14:30:00+00:00,0.5456968545913696,0.5930732488632202,0.0,20.99848532619575,-18.76090918218054,18.55093286642351,19.25029469903805,-30.526339494620913,-37.73291360797515,-38.61211950977328,-54.09880933398448,-14.72521959475337,-115.9320923430407,-221.5759733746836,-272.9290390234063,-283.37553769500977,-211.55162769778357,-260.5155048798036
24,1321286,TRXUSDT,2023-05-14 12:15:00+00:00,0.6688193678855896,0.3797973096370697,0.0,5.767844428112845,10.09154558360148,12.972974792413439,0.0,-1.4424810699331658,-4.328067585412931,-1.4424810699331658,-20.21369443679255,-5.771173151090103,-2.885170245057189,5.767844428112845,7.2092858720473885,-5.771173151090103,0.0,4.326195178876446
25,686121,DOGEUSDT,2023-11-29 03:45:00+00:00,0.7243859171867371,0.31314265727996826,0.0,-42.13141300277279,-47.09974002088391,22.233210739543985,2.4727992213069427,-14.849650049648666,1.236476044850221,40.72320059901546,-6.184674574032378,23.466940924317115,27.167218487349487,-9.897316161135983,-27.24122536512663,-19.804437714499024,-47.09974002088391,-47.09974002088391
26,854746,ETHUSDT,2024-12-26 16:15:00+00:00,0.6455149054527283,0.4972616732120514,0.0,-17.720484873997577,-29.720444626768483,-56.75071348617777,-50.12064138767869,-52.95729636344504,-40.83995365228077,14.248737835469427,-17.631209123525338,-57.40798711540762,-82.29664421994798,-83.49477633341706,-33.41563883042298,-76.96669637516251,-71.54982943628596,-46.807253029736984
27,160964,AVAXUSDT,2023-11-10 17:30:00+00:00,0.5409135818481445,0.5461512804031372,0.0,-147.79337027406302,-214.866792465358,-212.57277601484327,-135.64639034138625,-196.52937901394108,-116.69622359404386,-77.39453291787157,-97.78189981635599,-33.73948842604335,84.22514665210824,172.16216261131123,460.7762056888998,365.25352008077937,498.58882877543476,580.8529619433411
28,793105,ETHUSDT,2023-03-25 14:00:00+00:00,0.7208071351051331,0.4321320056915283,0.0,-28.391430525935846,15.566699569991016,3.7221874293447144,-3.7808699888408626,3.206890260214479,-11.174882322348978,-9.913501223044463,-6.302244380451683,-30.34451065438759,-13.698121946008612,-8.365660028459843,-19.435126354485632,-7.964406972433835,32.25108297567836,41.26734138298005
29,698535,DOGEUSDT,2024-04-06 11:15:00+00:00,0.5943269729614258,0.35061654448509216,0.0,39.258501894097186,82.15721284574373,87.03275128301601,90.82319399795313,72.39899890866263,109.75388629451021,143.2005377474854,98.94073645198453,21.284151348262004,-8.198289749488108,28.91357951125828,10.374861006505753,-31.18932242989425,6.007810333903407,-6.558094015787219
30,956321,LINKUSDT,2024-02-25 18:15:00+00:00,0.6251594424247742,0.3137088716030121,0.0,28.249359190977152,6.403073694034589,25.58773185632468,8.53652081930889,-17.62962232395804,-52.98238291100432,-25.653373055325446,-18.164338790680468,-42.79225572529466,-86.8451904044587,-91.15344616607234,-96.00245356153448,-91.692108667214,-80.3862849643533,-108.40505430477432
31,1312447,TRXUSDT,2023-02-11 10:30:00+00:00,0.6810730695724487,0.34162914752960205,0.0,-15.790308033762912,11.038398976221941,-6.313131522812654,-14.210154755609494,-6.313131522812654,3.1550718040529446,-17.37071103981691,-12.630251126442005,-26.85837778567457,-20.532266551449574,-14.210154755609494,-4.734474956267221,3.1550718040529446,-6.313131522812654,-22.11341921503518
32,795410,ETHUSDT,2023-04-18 14:15:00+00:00,0.6633657813072205,0.4923030138015747,0.0,-1.140348377663969,-8.69844267173292,-1.0453143792510389,-10.220259343318716,65.1162668609917,62.3780929226303,54.11181437905199,44.845462861706764,15.571742338877925,25.718299307042614,15.99867414607381,28.229641822345997,33.723965282543844,32.01915344701156,-2.6610151929951087
33,803559,ETHUSDT,2023-07-12 11:30:00+00:00,0.6648601293563843,0.2988041639328003,0.0,-18.18461047385256,-27.289331264999106,-32.63957361027359,-36.56137090362499,-28.24263020968054,-28.56041672072429,-32.63957361027359,-24.112324296519105,-20.83047711644248,-27.183414769567094,-35.44827211495516,-34.865269811934496,-38.257759720004,-27.183414769567094,-25.171214474708492
34,704363,DOGEUSDT,2024-06-06 04:15:00+00:00,0.6821309328079224,0.4270569980144501,0.0,-28.817580260624975,-36.18858796536672,-44.17998227416842,-8.57527922204504,-5.511835274429888,-15.318161139952213,-14.704983962212648,-1.8369408862839443,-15.318161139952213,7.344391051717913,8.567931980687504,-23.906591825522128,-21.452001729740378,-42.335247449565294,-63.26219544502409
35,796392,ETHUSDT,2023-04-28 19:45:00+00:00,0.5950638055801392,0.4852234125137329,0.0,36.72933475506568,-5.462698655875897,-4.454791891701504,33.82342543597261,18.48737796622757,12.081583944913987,19.59870958078369,21.873908075207282,0.2651036157619302,2.544704642444273,11.551995858409825,36.83498827490972,53.93613726923263,29.013611208199563,46.28646042475815
36,802300,ETHUSDT,2023-06-29 08:45:00+00:00,0.6139055490493774,0.2889711856842041,0.0,7.990107911055588,1.848619793110018,-3.0455307072596582,-8.486286453610603,-2.4472282543097634,-12.732131848869344,-2.5560078559649924,-10.44568340104135,38.099419237784815,36.4742045704336,29.808061554312815,40.103486960312296,42.161300702945326,54.82377709695285,44.05628090607294
37,306535,BCHUSDT,2024-04-12 02:30:00+00:00,0.6330773234367371,0.2389799952507019,0.0,31.192101522972138,5.886585296543956,4.0882740694137,35.59361767179858,39.34152988415818,63.58751636069471,10.952814087925589,4.742242842636912,12.096446101068636,-1.63577773417245,12.913246042716153,2.126111105491546,1.6355102010479072,36.40850069579038,58.87310398989598
38,325951,BCHUSDT,2024-10-31 08:30:00+00:00,0.6925045847892761,0.3687456548213959,0.0,-13.79777019710815,19.716680481520754,2.1626297662180605,49.62253979701181,45.586430013848656,74.61012618264817,90.9659904554605,97.39375863434319,72.73151152125124,38.04799711236484,37.239970716393955,56.88343481958569,107.56261604944584,93.91256374599699,76.22008647377498
39,960493,LINKUSDT,2024-04-09 05:15:00+00:00,0.6185768246650696,0.33028435707092285,0.0,-18.85014695771403,-18.85014695771403,-1.1078491120830591,23.236524978016426,-9.4206318790091,-20.51510242400134,4.430169526439265,-31.621895368973973,-68.91979258921488,-70.59310603261704,-78.40560642998096,-63.90153159009593,-39.403996929032736,-48.30524925528046,-27.17769775124612
40,1334528,TRXUSDT,2023-09-29 10:45:00+00:00,0.6190616488456726,0.5816648602485657,0.0,-14.738396183004987,-7.933360193956851,15.847863855715794,19.24056957104181,41.82923966832064,33.92900789350062,27.15240948644393,45.21314359774209,75.61686050408855,40.7010171816502,10.190795197750901,29.41178590816218,76.74115079702837,71.11843487717539,77.86531470130865
41,288117,BCHUSDT,2023-10-03 06:00:00+00:00,0.578608512878418,0.22056572139263153,0.0,26.858567788652365,55.24212439230958,68.00842310215494,28.459784716945435,-103.6989541555311,-70.09092138824613,-137.42031789961473,-282.947492132779,-316.8654597918596,-305.27077548325286,-254.0838732155848,-245.44100818533644,-257.37835909968254,-224.0717224994615,-258.6140711803342
42,1460720,XRPUSDT,2023-08-11 23:00:00+00:00,0.5907039046287537,0.2124386429786682,0.0,3.1816735871342816,27.012012928721575,33.357190806584946,41.28300559891773,36.52827058581332,39.69834510911097,49.20254351185038,50.78569874352734,46.03548093589149,38.11343346461771,49.20254351185038,52.36860337682836,53.951257491075545,46.03548093589149,60.27937034265407
43,1346516,TRXUSDT,2024-02-01 07:45:00+00:00,0.6991178393363953,0.2626860439777374,0.0,7.099121781863893,-7.104165115405792,-14.213380735186298,-15.102388158987345,-4.439511726634926,-16.880640141976322,-2.663470517809685,18.624456627405195,8.873115045342495,9.759993676583534,14.193207385755358,15.079614335768987,23.05374314177211,32.7912732344382,40.751296650363145
44,1227384,SOLUSDT,2024-06-02 08:30:00+00:00,0.6141714453697205,0.47682496905326843,0.0,-8.909491002624392,2.3464504028947175,4.151037668602697,-4.513952704217061,-4.393554185115889,9.142032934557065,11.84695320097795,6.616780395880539,14.370885500882835,-18.55031097796278,-38.04108317156718,-60.53583179069122,-65.68287069180556,-46.863635636755774,-45.53371174271348
45,538934,BTCUSDT,2023-06-11 22:45:00+00:00,0.6163223385810852,0.525007963180542,0.0,5.08222042364892,32.52773105540285,40.81575571857954,21.043608799011793,64.22299276451326,45.953950254773446,56.41390166736926,55.49478401967178,50.32317260271313,43.04007443426627,17.16137496673653,26.038326028956504,18.92970797152671,4.697294136981611,-71.1909075293704
46,792080,ETHUSDT,2023-03-14 21:45:00+00:00,0.589227020740509,0.5516904592514038,0.0,-97.81847295854185,-25.19251940834799,-46.33019059563814,-158.4179048082035,-282.25201076383934,-336.20892340296746,-307.34480272093026,-202.70090100546588,-243.27221392916874,-235.6926131861492,-296.1977068515687,-319.4446573542997,-418.6735011047738,-398.5710847144741,-339.9773978042742
47,317242,BCHUSDT,2024-08-01 15:15:00+00:00,0.6225926876068115,0.5678794384002686,0.0,15.710548339722408,39.46747871593992,77.83433138788709,25.932945787561223,3.33460368943328,17.850984759091304,-33.16831770746376,-59.73447944572108,-54.4635032347518,-51.3501408980499,-49.91353129423892,-99.83683006648647,-90.21681970457607,-209.4342593595755,-272.63988738547516
