feature,4h_return,24h_return,4h_vol
vol_strength_current,35257.936396598816,18409.388929367065,155014.7236175537
vol_strength_change4h,286.9659004211426,0.0,0.0
vol_strength_change1h,586.1954898834229,475.29449462890625,1990.1609802246094
vol_asymmetry_current,274.4187994003296,64.40830039978027,0.0
vol_asymmetry_change4h,10.89900016784668,0.0,0.0
vol_asymmetry_change1h,14.51669979095459,0.0,0.0
path_geometry_current,39.58289909362793,41.58699989318848,0.0
path_geometry_change4h,30.21339988708496,94.86929893493652,0.0
path_geometry_change1h,0.0,0.0,0.0
trend_current,6333.084610939026,4253.508292198181,2197.2850036621094
trend_change4h,881.2262048721313,1510.1413021087646,0.0
trend_change1h,186.25799942016602,42.29590034484863,0.0
efficiency_current,45.70310020446777,50.93179893493652,0.0
efficiency_change4h,16.445999145507812,141.36909866333008,0.0
efficiency_change1h,0.0,0.0,0.0
participation_current,1499.0669078826904,529.3186950683594,1997.6130065917969
participation_change4h,16.389400482177734,230.01359748840332,0.0
participation_change1h,17.2367000579834,17.57469940185547,0.0
market_vol_strength,16060.62444782257,7579.355711936951,44139.72055053711
market_vol_asymmetry,460.21235370635986,61.766300201416016,0.0
market_path_geometry,476.60619354248047,1211.839490890503,0.0
market_trend,13648.377820968628,11311.939206123352,2396.8390045166016
market_efficiency,808.1295032501221,2084.6826095581055,0.0
market_participation,2113.1880893707275,1258.6991901397705,0.0
clock_hour_sin,5652.191904067993,215.98050117492676,35227.69618225098
clock_hour_cos,21995.93868637085,199.57967948913574,104998.79614257812
clock_week_sin,19466.139088630676,58949.96677207947,44045.531829833984
clock_week_cos,30758.730610847473,29256.503767967224,52861.56953430176
log_past_rv,16507.822909355164,77120.84574508667,55159.464904785156
symbol_0,0.0,261.13820362091064,0.0
symbol_1,43.46090030670166,2549.506586074829,0.0
symbol_2,0.0,0.0,0.0
symbol_3,161.45079898834229,1680.9632091522217,0.0
symbol_4,2101.340913772583,3900.2209281921387,0.0
symbol_5,0.0,0.0,0.0
symbol_6,501.4749984741211,666.8352870941162,0.0
symbol_7,67.72000122070312,263.82429695129395,0.0
symbol_8,0.0,540.0063991546631,0.0
symbol_9,62.4827995300293,2385.6550121307373,0.0
symbol_10,1747.1537952423096,1936.1260013580322,1499.8450012207031
symbol_11,17.708999633789062,352.9575958251953,0.0
vol_strength_change3h,1198.9959144592285,136.47360134124756,0.0
vol_strength_change2h,1267.4153051376343,714.7479095458984,567.7929992675781
vol_asymmetry_change3h,0.0,0.0,0.0
vol_asymmetry_change2h,58.141798973083496,0.0,0.0
path_geometry_change3h,0.0,0.0,0.0
path_geometry_change2h,0.0,18.292999267578125,0.0
trend_change3h,208.36228275299072,405.87209701538086,0.0
trend_change2h,133.0936985015869,53.15049934387207,0.0
efficiency_change3h,15.55739974975586,26.122400283813477,0.0
efficiency_change2h,0.0,0.0,0.0
participation_change3h,71.7923994064331,77.42509841918945,0.0
participation_change2h,10.8572998046875,20.876800537109375,0.0
vol_strength_recent_acceleration,0.0,38.80139923095703,0.0
vol_asymmetry_recent_acceleration,55.1835994720459,0.0,0.0
path_geometry_recent_acceleration,0.0,0.0,0.0
trend_recent_acceleration,0.0,0.0,0.0
efficiency_recent_acceleration,0.0,0.0,0.0
participation_recent_acceleration,0.0,17.574499130249023,0.0
