policy_or_difference,days,daily_mean_bp,block14_low_bp,block14_high_bp
calm_specialist_sticky,992,1.2946950507542525,-5.7292775368750695,10.809445575401368
direct_state_continuous_hourly,992,-5.364016887929616,-13.229034731650538,4.54050413031179
direct_state_fixed_hourly,992,-4.274154165742428,-13.221711068231382,6.036400977912256
direct_sticky_continuous,992,1.1895753113926415,-5.327869688753633,9.579755624986502
direct_sticky_fixed,992,0.9043995516954768,-6.5613251570267925,10.265930376463949
direct_uniform_continuous_hourly,992,-1.9606433725078873,-10.09702064630617,8.88996266319049
direction_hybrid_sticky,992,1.9044260292839896,-4.834891986124486,10.854499624414837
directional_sticky,992,-6.4840285758013305,-14.274796109819647,3.3316831804351033
direction_hybrid_minus_direct,992,0.7148507178913485,-1.613812811052371,2.8916958150614467
calm_specialist_minus_direct,992,0.1051197393616112,-2.357821437353197,2.5534364857113885
