fold,policy,regime,hours,active,gross_bp_hour,net_bp_hour
1,calm_specialist_sticky,calm_down,199,0.7437185929648241,-0.18434702366755454,-0.6636357870761063
1,calm_specialist_sticky,calm_up,373,0.13941018766756033,0.24047660019784792,0.13712230481859344
1,calm_specialist_sticky,high,1943,0.32578486875965,0.1917715284144834,0.011605846249097785
1,calm_specialist_sticky,normal,1853,0.2800863464651916,0.3355205392536017,0.15688950270081847
1,direct_state_continuous_hourly,calm_down,199,0.0,0.0,-0.012942990146570693
1,direct_state_continuous_hourly,calm_up,373,0.09115281501340483,-0.279170198630839,-0.47896249398798957
1,direct_state_continuous_hourly,high,1943,0.35512094698919194,-0.784991489915724,-1.177462153953585
1,direct_state_continuous_hourly,normal,1853,0.3291958985429034,0.2683940807437139,-0.1459778650535693
1,direct_state_fixed_hourly,calm_down,199,0.0,0.0,-0.020087112492451716
1,direct_state_fixed_hourly,calm_up,373,0.09115281501340483,-0.23833198089076812,-0.4680735484260339
1,direct_state_fixed_hourly,high,1943,0.35512094698919194,-0.8820720303136069,-1.280840120495965
1,direct_state_fixed_hourly,normal,1853,0.3291958985429034,0.3122114611422318,-0.1388565534378261
1,direct_sticky_continuous,calm_down,199,0.005025125628140704,0.008718677649921538,-0.008035522994273835
1,direct_sticky_continuous,calm_up,373,0.09919571045576407,-0.10219033521345176,-0.18333972917295985
1,direct_sticky_continuous,high,1943,0.32578486875965,0.1917715284144834,0.011605846249097785
1,direct_sticky_continuous,normal,1853,0.2725310307609282,0.2842408633845641,0.11679500654201466
1,direct_sticky_fixed,calm_down,199,0.005025125628140704,0.010464373980524114,-0.009643762242385341
1,direct_sticky_fixed,calm_up,373,0.09919571045576407,-0.13542906289885764,-0.2343611695998921
1,direct_sticky_fixed,high,1943,0.32578486875965,0.24584106796724886,0.04195323097163221
1,direct_sticky_fixed,normal,1853,0.2725310307609282,0.3362270250326533,0.14084363703341607
1,direct_uniform_continuous_hourly,calm_down,199,0.0,0.0,0.0
1,direct_uniform_continuous_hourly,calm_up,373,0.010723860589812333,0.20344824384369414,0.1894149250459822
1,direct_uniform_continuous_hourly,high,1943,0.5084920226453937,-0.8957070067452488,-1.467643829139332
1,direct_uniform_continuous_hourly,normal,1853,0.06152185644900162,0.09855243894132712,0.04626871594288607
1,direction_hybrid_sticky,calm_down,199,0.035175879396984924,0.30861314646330307,0.24713989381060378
1,direction_hybrid_sticky,calm_up,373,0.16353887399463807,0.309395576487505,0.2165978016470784
1,direction_hybrid_sticky,high,1943,0.32578486875965,0.1917715284144834,0.011605846249097785
1,direction_hybrid_sticky,normal,1853,0.27361036157582297,0.2834402405495441,0.1141608967080947
1,directional_sticky,calm_down,199,0.01507537688442211,0.08396485082047092,0.06996827899946573
1,directional_sticky,calm_up,373,0.05361930294906166,-0.3795656526136694,-0.44950040803259306
1,directional_sticky,high,1943,0.07205352547606794,-0.6507940614640619,-0.75622599734294
1,directional_sticky,normal,1853,0.1430113329735564,-0.2806645425128094,-0.47627687026938503
2,calm_specialist_sticky,calm_down,281,0.4804270462633452,0.2847100769752505,-0.002079465365089116
2,calm_specialist_sticky,calm_up,361,0.3074792243767313,0.5971380869690133,0.3559162955589013
2,calm_specialist_sticky,high,1776,0.41385135135135137,2.2905934432996475,2.105240140596168
2,calm_specialist_sticky,normal,1998,0.3738738738738739,0.2183465197857016,0.007617061947921069
2,direct_state_continuous_hourly,calm_down,281,0.7473309608540926,0.3419180886463359,-0.410781057482791
2,direct_state_continuous_hourly,calm_up,361,0.48476454293628807,0.241706322966773,-0.2768846845975423
2,direct_state_continuous_hourly,high,1776,0.419481981981982,2.1035628618634283,1.635395478185436
2,direct_state_continuous_hourly,normal,1998,0.4194194194194194,0.7193172122197571,0.25842202154780436
2,direct_state_fixed_hourly,calm_down,281,0.7473309608540926,0.41024951849632263,-0.252065889929369
2,direct_state_fixed_hourly,calm_up,361,0.48476454293628807,0.31216816398924024,-0.23793764915705437
2,direct_state_fixed_hourly,high,1776,0.419481981981982,1.9706546488000662,1.5283521297583391
2,direct_state_fixed_hourly,normal,1998,0.4194194194194194,0.7222551417241707,0.25942945114716237
2,direct_sticky_continuous,calm_down,281,0.6690391459074733,-0.35832853292296807,-0.7258101607540356
2,direct_sticky_continuous,calm_up,361,0.40443213296398894,-0.4399164349001278,-0.7154946537198004
2,direct_sticky_continuous,high,1776,0.41385135135135137,2.301152969350018,2.1155357139113935
2,direct_sticky_continuous,normal,1998,0.3938938938938939,0.3167028827291861,0.11810147114081163
2,direct_sticky_fixed,calm_down,281,0.6690391459074733,-0.5629852184086095,-0.9775126155645206
2,direct_sticky_fixed,calm_up,361,0.40443213296398894,-0.5532123224918466,-0.8816629053140305
2,direct_sticky_fixed,high,1776,0.41385135135135137,2.3690872431961667,2.1724948787081058
2,direct_sticky_fixed,normal,1998,0.3938938938938939,0.35172156851707265,0.12877989623330402
2,direct_uniform_continuous_hourly,calm_down,281,0.02491103202846975,0.034001087722154516,0.004198203258800003
2,direct_uniform_continuous_hourly,calm_up,361,0.04709141274238227,-0.020840960543924078,-0.04347177849114434
2,direct_uniform_continuous_hourly,high,1776,0.6773648648648649,2.5066411311361043,1.7129528575317592
2,direct_uniform_continuous_hourly,normal,1998,0.21271271271271272,0.5723088289877333,0.3968085877955715
2,direction_hybrid_sticky,calm_down,281,0.4555160142348754,0.6873697150078694,0.4145379105715623
2,direction_hybrid_sticky,calm_up,361,0.28254847645429365,0.2785015353741674,-0.011166208424869825
2,direction_hybrid_sticky,high,1776,0.41385135135135137,2.2905934432996475,2.105240140596168
2,direction_hybrid_sticky,normal,1998,0.3718718718718719,0.2145125987993641,-4.504342421685481e-05
2,directional_sticky,calm_down,281,0.4875444839857651,0.07746627017951249,-0.6212823533014561
2,directional_sticky,calm_up,361,0.4709141274238227,-0.39541045086855087,-1.159324535727102
2,directional_sticky,high,1776,0.31925675675675674,3.5797771068892366,3.1298700321169255
2,directional_sticky,normal,1998,0.36536536536536535,-0.18343361036206668,-0.7636466481404504
3,calm_specialist_sticky,calm_down,443,0.3182844243792325,0.7670693893621721,0.4795470970038766
3,calm_specialist_sticky,calm_up,285,0.40350877192982454,0.7931106637445462,0.44850818015691424
3,calm_specialist_sticky,high,1881,0.2222222222222222,-0.22255365022202803,-0.3474154823898438
3,calm_specialist_sticky,normal,1735,0.330835734870317,-0.3788414643455076,-0.6200949722992631
3,direct_state_continuous_hourly,calm_down,443,0.3047404063205418,0.07426093034480011,-0.49767506013009055
3,direct_state_continuous_hourly,calm_up,285,0.36140350877192984,0.29875869474594824,-0.16413859697723066
3,direct_state_continuous_hourly,high,1881,0.2509303561935141,-0.18007425322785373,-0.44049297953442784
3,direct_state_continuous_hourly,normal,1735,0.3936599423631124,0.08060486113800906,-0.42582444866539326
3,direct_state_fixed_hourly,calm_down,443,0.30699774266365687,0.24553618184487944,-0.34527232223871707
3,direct_state_fixed_hourly,calm_up,285,0.36140350877192984,0.539830582108275,0.08021109613576662
3,direct_state_fixed_hourly,high,1881,0.2509303561935141,-0.07986387489978553,-0.3175152689797147
3,direct_state_fixed_hourly,normal,1735,0.3936599423631124,0.05381096089034976,-0.4411265370849658
3,direct_sticky_continuous,calm_down,443,0.27313769751693,0.37062997366288225,0.17199583405185054
3,direct_sticky_continuous,calm_up,285,0.32280701754385965,0.44156031344032554,0.29255306027531736
3,direct_sticky_continuous,high,1881,0.22807017543859648,-0.17055784725691137,-0.29568251945899565
3,direct_sticky_continuous,normal,1735,0.3285302593659942,-0.26131771015994054,-0.49080975027484847
3,direct_sticky_fixed,calm_down,443,0.27313769751693,0.5024478521847496,0.2734995095710946
3,direct_sticky_fixed,calm_up,285,0.32280701754385965,0.7795106841022569,0.6493606270085059
3,direct_sticky_fixed,high,1881,0.22807017543859648,-0.18242887288022905,-0.31560097496322204
3,direct_sticky_fixed,normal,1735,0.3285302593659942,-0.3861081052900172,-0.6501606238074341
3,direct_uniform_continuous_hourly,calm_down,443,0.03837471783295711,0.021286100043576724,-0.02831830495134643
3,direct_uniform_continuous_hourly,calm_up,285,0.007017543859649123,-0.07871661184767213,-0.08998640062124766
3,direct_uniform_continuous_hourly,high,1881,0.38011695906432746,-0.22470649291409878,-0.6155051640070314
3,direct_uniform_continuous_hourly,normal,1735,0.09567723342939481,-0.08056155363482584,-0.19148991615773983
3,direction_hybrid_sticky,calm_down,443,0.25733634311512416,1.1340833276069102,0.882488312223634
3,direction_hybrid_sticky,calm_up,285,0.0912280701754386,0.18174804483571183,0.05789804011284744
3,direction_hybrid_sticky,high,1881,0.22807017543859648,-0.17055784725691137,-0.29568251945899565
3,direction_hybrid_sticky,normal,1735,0.31988472622478387,-0.2731399639536804,-0.5061310238217791
3,directional_sticky,calm_down,443,0.291196388261851,1.4183362547723786,1.006428878746745
3,directional_sticky,calm_up,285,0.17543859649122806,0.40619659662879604,0.13714474207161795
3,directional_sticky,high,1881,0.06060606060606061,0.24001741815219557,0.14674498805223105
3,directional_sticky,normal,1735,0.14927953890489915,-0.22523126680460132,-0.4544740383659119
4,calm_specialist_sticky,calm_down,674,0.5652818991097923,-0.3497857021726768,-0.6413749590717657
4,calm_specialist_sticky,calm_up,737,0.4599728629579376,-0.23681147855199186,-0.5015396991412061
4,calm_specialist_sticky,high,1084,0.29704797047970477,0.2079105349785429,0.0886735530898113
4,calm_specialist_sticky,normal,1921,0.3862571577303488,0.1732834108192238,-0.010615969516731095
4,direct_state_continuous_hourly,calm_down,674,0.615727002967359,-0.8755492006170551,-1.5171828753057122
4,direct_state_continuous_hourly,calm_up,737,0.5074626865671642,-0.02295802325186188,-0.6128801444315102
4,direct_state_continuous_hourly,high,1084,0.31365313653136534,0.3185166591851731,0.0004260154548000766
4,direct_state_continuous_hourly,normal,1921,0.44143675169182717,0.30489425702389694,-0.14854562627597673
4,direct_state_fixed_hourly,calm_down,674,0.615727002967359,-0.7455607410849455,-1.3469261068858844
4,direct_state_fixed_hourly,calm_up,737,0.5074626865671642,0.07546587167012264,-0.5090023205754366
4,direct_state_fixed_hourly,high,1084,0.31365313653136534,0.234245490268647,-0.08534553167918375
4,direct_state_fixed_hourly,normal,1921,0.44143675169182717,0.4639691552415358,0.022786638969126163
4,direct_sticky_continuous,calm_down,674,0.5608308605341247,-0.6150683711566698,-0.8423535907194536
4,direct_sticky_continuous,calm_up,737,0.4830393487109905,0.17753712827535423,-0.08762992762615382
4,direct_sticky_continuous,high,1084,0.283210332103321,0.28656945796540034,0.17009406808059127
4,direct_sticky_continuous,normal,1921,0.3909422175950026,0.15773881966753525,-0.021530479666225427
4,direct_sticky_fixed,calm_down,674,0.5608308605341247,-0.6432256508095308,-0.890045420072696
4,direct_sticky_fixed,calm_up,737,0.4830393487109905,0.11205334571860792,-0.19301034638601788
4,direct_sticky_fixed,high,1084,0.283210332103321,0.3753717927154326,0.2486519695249735
4,direct_sticky_fixed,normal,1921,0.3909422175950026,0.1831500473911308,-0.007631398252208256
4,direct_uniform_continuous_hourly,calm_down,674,0.09940652818991098,-0.4665924223622088,-0.5657126849476779
4,direct_uniform_continuous_hourly,calm_up,737,0.11397557666214382,-0.2680795281057575,-0.37567702944098824
4,direct_uniform_continuous_hourly,high,1084,0.5959409594095941,0.816222733142372,0.2214407927237769
4,direct_uniform_continuous_hourly,normal,1921,0.29411764705882354,0.324666344294775,0.06376552175042802
4,direction_hybrid_sticky,calm_down,674,0.5074183976261127,-0.5274311712921599,-0.8356087424700944
4,direction_hybrid_sticky,calm_up,737,0.4355495251017639,0.12852834043528324,-0.09173224989294987
4,direction_hybrid_sticky,high,1084,0.29704797047970477,0.2079105349785429,0.0886735530898113
4,direction_hybrid_sticky,normal,1921,0.38261322228006245,0.1557532718030183,-0.024892612195206696
4,directional_sticky,calm_down,674,0.33382789317507416,-0.43833767108802657,-0.9574039639204212
4,directional_sticky,calm_up,737,0.417910447761194,0.6508745748715643,0.06555386134456288
4,directional_sticky,high,1084,0.24723247232472326,-0.8891111243674051,-1.2781181124673258
4,directional_sticky,normal,1921,0.31598125976054137,-0.7158474882253891,-1.176948920978661
5,calm_specialist_sticky,calm_down,1100,0.5045454545454545,-0.5935888948462483,-0.8454314202359364
5,calm_specialist_sticky,calm_up,1196,0.34531772575250835,0.3813178243325837,0.19954239699987963
5,calm_specialist_sticky,high,660,0.28484848484848485,0.21318320859916787,0.10938205195818317
5,calm_specialist_sticky,normal,1388,0.31988472622478387,0.2453018517145303,0.09424843716778991
5,direct_state_continuous_hourly,calm_down,1100,0.5745454545454546,-0.5857697836093966,-1.1001783951497828
5,direct_state_continuous_hourly,calm_up,1196,0.41387959866220736,0.29006859570283905,-0.16089654468362888
5,direct_state_continuous_hourly,high,660,0.29393939393939394,-0.47904068383758697,-0.6653281611874122
5,direct_state_continuous_hourly,normal,1388,0.33285302593659943,0.3679557888667676,0.08831092875483931
5,direct_state_fixed_hourly,calm_down,1100,0.5745454545454546,-0.6543854854153296,-1.155407066814545
5,direct_state_fixed_hourly,calm_up,1196,0.41387959866220736,0.5569841857835277,0.12713206804064156
5,direct_state_fixed_hourly,high,660,0.29393939393939394,-0.665306556923629,-0.8136208662620164
5,direct_state_fixed_hourly,normal,1388,0.33285302593659943,0.5114006819688095,0.25363861777541247
5,direct_sticky_continuous,calm_down,1100,0.5154545454545455,-0.12394721085346475,-0.3588684948861059
5,direct_sticky_continuous,calm_up,1196,0.391304347826087,0.17343749427998645,-0.03385737968150197
5,direct_sticky_continuous,high,660,0.29848484848484846,-0.01796072444711015,-0.11856130097541315
5,direct_sticky_continuous,normal,1388,0.37175792507204614,0.1261787241485643,-0.008879549201940791
5,direct_sticky_fixed,calm_down,1100,0.5154545454545455,-0.15795984283758233,-0.41276466695402114
5,direct_sticky_fixed,calm_up,1196,0.391304347826087,0.2174963246689868,-0.01139301712775686
5,direct_sticky_fixed,high,660,0.29848484848484846,-0.13919019135134159,-0.23930618825030062
5,direct_sticky_fixed,normal,1388,0.37175792507204614,0.05691750388229558,-0.0835673610462381
5,direct_uniform_continuous_hourly,calm_down,1100,0.16363636363636364,-0.17299452153392506,-0.27958335906534454
5,direct_uniform_continuous_hourly,calm_up,1196,0.11454849498327759,0.08773214685799224,-0.021063326948911925
5,direct_uniform_continuous_hourly,high,660,0.6393939393939394,-0.9235516375290892,-1.36636669047863
5,direct_uniform_continuous_hourly,normal,1388,0.2831412103746398,0.2315974800569185,0.0447087953964334
5,direction_hybrid_sticky,calm_down,1100,0.49727272727272726,-0.25350913081028076,-0.5021074024637806
5,direction_hybrid_sticky,calm_up,1196,0.34698996655518394,0.10922548786948812,-0.08253948535926933
5,direction_hybrid_sticky,high,660,0.28484848484848485,-0.02297488754331362,-0.12581516925655373
5,direction_hybrid_sticky,normal,1388,0.3242074927953891,0.18640579050169653,0.033037700151759906
5,directional_sticky,calm_down,1100,0.3527272727272727,-0.2485842335106708,-0.7628897101967267
5,directional_sticky,calm_up,1196,0.2709030100334448,-0.6771423329362611,-1.06693857461063
5,directional_sticky,high,660,0.02727272727272727,0.1966037551566422,0.13222830595264895
5,directional_sticky,normal,1388,0.18876080691642652,-0.07163765950608526,-0.3275441833825696
6,calm_specialist_sticky,calm_down,375,0.30133333333333334,-0.24714447034235654,-0.34904705755545606
6,calm_specialist_sticky,calm_up,884,0.4502262443438914,0.2600345927652259,0.052736201385930236
6,calm_specialist_sticky,high,186,0.1774193548387097,0.12964631248723982,-0.0020186802400109613
6,calm_specialist_sticky,normal,475,0.42947368421052634,-0.04688053105640832,-0.2985156376158716
6,direct_state_continuous_hourly,calm_down,375,0.5333333333333333,0.3941962614456256,-0.08550332549938607
6,direct_state_continuous_hourly,calm_up,884,0.5984162895927602,0.23662054168773727,-0.24831698394870888
6,direct_state_continuous_hourly,high,186,0.2903225806451613,0.23548817964714214,-0.16298413783038312
6,direct_state_continuous_hourly,normal,475,0.4905263157894737,0.14269816518416809,-0.4044711413538285
6,direct_state_fixed_hourly,calm_down,375,0.5333333333333333,0.5953512241529672,0.17533047416234146
6,direct_state_fixed_hourly,calm_up,884,0.5984162895927602,0.17291027631628844,-0.21512350833714067
6,direct_state_fixed_hourly,high,186,0.2903225806451613,0.5749884366098029,0.11469148887974742
6,direct_state_fixed_hourly,normal,475,0.4905263157894737,0.1797644110984956,-0.3369276629705355
6,direct_sticky_continuous,calm_down,375,0.4666666666666667,0.18259024976679217,-0.0785011706934687
6,direct_sticky_continuous,calm_up,884,0.6097285067873304,0.1336373162405475,-0.10467405296131048
6,direct_sticky_continuous,high,186,0.1774193548387097,0.12964631248723982,-0.0020186802400109613
6,direct_sticky_continuous,normal,475,0.44,-0.0356373317711415,-0.28252802975521235
6,direct_sticky_fixed,calm_down,375,0.4666666666666667,0.32732461037047833,0.05705852287817651
6,direct_sticky_fixed,calm_up,884,0.6097285067873304,0.17267465153800876,-0.04878348557549606
6,direct_sticky_fixed,high,186,0.1774193548387097,0.18032860705915715,0.025554426722724573
6,direct_sticky_fixed,normal,475,0.44,-0.20059982839335835,-0.45770151760385264
6,direct_uniform_continuous_hourly,calm_down,375,0.248,0.08231527440806731,-0.12408909969350587
6,direct_uniform_continuous_hourly,calm_up,884,0.3223981900452489,0.27567889614696817,-0.008791743388274466
6,direct_uniform_continuous_hourly,high,186,0.7956989247311828,1.199252664080132,0.2556115926376119
6,direct_uniform_continuous_hourly,normal,475,0.3389473684210526,0.19622123453460005,-0.14140356966245599
6,direction_hybrid_sticky,calm_down,375,0.29333333333333333,-0.25239327336539846,-0.3418481653988466
6,direction_hybrid_sticky,calm_up,884,0.4592760180995475,0.4848919487773011,0.27018050844983904
6,direction_hybrid_sticky,high,186,0.1774193548387097,0.12964631248723982,-0.0020186802400109613
6,direction_hybrid_sticky,normal,475,0.42736842105263156,-0.0327486820149578,-0.2922520133134724
6,directional_sticky,calm_down,375,0.488,0.8240201092407239,0.14554601484075985
6,directional_sticky,calm_up,884,0.4095022624434389,-0.6165111180516033,-1.192491488746935
6,directional_sticky,high,186,0.3602150537634409,1.9875802202679285,1.4305157349555728
6,directional_sticky,normal,475,0.3705263157894737,0.7485896003211695,0.2541402666076667
