quantile,mean,count,q05,q95,phase,horizon_h,model
0,-9.389672511235822e-05,442,-0.013955209565282704,0.013224056720270487,2025H2_development,4,base
1,-0.0001424144644842214,441,-0.009058900994804237,0.009343054650433016,2025H2_development,4,base
2,1.9809781916337403e-05,442,-0.009011544931785085,0.013401805137266945,2025H2_development,4,base
3,0.00014633106524012318,441,-0.009797455846269924,0.010683434897522907,2025H2_development,4,base
4,6.763163956303257e-05,442,-0.011287904443194503,0.012668476055205517,2025H2_development,4,base
0,3.241342885163382e-05,442,-0.013603983257370854,0.014333829272688548,2025H2_development,4,plus_k48_distance
1,-0.0001455018705875676,441,-0.009853165234835792,0.009841589925876838,2025H2_development,4,plus_k48_distance
2,-0.0004769560601238744,442,-0.009366801294773608,0.011513314517410878,2025H2_development,4,plus_k48_distance
3,0.0003247295138794399,441,-0.008204013022158434,0.010015190345790079,2025H2_development,4,plus_k48_distance
4,0.00026317291642123647,442,-0.010821629281168716,0.0140910218399512,2025H2_development,4,plus_k48_distance
0,0.00020648164588166898,442,-0.01091206413854262,0.014390499979060561,2025H2_development,4,full_x2_market
1,-0.00022225636082156538,441,-0.010689194649678841,0.011039506083012586,2025H2_development,4,full_x2_market
2,0.0003760540583492683,442,-0.008729557220681677,0.0116911473815907,2025H2_development,4,full_x2_market
3,-0.0001414677313193047,441,-0.010252850848278715,0.010582775001607196,2025H2_development,4,full_x2_market
4,-0.00022218208124067575,442,-0.009626441985853268,0.01149062634554517,2025H2_development,4,full_x2_market
0,-0.00030768729651628734,442,-0.011781398876030203,0.01325470329598758,2025H2_development,4,full_x2_own
1,0.00036304742051643837,441,-0.009873000894444194,0.011039506083012586,2025H2_development,4,full_x2_own
2,0.0003669030588090317,442,-0.009649336921028415,0.013423445560890434,2025H2_development,4,full_x2_own
3,-0.00015725524104662195,441,-0.009626622527897647,0.009941998915073712,2025H2_development,4,full_x2_own
4,-0.000267089912561109,442,-0.009622251352061685,0.01098131332557111,2025H2_development,4,full_x2_own
0,0.0009884369350594234,442,-0.024755871964942337,0.03229998998796419,2025H2_development,24,base
1,-0.0009447042150550869,441,-0.031154998029966127,0.0311332819715845,2025H2_development,24,base
2,-0.001234490847043518,442,-0.025216103170676667,0.024993374520428546,2025H2_development,24,base
3,0.0009266284909147309,441,-0.026068069259468425,0.026547550342826867,2025H2_development,24,base
4,0.0002649797729462026,442,-0.02477880758564762,0.032551832568825004,2025H2_development,24,base
0,-8.898851268364441e-05,442,-0.02860300458604578,0.029358133007553622,2025H2_development,24,plus_k48_distance
1,0.0004159020500119898,441,-0.02647610650951425,0.033210411448998396,2025H2_development,24,plus_k48_distance
2,-0.000790546992047633,442,-0.024715513831617762,0.02660957571625896,2025H2_development,24,plus_k48_distance
3,0.00016393746716378472,441,-0.024153751549809345,0.026477441659461767,2025H2_development,24,plus_k48_distance
4,0.00030189887379199746,442,-0.024156239005656745,0.029904831212834368,2025H2_development,24,plus_k48_distance
0,0.0016951583029667736,442,-0.027544597125810838,0.038463185764466105,2025H2_development,24,full_x2_market
1,-0.0009602693719743019,441,-0.02816620377448538,0.02885255982286336,2025H2_development,24,full_x2_market
2,-0.0010356127764104784,442,-0.025391874199556835,0.0246396001177901,2025H2_development,24,full_x2_market
3,-0.00010934597995309234,441,-0.024153751549809345,0.02526122122689997,2025H2_development,24,full_x2_market
4,0.0004085409132612058,442,-0.025441734614357465,0.032377831845618536,2025H2_development,24,full_x2_market
0,0.0008721821093906616,442,-0.02909994540271678,0.037807008898841914,2025H2_development,24,full_x2_own
1,-0.0008956768632004459,441,-0.026516943720894758,0.026547550342826867,2025H2_development,24,full_x2_own
2,-0.0005973794934513714,442,-0.024783883480124825,0.02848155033085036,2025H2_development,24,full_x2_own
3,9.68561303977735e-05,441,-0.022686556886180417,0.02572728267272445,2025H2_development,24,full_x2_own
4,0.0005231018622628215,442,-0.025435001302090466,0.030955449891930744,2025H2_development,24,full_x2_own
0,0.00018211127414625788,639,-0.009175808999511188,0.01080471117891319,2026_exploratory,4,base
1,-1.881914110500745e-05,638,-0.006718300971686809,0.006336042419909369,2026_exploratory,4,base
2,-0.00041413164289288767,638,-0.00820652341612012,0.007291545759261718,2026_exploratory,4,base
3,0.00010731103850776097,638,-0.00705835014727298,0.008672212879215485,2026_exploratory,4,base
4,0.00013874194820685874,639,-0.008090567786965278,0.009007402926623359,2026_exploratory,4,base
0,4.374685687188532e-05,639,-0.008678245119156752,0.00957936557700125,2026_exploratory,4,plus_k48_distance
1,-6.691884044798065e-05,638,-0.007626125876559322,0.008291985630418289,2026_exploratory,4,plus_k48_distance
2,3.378013271608989e-05,638,-0.007069594479913377,0.006968710129149829,2026_exploratory,4,plus_k48_distance
3,-0.00011046535440706275,638,-0.007815096080905803,0.007370588238385995,2026_exploratory,4,plus_k48_distance
4,9.53555580038397e-05,639,-0.008268027122563129,0.009818765916132982,2026_exploratory,4,plus_k48_distance
0,-0.00012825252003322815,639,-0.0085972009327502,0.008992811438979438,2026_exploratory,4,full_x2_market
1,0.0002497254098231699,638,-0.007783766784866205,0.008646675505167028,2026_exploratory,4,full_x2_market
2,8.517289617180058e-05,638,-0.006920348916623099,0.007462500462710999,2026_exploratory,4,full_x2_market
3,0.000135383158523192,638,-0.007815096080905803,0.008917061880070378,2026_exploratory,4,full_x2_market
4,-0.00034556989452334727,639,-0.008864020490570048,0.00822271295116363,2026_exploratory,4,full_x2_market
0,0.00017454404037808385,639,-0.00840626361485761,0.009704121546177407,2026_exploratory,4,full_x2_own
1,-9.64667026360984e-06,638,-0.007646223923548847,0.007247655592022062,2026_exploratory,4,full_x2_own
2,0.00035733815672831784,638,-0.007025654435722862,0.009663036504645658,2026_exploratory,4,full_x2_own
3,-0.0003385317170580593,638,-0.008952605413271367,0.007462500462710999,2026_exploratory,4,full_x2_own
4,-0.00018796639001893815,639,-0.008282818203362307,0.008332402207821277,2026_exploratory,4,full_x2_own
0,-0.0011126389994796512,639,-0.02762930114207322,0.02466942951097745,2026_exploratory,24,base
1,0.0005606758916977973,638,-0.019238462680879413,0.02010257360368143,2026_exploratory,24,base
2,-0.00023868818127556983,638,-0.019132941387848334,0.019344610015527133,2026_exploratory,24,base
3,-0.00038965458417432574,638,-0.020445935746599593,0.019786423935672884,2026_exploratory,24,base
4,0.0011859999304754223,639,-0.019371265301000227,0.023749937535750464,2026_exploratory,24,base
0,-0.0008366863250430946,639,-0.02762930114207322,0.023667653754814343,2026_exploratory,24,plus_k48_distance
1,0.00018433611284724224,638,-0.0205174143709247,0.022490407851247108,2026_exploratory,24,plus_k48_distance
2,0.0002743010971910745,638,-0.017877617091634185,0.019422727197802254,2026_exploratory,24,plus_k48_distance
3,-1.0250172756540781e-05,638,-0.01933756549872872,0.019616394812898227,2026_exploratory,24,plus_k48_distance
4,0.00039480094110989596,639,-0.019869012508828384,0.023717015480621252,2026_exploratory,24,plus_k48_distance
0,0.0001124131400721841,639,-0.023253047683630543,0.023170782608209362,2026_exploratory,24,full_x2_market
1,-0.0005951118633775599,638,-0.02226965129578598,0.019419754387975753,2026_exploratory,24,full_x2_market
2,-0.00011793607379740012,638,-0.020200247025055608,0.021673747675227725,2026_exploratory,24,full_x2_market
3,0.00013913887115058797,638,-0.020676187595197397,0.019960848206064412,2026_exploratory,24,full_x2_market
4,0.00046639774189340035,639,-0.020235876383092023,0.02362998329094611,2026_exploratory,24,full_x2_market
0,0.0005687953638425892,639,-0.0242774403183935,0.023638448225915133,2026_exploratory,24,full_x2_own
1,-0.0003857818687347377,638,-0.019834094095423183,0.019758019627575,2026_exploratory,24,full_x2_own
2,-0.00044586546357204196,638,-0.019223720307843747,0.01884567018738048,2026_exploratory,24,full_x2_own
3,0.0005105387278726394,638,-0.021461885070413314,0.022493940448123136,2026_exploratory,24,full_x2_own
4,-0.00024238932459150838,639,-0.021304087172956426,0.02149886086651735,2026_exploratory,24,full_x2_own
