probability_decile,rows,forecast_mean,actual_rate,phase,brier
0,221,0.1382842150431714,0.10407239819004525,2025H2_development,0.19861722013095026
1,221,0.19110037508745012,0.1493212669683258,2025H2_development,0.19861722013095026
2,221,0.23459451290573613,0.27601809954751133,2025H2_development,0.19861722013095026
3,220,0.2714187377647262,0.33636363636363636,2025H2_development,0.19861722013095026
4,221,0.30552470787346275,0.3755656108597285,2025H2_development,0.19861722013095026
5,221,0.3429718131428837,0.39819004524886875,2025H2_development,0.19861722013095026
6,220,0.38136371103686556,0.38181818181818183,2025H2_development,0.19861722013095026
7,221,0.4267325152996801,0.4434389140271493,2025H2_development,0.19861722013095026
8,221,0.5194917799019416,0.5927601809954751,2025H2_development,0.19861722013095026
9,221,0.7238633114169386,0.8642533936651584,2025H2_development,0.19861722013095026
0,320,0.14326261663429468,0.046875,2026_exploratory,0.18614450005180458
1,319,0.20561209728431915,0.15673981191222572,2026_exploratory,0.18614450005180458
2,319,0.24825153113944437,0.2601880877742947,2026_exploratory,0.18614450005180458
3,319,0.28447335820363945,0.25705329153605017,2026_exploratory,0.18614450005180458
4,319,0.32373832423917204,0.29153605015673983,2026_exploratory,0.18614450005180458
5,319,0.3701429732172253,0.3322884012539185,2026_exploratory,0.18614450005180458
6,319,0.4170336198498148,0.4263322884012539,2026_exploratory,0.18614450005180458
7,319,0.4673185472090321,0.5109717868338558,2026_exploratory,0.18614450005180458
8,319,0.5752700760959039,0.6269592476489029,2026_exploratory,0.18614450005180458
9,320,0.7522264029301193,0.865625,2026_exploratory,0.18614450005180458
