phase,strategy,fee_bp_side,month,net_return,buy_hold_return,active_days,market_component,residual_component
2025H2_development,market_base,0,2025-07,0.04542149204847323,0.23243251349711125,11,0.04570696237861078,1.8648277366750676e-17
2025H2_development,market_base,0,2025-08,-0.11892626352095559,0.07309543178914746,10,-0.12024150284364785,-1.9949319973733282e-17
2025H2_development,market_base,0,2025-09,0.009668910549746945,0.042381912078074846,4,0.010087269304558187,-6.938893903907228e-18
2025H2_development,market_base,0,2025-10,-0.06962266945803541,-0.13814744295222436,17,-0.06369687446880926,-1.1058862159352145e-17
2025H2_development,market_base,0,2025-11,0.010671177782618502,-0.18973319944234535,20,0.019137794151699094,6.938893903907228e-18
2025H2_development,market_base,0,2025-12,0.051855451087002624,-0.051965202539678845,14,0.05432540319371422,7.154014295742794e-05
2025H2_development,market_base,4,2025-07,0.041628277887467924,0.23243251349711125,11,0.04570696237861078,1.8648277366750676e-17
2025H2_development,market_base,4,2025-08,-0.12425077806656859,0.07309543178914746,10,-0.12024150284364785,-1.9949319973733282e-17
2025H2_development,market_base,4,2025-09,0.007233596864945957,0.042381912078074846,4,0.010087269304558187,-6.938893903907228e-18
2025H2_development,market_base,4,2025-10,-0.07415951064974158,-0.13814744295222436,17,-0.06369687446880926,-1.1058862159352145e-17
2025H2_development,market_base,4,2025-11,0.0025054173899858867,-0.18973319944234535,20,0.019137794151699094,6.938893903907228e-18
2025H2_development,market_base,4,2025-12,0.04751583923823621,-0.051965202539678845,14,0.05432540319371422,7.154014295742794e-05
2025H2_development,market_base,10,2025-07,0.03596144713534333,0.23243251349711125,11,0.04570696237861078,1.8648277366750676e-17
2025H2_development,market_base,10,2025-08,-0.13218168258338603,0.07309543178914746,10,-0.12024150284364785,-1.9949319973733282e-17
2025H2_development,market_base,10,2025-09,0.003589813099423411,0.042381912078074846,4,0.010087269304558187,-6.938893903907228e-18
2025H2_development,market_base,10,2025-10,-0.08092716779419162,-0.13814744295222436,17,-0.06369687446880926,-1.1058862159352145e-17
2025H2_development,market_base,10,2025-11,-0.009626793907210551,-0.18973319944234535,20,0.019137794151699094,6.938893903907228e-18
2025H2_development,market_base,10,2025-12,0.041036159535718486,-0.051965202539678845,14,0.05432540319371422,7.154014295742794e-05
2025H2_development,market_past_momentum,0,2025-07,0.05832941945374004,0.23243251349711125,12,0.06094595898069243,2.862293735361732e-17
2025H2_development,market_past_momentum,0,2025-08,-0.1437385498240551,0.07309543178914746,19,-0.14495386229356436,-3.6266562669640123e-17
2025H2_development,market_past_momentum,0,2025-09,0.002638082897575611,0.042381912078074846,13,0.0048019694398923445,6.071532165918825e-18
2025H2_development,market_past_momentum,0,2025-10,-0.0061207251855137645,-0.13814744295222436,15,0.0016091261366556597,-2.0816681711721685e-17
2025H2_development,market_past_momentum,0,2025-11,-0.06968294818961185,-0.18973319944234535,14,-0.06530884771373087,8.673617379884035e-19
2025H2_development,market_past_momentum,0,2025-12,-0.12091172161921004,-0.051965202539678845,9,-0.12280128179746826,-1.691355389077387e-17
2025H2_development,market_past_momentum,4,2025-07,0.050674800594142866,0.23243251349711125,12,0.06094595898069243,2.862293735361732e-17
2025H2_development,market_past_momentum,4,2025-08,-0.15281387007223157,0.07309543178914746,19,-0.14495386229356436,-3.6266562669640123e-17
2025H2_development,market_past_momentum,4,2025-09,-0.004602205586873964,0.042381912078074846,13,0.0048019694398923445,6.071532165918825e-18
2025H2_development,market_past_momentum,4,2025-10,-0.01230520847917238,-0.13814744295222436,15,0.0016091261366556597,-2.0816681711721685e-17
2025H2_development,market_past_momentum,4,2025-11,-0.0776874357641748,-0.18973319944234535,14,-0.06530884771373087,8.673617379884035e-19
2025H2_development,market_past_momentum,4,2025-12,-0.1259497193248057,-0.051965202539678845,9,-0.12280128179746826,-1.691355389077387e-17
2025H2_development,market_past_momentum,10,2025-07,0.039289571435364046,0.23243251349711125,12,0.06094595898069243,2.862293735361732e-17
2025H2_development,market_past_momentum,10,2025-08,-0.16625727774746435,0.07309543178914746,19,-0.14495386229356436,-3.6266562669640123e-17
2025H2_development,market_past_momentum,10,2025-09,-0.015371886752517439,0.042381912078074846,13,0.0048019694398923445,6.071532165918825e-18
2025H2_development,market_past_momentum,10,2025-10,-0.021515736369275618,-0.13814744295222436,15,0.0016091261366556597,-2.0816681711721685e-17
2025H2_development,market_past_momentum,10,2025-11,-0.08957403955542254,-0.18973319944234535,14,-0.06530884771373087,8.673617379884035e-19
2025H2_development,market_past_momentum,10,2025-12,-0.13345762727851884,-0.051965202539678845,9,-0.12280128179746826,-1.691355389077387e-17
2025H2_development,market_risk_gate,0,2025-07,0.04193555579316155,0.23243251349711125,10,0.0423613271942371,1.8214596497756474e-17
2025H2_development,market_risk_gate,0,2025-08,-0.13933783870759842,0.07309543178914746,9,-0.14395763224335573,-1.6479873021779667e-17
2025H2_development,market_risk_gate,0,2025-09,0.0030355889902486943,0.042381912078074846,3,0.0034740228432077387,-7.806255641895632e-18
2025H2_development,market_risk_gate,0,2025-10,-0.05273276847741026,-0.13814744295222436,16,-0.04586674119852045,-7.589415207398531e-18
2025H2_development,market_risk_gate,0,2025-11,0.0545244743851474,-0.18973319944234535,19,0.06072364414166541,6.938893903907228e-18
2025H2_development,market_risk_gate,0,2025-12,0.052574961144065124,-0.051965202539678845,13,0.05500925230007121,7.126235800101435e-05
2025H2_development,market_risk_gate,4,2025-07,0.0373341148492663,0.23243251349711125,10,0.0423613271942371,1.8214596497756474e-17
2025H2_development,market_risk_gate,4,2025-08,-0.1438699647376176,0.07309543178914746,9,-0.14395763224335573,-1.6479873021779667e-17
2025H2_development,market_risk_gate,4,2025-09,0.0014119830319274662,0.042381912078074846,3,0.0034740228432077387,-7.806255641895632e-18
2025H2_development,market_risk_gate,4,2025-10,-0.057338280331988845,-0.13814744295222436,16,-0.04586674119852045,-7.589415207398531e-18
2025H2_development,market_risk_gate,4,2025-11,0.04604212112416839,-0.18973319944234535,19,0.06072364414166541,6.938893903907228e-18
2025H2_development,market_risk_gate,4,2025-12,0.048236264526040795,-0.051965202539678845,13,0.05500925230007121,7.126235800101435e-05
2025H2_development,market_risk_gate,10,2025-07,0.030466623351542044,0.23243251349711125,10,0.0423613271942371,1.8214596497756474e-17
2025H2_development,market_risk_gate,10,2025-08,-0.15062678130912333,0.07309543178914746,9,-0.14395763224335573,-1.6479873021779667e-17
2025H2_development,market_risk_gate,10,2025-09,-0.0010197215090591571,0.042381912078074846,3,0.0034740228432077387,-7.806255641895632e-18
2025H2_development,market_risk_gate,10,2025-10,-0.06420851024470142,-0.13814744295222436,16,-0.04586674119852045,-7.589415207398531e-18
2025H2_development,market_risk_gate,10,2025-11,0.03343897634949844,-0.18973319944234535,19,0.06072364414166541,6.938893903907228e-18
2025H2_development,market_risk_gate,10,2025-12,0.04175791889570224,-0.051965202539678845,13,0.05500925230007121,7.126235800101435e-05
2025H2_development,pair_base,0,2025-07,0.0552486386815314,0.23243251349711125,9,3.2338036411412756e-19,0.05507312365195013
2025H2_development,pair_base,0,2025-08,-0.01353080336397905,0.07309543178914746,15,1.4209921390651452e-17,-0.011667341465943096
2025H2_development,pair_base,0,2025-09,-0.0824126642840689,0.042381912078074846,9,5.4106622438929335e-19,-0.08507127868155574
2025H2_development,pair_base,0,2025-10,0.02780805737277059,-0.13814744295222436,15,-6.0692217302786875e-18,0.029338531922379212
2025H2_development,pair_base,0,2025-11,0.029127677334108704,-0.18973319944234535,10,1.4672044402319686e-18,0.03075549725466632
2025H2_development,pair_base,0,2025-12,-0.0034847272729597867,-0.051965202539678845,2,0.0,-0.003487129490968719
2025H2_development,pair_base,4,2025-07,0.049734703828135496,0.23243251349711125,9,3.2338036411412756e-19,0.05507312365195013
2025H2_development,pair_base,4,2025-08,-0.02107388347639938,0.07309543178914746,15,1.4209921390651452e-17,-0.011667341465943096
2025H2_development,pair_base,4,2025-09,-0.08544158327463036,0.042381912078074846,9,5.4106622438929335e-19,-0.08507127868155574
2025H2_development,pair_base,4,2025-10,0.022394371720614092,-0.13814744295222436,15,-6.0692217302786875e-18,0.029338531922379212
2025H2_development,pair_base,4,2025-11,0.023021530945207758,-0.18973319944234535,10,1.4672044402319686e-18,0.03075549725466632
2025H2_development,pair_base,4,2025-12,-0.004288905190197534,-0.051965202539678845,2,0.0,-0.003487129490968719
2025H2_development,pair_base,10,2025-07,0.04151240383406485,0.23243251349711125,9,3.2338036411412756e-19,0.05507312365195013
2025H2_development,pair_base,10,2025-08,-0.032287843476956235,0.07309543178914746,15,1.4209921390651452e-17,-0.011667341465943096
2025H2_development,pair_base,10,2025-09,-0.08996845990403368,0.042381912078074846,9,5.4106622438929335e-19,-0.08507127868155574
2025H2_development,pair_base,10,2025-10,0.014321511948709231,-0.13814744295222436,15,-6.0692217302786875e-18,0.029338531922379212
2025H2_development,pair_base,10,2025-11,0.013924516911930418,-0.18973319944234535,10,1.4672044402319686e-18,0.03075549725466632
2025H2_development,pair_base,10,2025-12,-0.005494539975560375,-0.051965202539678845,2,0.0,-0.003487129490968719
2025H2_development,pair_full_x2_direct,0,2025-07,-0.015006324822270156,0.23243251349711125,20,2.8963117571385816e-18,-0.014385190350798138
2025H2_development,pair_full_x2_direct,0,2025-08,-0.07757335441230784,0.07309543178914746,14,-1.849406011686327e-18,-0.07762354626498337
2025H2_development,pair_full_x2_direct,0,2025-09,0.04421510672681883,0.042381912078074846,10,3.7505350268340455e-20,0.043963422543567096
2025H2_development,pair_full_x2_direct,0,2025-10,0.14374157378906816,-0.13814744295222436,15,7.144799460852998e-18,0.13806735217319496
2025H2_development,pair_full_x2_direct,0,2025-11,0.05374244102729442,-0.18973319944234535,15,6.919220147620432e-18,0.05320745942473509
2025H2_development,pair_full_x2_direct,0,2025-12,-0.02887982054660776,-0.051965202539678845,13,-3.432726375627736e-18,-0.02796488648168827
2025H2_development,pair_full_x2_direct,4,2025-07,-0.028001949533835724,0.23243251349711125,20,2.8963117571385816e-18,-0.014385190350798138
2025H2_development,pair_full_x2_direct,4,2025-08,-0.084397023636953,0.07309543178914746,14,-1.849406011686327e-18,-0.07762354626498337
2025H2_development,pair_full_x2_direct,4,2025-09,0.03833516191700048,0.042381912078074846,10,3.7505350268340455e-20,0.043963422543567096
2025H2_development,pair_full_x2_direct,4,2025-10,0.13439309842354952,-0.13814744295222436,15,7.144799460852998e-18,0.13806735217319496
2025H2_development,pair_full_x2_direct,4,2025-11,0.046523851732707344,-0.18973319944234535,15,6.919220147620432e-18,0.05320745942473509
2025H2_development,pair_full_x2_direct,4,2025-12,-0.03496302143177077,-0.051965202539678845,13,-3.432726375627736e-18,-0.02796488648168827
2025H2_development,pair_full_x2_direct,10,2025-07,-0.0471904057995538,0.23243251349711125,20,2.8963117571385816e-18,-0.014385190350798138
2025H2_development,pair_full_x2_direct,10,2025-08,-0.09454479834238771,0.07309543178914746,14,-1.849406011686327e-18,-0.07762354626498337
2025H2_development,pair_full_x2_direct,10,2025-09,0.02957227521721717,0.042381912078074846,10,3.7505350268340455e-20,0.043963422543567096
2025H2_development,pair_full_x2_direct,10,2025-10,0.12050397090981924,-0.13814744295222436,15,7.144799460852998e-18,0.13806735217319496
2025H2_development,pair_full_x2_direct,10,2025-11,0.03578079460119166,-0.18973319944234535,15,6.919220147620432e-18,0.05320745942473509
2025H2_development,pair_full_x2_direct,10,2025-12,-0.04402236704175255,-0.051965202539678845,13,-3.432726375627736e-18,-0.02796488648168827
2025H2_development,pair_full_x2_own,0,2025-07,-0.0022114983817913547,0.23243251349711125,24,-1.292195611754618e-18,-0.0010692652158599183
2025H2_development,pair_full_x2_own,0,2025-08,-0.0459611729152255,0.07309543178914746,11,-1.8978230751301793e-18,-0.043557617689557314
2025H2_development,pair_full_x2_own,0,2025-09,-0.03637284939833341,0.042381912078074846,15,-5.077099758400896e-19,-0.036232947915968525
2025H2_development,pair_full_x2_own,0,2025-10,-0.006939144701389566,-0.13814744295222436,15,-1.6795030966419133e-17,-0.004743126443961326
2025H2_development,pair_full_x2_own,0,2025-11,0.09757354357660764,-0.18973319944234535,16,8.569416709671947e-18,0.09449048846433776
2025H2_development,pair_full_x2_own,0,2025-12,0.08020562265351638,-0.051965202539678845,15,-3.296490971828203e-20,0.07866362524762874
2025H2_development,pair_full_x2_own,4,2025-07,-0.013204592434473028,0.23243251349711125,24,-1.292195611754618e-18,-0.0010692652158599183
2025H2_development,pair_full_x2_own,4,2025-08,-0.053202360431917506,0.07309543178914746,11,-1.8978230751301793e-18,-0.043557617689557314
2025H2_development,pair_full_x2_own,4,2025-09,-0.042610257415659936,0.042381912078074846,15,-5.077099758400896e-19,-0.036232947915968525
2025H2_development,pair_full_x2_own,4,2025-10,-0.014190039826017187,-0.13814744295222436,15,-1.6795030966419133e-17,-0.004743126443961326
2025H2_development,pair_full_x2_own,4,2025-11,0.08947833812130113,-0.18973319944234535,16,8.569416709671947e-18,0.09449048846433776
2025H2_development,pair_full_x2_own,4,2025-12,0.07369145375330599,-0.051965202539678845,15,-3.296490971828203e-20,0.07866362524762874
2025H2_development,pair_full_x2_own,10,2025-07,-0.029481135351476118,0.23243251349711125,24,-1.292195611754618e-18,-0.0010692652158599183
2025H2_development,pair_full_x2_own,10,2025-08,-0.06396835054684002,0.07309543178914746,11,-1.8978230751301793e-18,-0.043557617689557314
2025H2_development,pair_full_x2_own,10,2025-09,-0.051897696160770446,0.042381912078074846,15,-5.077099758400896e-19,-0.036232947915968525
2025H2_development,pair_full_x2_own,10,2025-10,-0.024973650101399292,-0.13814744295222436,15,-1.6795030966419133e-17,-0.004743126443961326
2025H2_development,pair_full_x2_own,10,2025-11,0.07743802932232002,-0.18973319944234535,16,8.569416709671947e-18,0.09449048846433776
2025H2_development,pair_full_x2_own,10,2025-12,0.0639874241803775,-0.051965202539678845,15,-3.296490971828203e-20,0.07866362524762874
2025H2_development,pair_full_x2_own_sparse_posthoc,0,2025-07,-0.011742367420130462,0.23243251349711125,20,-1.5265269766439136e-18,-0.010734722126282938
2025H2_development,pair_full_x2_own_sparse_posthoc,0,2025-08,0.004746881249855894,0.07309543178914746,5,-1.849406011686327e-18,0.006144093853965241
2025H2_development,pair_full_x2_own_sparse_posthoc,0,2025-09,-0.000149804139356724,0.042381912078074846,3,-4.575400391705673e-19,-0.00010739941235921643
2025H2_development,pair_full_x2_own_sparse_posthoc,0,2025-10,0.048933083326180515,-0.13814744295222436,7,0.0,0.04893393410598326
2025H2_development,pair_full_x2_own_sparse_posthoc,0,2025-11,0.04730418320852503,-0.18973319944234535,12,5.9790258039614914e-18,0.047283957742520005
2025H2_development,pair_full_x2_own_sparse_posthoc,0,2025-12,0.049194346656293186,-0.051965202539678845,12,2.8187586282400605e-18,0.048933576339400445
2025H2_development,pair_full_x2_own_sparse_posthoc,4,2025-07,-0.01954023956690165,0.23243251349711125,20,-1.5265269766439136e-18,-0.010734722126282938
2025H2_development,pair_full_x2_own_sparse_posthoc,4,2025-08,0.0019114850104700043,0.07309543178914746,5,-1.849406011686327e-18,0.006144093853965241
2025H2_development,pair_full_x2_own_sparse_posthoc,4,2025-09,-0.002549538912727467,0.042381912078074846,3,-4.575400391705673e-19,-0.00010739941235921643
2025H2_development,pair_full_x2_own_sparse_posthoc,4,2025-10,0.04593576750006423,-0.13814744295222436,7,0.0,0.04893393410598326
2025H2_development,pair_full_x2_own_sparse_posthoc,4,2025-11,0.04226827732402905,-0.18973319944234535,12,5.9790258039614914e-18,0.047283957742520005
2025H2_development,pair_full_x2_own_sparse_posthoc,4,2025-12,0.04482806316907384,-0.051965202539678845,12,2.8187586282400605e-18,0.048933576339400445
2025H2_development,pair_full_x2_own_sparse_posthoc,10,2025-07,-0.03113132137022978,0.23243251349711125,20,-1.5265269766439136e-18,-0.010734722126282938
2025H2_development,pair_full_x2_own_sparse_posthoc,10,2025-08,-0.002329380593751429,0.07309543178914746,5,-1.849406011686327e-18,0.006144093853965241
2025H2_development,pair_full_x2_own_sparse_posthoc,10,2025-09,-0.006140140903302838,0.042381912078074846,3,-4.575400391705673e-19,-0.00010739941235921643
2025H2_development,pair_full_x2_own_sparse_posthoc,10,2025-10,0.04145362901870331,-0.13814744295222436,7,0.0,0.04893393410598326
2025H2_development,pair_full_x2_own_sparse_posthoc,10,2025-11,0.034754204586510795,-0.18973319944234535,12,5.9790258039614914e-18,0.047283957742520005
2025H2_development,pair_full_x2_own_sparse_posthoc,10,2025-12,0.03830954596008862,-0.051965202539678845,12,2.8187586282400605e-18,0.048933576339400445
2025H2_development,pair_full_x2_sparse_posthoc,0,2025-07,-0.006690191271832457,0.23243251349711125,11,1.8572006068438427e-19,-0.006216997081886102
2025H2_development,pair_full_x2_sparse_posthoc,0,2025-08,-0.059435192777837154,0.07309543178914746,9,-1.849406011686327e-18,-0.058202244738367534
2025H2_development,pair_full_x2_sparse_posthoc,0,2025-09,0.054889581154894396,0.042381912078074846,8,3.7505350268340455e-20,0.05408944789004928
2025H2_development,pair_full_x2_sparse_posthoc,0,2025-10,0.09796700684465831,-0.13814744295222436,9,8.761547320735773e-18,0.0959674676680382
2025H2_development,pair_full_x2_sparse_posthoc,0,2025-11,0.0460344620875508,-0.18973319944234535,14,6.919220147620432e-18,0.045838697477484355
2025H2_development,pair_full_x2_sparse_posthoc,0,2025-12,0.0037624017814712474,-0.051965202539678845,10,3.639823566801257e-19,0.004732407879028681
2025H2_development,pair_full_x2_sparse_posthoc,4,2025-07,-0.012044403372035495,0.23243251349711125,11,1.8572006068438427e-19,-0.006216997081886102
2025H2_development,pair_full_x2_sparse_posthoc,4,2025-08,-0.0636480687410893,0.07309543178914746,9,-1.849406011686327e-18,-0.058202244738367534
2025H2_development,pair_full_x2_sparse_posthoc,4,2025-09,0.049813020540712794,0.042381912078074846,8,3.7505350268340455e-20,0.05408944789004928
2025H2_development,pair_full_x2_sparse_posthoc,4,2025-10,0.0938086978236905,-0.13814744295222436,9,8.761547320735773e-18,0.0959674676680382
2025H2_development,pair_full_x2_sparse_posthoc,4,2025-11,0.039294815724281396,-0.18973319944234535,14,6.919220147620432e-18,0.045838697477484355
2025H2_development,pair_full_x2_sparse_posthoc,4,2025-12,-0.000927645237865593,-0.051965202539678845,10,3.639823566801257e-19,0.004732407879028681
2025H2_development,pair_full_x2_sparse_posthoc,10,2025-07,-0.02002702304633952,0.23243251349711125,11,1.8572006068438427e-19,-0.006216997081886102
2025H2_development,pair_full_x2_sparse_posthoc,10,2025-08,-0.06993687369201695,0.07309543178914746,9,-1.849406011686327e-18,-0.058202244738367534
2025H2_development,pair_full_x2_sparse_posthoc,10,2025-09,0.04224018717624389,0.042381912078074846,8,3.7505350268340455e-20,0.05408944789004928
2025H2_development,pair_full_x2_sparse_posthoc,10,2025-10,0.0875977460339612,-0.13814744295222436,9,8.761547320735773e-18,0.0959674676680382
2025H2_development,pair_full_x2_sparse_posthoc,10,2025-11,0.029259887093903814,-0.18973319944234535,14,6.919220147620432e-18,0.045838697477484355
2025H2_development,pair_full_x2_sparse_posthoc,10,2025-12,-0.007925424942403114,-0.051965202539678845,10,3.639823566801257e-19,0.004732407879028681
2025H2_development,pair_k48_distance,0,2025-07,0.003170752081498085,0.23243251349711125,5,-6.6325477243135266e-18,0.0035740742413498013
2025H2_development,pair_k48_distance,0,2025-08,0.013765822767915159,0.07309543178914746,14,1.1911731055787328e-17,0.01572190815641218
2025H2_development,pair_k48_distance,0,2025-09,-0.10151293991501786,0.042381912078074846,12,1.9526520391062555e-18,-0.10513059250145208
2025H2_development,pair_k48_distance,0,2025-10,-0.0352535106700973,-0.13814744295222436,14,2.0441452848990298e-17,-0.032895938941637476
2025H2_development,pair_k48_distance,0,2025-11,0.005449863622479567,-0.18973319944234535,10,1.4908363599143064e-18,0.007166590390316848
2025H2_development,pair_k48_distance,0,2025-12,-0.00601105493385512,-0.051965202539678845,2,1.4370831777078639e-18,-0.005983920781707732
2025H2_development,pair_k48_distance,4,2025-07,0.0007694014490331469,0.23243251349711125,5,-6.6325477243135266e-18,0.0035740742413498013
2025H2_development,pair_k48_distance,4,2025-08,0.007933572442962111,0.07309543178914746,14,1.1911731055787328e-17,0.01572190815641218
2025H2_development,pair_k48_distance,4,2025-09,-0.10559415061511013,0.042381912078074846,12,1.9526520391062555e-18,-0.10513059250145208
2025H2_development,pair_k48_distance,4,2025-10,-0.04066787277828399,-0.13814744295222436,14,2.0441452848990298e-17,-0.032895938941637476
2025H2_development,pair_k48_distance,4,2025-11,0.0021091346186847826,-0.18973319944234535,10,1.4908363599143064e-18,0.007166590390316848
2025H2_development,pair_k48_distance,4,2025-12,-0.006813812196827085,-0.051965202539678845,2,1.4370831777078639e-18,-0.005983920781707732
2025H2_development,pair_k48_distance,10,2025-07,-0.002824223245306179,0.23243251349711125,5,-6.6325477243135266e-18,0.0035740742413498013
2025H2_development,pair_k48_distance,10,2025-08,-0.0007563064028587307,0.07309543178914746,14,1.1911731055787328e-17,0.01572190815641218
2025H2_development,pair_k48_distance,10,2025-09,-0.11168420695410186,0.042381912078074846,12,1.9526520391062555e-18,-0.10513059250145208
2025H2_development,pair_k48_distance,10,2025-10,-0.048738081789792,-0.13814744295222436,14,2.0441452848990298e-17,-0.032895938941637476
2025H2_development,pair_k48_distance,10,2025-11,-0.002883693832777867,-0.18973319944234535,10,1.4908363599143064e-18,0.007166590390316848
2025H2_development,pair_k48_distance,10,2025-12,-0.008017324851088192,-0.051965202539678845,2,1.4370831777078639e-18,-0.005983920781707732
2025H2_development,pair_momentum_own_sparse_same_entry,0,2025-07,-0.03197924112924011,0.23243251349711125,20,-3.7230143179095445e-18,-0.031846557982851624
2025H2_development,pair_momentum_own_sparse_same_entry,0,2025-08,0.08430321024387433,0.07309543178914746,5,7.436733602271869e-19,0.08311122698676784
2025H2_development,pair_momentum_own_sparse_same_entry,0,2025-09,0.03413947285297336,0.042381912078074846,3,9.83674318601239e-19,0.03414958136866553
2025H2_development,pair_momentum_own_sparse_same_entry,0,2025-10,0.02599779657382073,-0.13814744295222436,7,9.046420748541996e-19,0.026297876659863554
2025H2_development,pair_momentum_own_sparse_same_entry,0,2025-11,-0.051511764956303496,-0.18973319944234535,12,-1.0719192202552462e-18,-0.052107890259569835
2025H2_development,pair_momentum_own_sparse_same_entry,0,2025-12,-0.0828818975245802,-0.051965202539678845,12,-1.1825345579283387e-18,-0.08532941396273115
2025H2_development,pair_momentum_own_sparse_same_entry,4,2025-07,-0.046976710442580005,0.23243251349711125,20,-3.7230143179095445e-18,-0.031846557982851624
2025H2_development,pair_momentum_own_sparse_same_entry,4,2025-08,0.0807388909054374,0.07309543178914746,5,7.436733602271869e-19,0.08311122698676784
2025H2_development,pair_momentum_own_sparse_same_entry,4,2025-09,0.03165227005666282,0.042381912078074846,3,9.83674318601239e-19,0.03414958136866553
2025H2_development,pair_momentum_own_sparse_same_entry,4,2025-10,0.020853154594108636,-0.13814744295222436,7,9.046420748541996e-19,0.026297876659863554
2025H2_development,pair_momentum_own_sparse_same_entry,4,2025-11,-0.06026014017550341,-0.18973319944234535,12,-1.0719192202552462e-18,-0.052107890259569835
2025H2_development,pair_momentum_own_sparse_same_entry,4,2025-12,-0.09138299048478993,-0.051965202539678845,12,-1.1825345579283387e-18,-0.08532941396273115
2025H2_development,pair_momentum_own_sparse_same_entry,10,2025-07,-0.06905831633836257,0.23243251349711125,20,-3.7230143179095445e-18,-0.031846557982851624
2025H2_development,pair_momentum_own_sparse_same_entry,10,2025-08,0.07541097330094737,0.07309543178914746,5,7.436733602271869e-19,0.08311122698676784
2025H2_development,pair_momentum_own_sparse_same_entry,10,2025-09,0.027930813710475677,0.042381912078074846,3,9.83674318601239e-19,0.03414958136866553
2025H2_development,pair_momentum_own_sparse_same_entry,10,2025-10,0.013179576644705149,-0.13814744295222436,7,9.046420748541996e-19,0.026297876659863554
2025H2_development,pair_momentum_own_sparse_same_entry,10,2025-11,-0.07324254385851026,-0.18973319944234535,12,-1.0719192202552462e-18,-0.052107890259569835
2025H2_development,pair_momentum_own_sparse_same_entry,10,2025-12,-0.10399669381259458,-0.051965202539678845,12,-1.1825345579283387e-18,-0.08532941396273115
2025H2_development,pair_momentum_same_entry,0,2025-07,-0.038839783670614025,0.23243251349711125,20,2.9095334064039813e-18,-0.038750722126515424
2025H2_development,pair_momentum_same_entry,0,2025-08,0.11585691471580328,0.07309543178914746,14,6.319744274493478e-18,0.11302533120074362
2025H2_development,pair_momentum_same_entry,0,2025-09,0.09605484237155704,0.042381912078074846,10,5.786741790050693e-19,0.09314946508108139
2025H2_development,pair_momentum_same_entry,0,2025-10,-0.035537225770859826,-0.13814744295222436,15,-2.99197343637658e-18,-0.03391096276602731
2025H2_development,pair_momentum_same_entry,0,2025-11,-0.07723566447332653,-0.18973319944234535,15,-1.0719192202552462e-18,-0.07921443940966451
2025H2_development,pair_momentum_same_entry,0,2025-12,-0.08161737106541256,-0.051965202539678845,13,-1.7025569068004658e-18,-0.0839439180459358
2025H2_development,pair_momentum_same_entry,4,2025-07,-0.05370902113475973,0.23243251349711125,20,2.9095334064039813e-18,-0.038750722126515424
2025H2_development,pair_momentum_same_entry,4,2025-08,0.10489060199186673,0.07309543178914746,14,6.319744274493478e-18,0.11302533120074362
2025H2_development,pair_momentum_same_entry,4,2025-09,0.08732768294318505,0.042381912078074846,10,5.786741790050693e-19,0.09314946508108139
2025H2_development,pair_momentum_same_entry,4,2025-10,-0.04566455909265843,-0.13814744295222436,15,-2.99197343637658e-18,-0.03391096276602731
2025H2_development,pair_momentum_same_entry,4,2025-11,-0.08830472135477219,-0.18973319944234535,15,-1.0719192202552462e-18,-0.07921443940966451
2025H2_development,pair_momentum_same_entry,4,2025-12,-0.09084150543356617,-0.051965202539678845,13,-1.7025569068004658e-18,-0.0839439180459358
2025H2_development,pair_momentum_same_entry,10,2025-07,-0.07560131916701163,0.23243251349711125,20,2.9095334064039813e-18,-0.038750722126515424
2025H2_development,pair_momentum_same_entry,10,2025-08,0.08863124669264044,0.07309543178914746,14,6.319744274493478e-18,0.11302533120074362
2025H2_development,pair_momentum_same_entry,10,2025-09,0.0743580613023378,0.042381912078074846,10,5.786741790050693e-19,0.09314946508108139
2025H2_development,pair_momentum_same_entry,10,2025-10,-0.06066712649664563,-0.13814744295222436,15,-2.99197343637658e-18,-0.03391096276602731
2025H2_development,pair_momentum_same_entry,10,2025-11,-0.10467333581339011,-0.18973319944234535,15,-1.0719192202552462e-18,-0.07921443940966451
2025H2_development,pair_momentum_same_entry,10,2025-12,-0.10451492009184227,-0.051965202539678845,13,-1.7025569068004658e-18,-0.0839439180459358
2025H2_development,pair_momentum_sparse_same_entry,0,2025-07,-0.029534261659418304,0.23243251349711125,11,-1.5458992071527537e-18,-0.029437028660751707
2025H2_development,pair_momentum_sparse_same_entry,0,2025-08,0.13035255453424943,0.07309543178914746,9,5.727883061928981e-18,0.12589698165414376
2025H2_development,pair_momentum_sparse_same_entry,0,2025-09,0.07985904684504819,0.042381912078074846,8,9.83674318601239e-19,0.07819186655582254
2025H2_development,pair_momentum_sparse_same_entry,0,2025-10,-0.06960097671011944,-0.13814744295222436,9,2.891561833637729e-19,-0.07046995267753671
2025H2_development,pair_momentum_sparse_same_entry,0,2025-11,-0.08517553767912178,-0.18973319944234535,14,-1.0719192202552462e-18,-0.08789356150665356
2025H2_development,pair_momentum_sparse_same_entry,0,2025-12,-0.08832863061984886,-0.051965202539678845,10,-1.6057479321465648e-18,-0.09133302411560164
2025H2_development,pair_momentum_sparse_same_entry,4,2025-07,-0.03807688158267275,0.23243251349711125,11,-1.5458992071527537e-18,-0.029437028660751707
2025H2_development,pair_momentum_sparse_same_entry,4,2025-08,0.12369535089746897,0.07309543178914746,9,5.727883061928981e-18,0.12589698165414376
2025H2_development,pair_momentum_sparse_same_entry,4,2025-09,0.07298317913091901,0.042381912078074846,8,9.83674318601239e-19,0.07819186655582254
2025H2_development,pair_momentum_sparse_same_entry,4,2025-10,-0.07608881642204601,-0.13814744295222436,9,2.891561833637729e-19,-0.07046995267753671
2025H2_development,pair_momentum_sparse_same_entry,4,2025-11,-0.09507760404301402,-0.18973319944234535,14,-1.0719192202552462e-18,-0.08789356150665356
2025H2_development,pair_momentum_sparse_same_entry,4,2025-12,-0.09562636336182118,-0.051965202539678845,10,-1.6057479321465648e-18,-0.09133302411560164
2025H2_development,pair_momentum_sparse_same_entry,10,2025-07,-0.05076039305067537,0.23243251349711125,11,-1.5458992071527537e-18,-0.029437028660751707
2025H2_development,pair_momentum_sparse_same_entry,10,2025-08,0.11377568319844711,0.07309543178914746,9,5.727883061928981e-18,0.12589698165414376
2025H2_development,pair_momentum_sparse_same_entry,10,2025-09,0.06274504883763954,0.042381912078074846,8,9.83674318601239e-19,0.07819186655582254
2025H2_development,pair_momentum_sparse_same_entry,10,2025-10,-0.08574267882631148,-0.13814744295222436,9,2.891561833637729e-19,-0.07046995267753671
2025H2_development,pair_momentum_sparse_same_entry,10,2025-11,-0.10974166934127638,-0.18973319944234535,14,-1.0719192202552462e-18,-0.08789356150665356
2025H2_development,pair_momentum_sparse_same_entry,10,2025-12,-0.10647170462996314,-0.051965202539678845,10,-1.6057479321465648e-18,-0.09133302411560164
2025H2_development,pair_past_momentum,0,2025-07,-0.009844658058169031,0.23243251349711125,9,1.7174986794637777e-18,-0.009072691635810405
2025H2_development,pair_past_momentum,0,2025-08,-0.004353303695044608,0.07309543178914746,19,3.929689625182161e-19,-0.0025292523170314905
2025H2_development,pair_past_momentum,0,2025-09,-0.056538422067519134,0.042381912078074846,10,6.954420823761765e-20,-0.05699899678136927
2025H2_development,pair_past_momentum,0,2025-10,-0.11540630195627744,-0.13814744295222436,13,-1.479121663513079e-18,-0.11876384987490095
2025H2_development,pair_past_momentum,0,2025-11,-0.03670273285361769,-0.18973319944234535,8,-1.2800028010757726e-18,-0.03596384232089263
2025H2_development,pair_past_momentum,0,2025-12,-0.050716958286987524,-0.051965202539678845,6,1.2657463782338563e-18,-0.05142816390489168
2025H2_development,pair_past_momentum,4,2025-07,-0.01518573654185762,0.23243251349711125,9,1.7174986794637777e-18,-0.009072691635810405
2025H2_development,pair_past_momentum,4,2025-08,-0.010872394610177416,0.07309543178914746,19,3.929689625182161e-19,-0.0025292523170314905
2025H2_development,pair_past_momentum,4,2025-09,-0.059559513820214405,0.042381912078074846,10,6.954420823761765e-20,-0.05699899678136927
2025H2_development,pair_past_momentum,4,2025-10,-0.12129191795958338,-0.13814744295222436,13,-1.479121663513079e-18,-0.11876384987490095
2025H2_development,pair_past_momentum,4,2025-11,-0.040685441835096814,-0.18973319944234535,8,-1.2800028010757726e-18,-0.03596384232089263
2025H2_development,pair_past_momentum,4,2025-12,-0.05244036793243678,-0.051965202539678845,6,1.2657463782338563e-18,-0.05142816390489168
2025H2_development,pair_past_momentum,10,2025-07,-0.023149660108332193,0.23243251349711125,9,1.7174986794637777e-18,-0.009072691635810405
2025H2_development,pair_past_momentum,10,2025-08,-0.020578740376396176,0.07309543178914746,19,3.929689625182161e-19,-0.0025292523170314905
2025H2_development,pair_past_momentum,10,2025-09,-0.06407573421828217,0.042381912078074846,10,6.954420823761765e-20,-0.05699899678136927
2025H2_development,pair_past_momentum,10,2025-10,-0.13005285520373056,-0.13814744295222436,13,-1.479121663513079e-18,-0.11876384987490095
2025H2_development,pair_past_momentum,10,2025-11,-0.04663269837282713,-0.18973319944234535,8,-1.2800028010757726e-18,-0.03596384232089263
2025H2_development,pair_past_momentum,10,2025-12,-0.05502083067987629,-0.051965202539678845,6,1.2657463782338563e-18,-0.05142816390489168
2025H2_development,pair_reverse_full,0,2025-07,0.013744733979612178,0.23243251349711125,20,-2.8963117571385816e-18,0.014385190350798138
2025H2_development,pair_reverse_full,0,2025-08,0.07750987691564881,0.07309543178914746,14,1.849406011686327e-18,0.07762354626498337
2025H2_development,pair_reverse_full,0,2025-09,-0.04369781672162476,0.042381912078074846,10,-3.7505350268340455e-20,-0.043963422543567096
2025H2_development,pair_reverse_full,0,2025-10,-0.13244045078300481,-0.13814744295222436,15,-7.144799460852998e-18,-0.13806735217319496
2025H2_development,pair_reverse_full,0,2025-11,-0.052653854561924396,-0.18973319944234535,15,-6.919220147620432e-18,-0.05320745942473509
2025H2_development,pair_reverse_full,0,2025-12,0.026990647356428754,-0.051965202539678845,13,3.432726375627736e-18,0.02796488648168827
2025H2_development,pair_reverse_full,4,2025-07,0.00037108277561825886,0.23243251349711125,20,-2.8963117571385816e-18,0.014385190350798138
2025H2_development,pair_reverse_full,4,2025-08,0.06960227721398793,0.07309543178914746,14,1.849406011686327e-18,0.07762354626498337
2025H2_development,pair_reverse_full,4,2025-09,-0.04912202036051949,0.042381912078074846,10,-3.7505350268340455e-20,-0.043963422543567096
2025H2_development,pair_reverse_full,4,2025-10,-0.1395823683570382,-0.13814744295222436,15,-7.144799460852998e-18,-0.13806735217319496
2025H2_development,pair_reverse_full,4,2025-11,-0.05912913074139925,-0.18973319944234535,15,-6.919220147620432e-18,-0.05320745942473509
2025H2_development,pair_reverse_full,4,2025-12,0.02060299174060476,-0.051965202539678845,13,3.432726375627736e-18,0.02796488648168827
2025H2_development,pair_reverse_full,10,2025-07,-0.019375547560834927,0.23243251349711125,20,-2.8963117571385816e-18,0.014385190350798138
2025H2_development,pair_reverse_full,10,2025-08,0.05784175250296464,0.07309543178914746,14,1.849406011686327e-18,0.07762354626498337
2025H2_development,pair_reverse_full,10,2025-09,-0.05720532593141325,0.042381912078074846,10,-3.7505350268340455e-20,-0.043963422543567096
2025H2_development,pair_reverse_full,10,2025-10,-0.15019250288982944,-0.13814744295222436,15,-7.144799460852998e-18,-0.13806735217319496
2025H2_development,pair_reverse_full,10,2025-11,-0.06876617952090203,-0.18973319944234535,15,-6.919220147620432e-18,-0.05320745942473509
2025H2_development,pair_reverse_full,10,2025-12,0.0110897350793413,-0.051965202539678845,13,3.432726375627736e-18,0.02796488648168827
2025H2_development,pair_reverse_own_sparse,0,2025-07,0.00971368024425634,0.23243251349711125,20,1.5265269766439136e-18,0.010734722126282938
2025H2_development,pair_reverse_own_sparse,0,2025-08,-0.0074802846861158345,0.07309543178914746,5,1.849406011686327e-18,-0.006144093853965241
2025H2_development,pair_reverse_own_sparse,0,2025-09,6.50206985368662e-05,0.042381912078074846,3,4.575400391705673e-19,0.00010739941235921643
2025H2_development,pair_reverse_own_sparse,0,2025-10,-0.04892825352179375,-0.13814744295222436,7,0.0,-0.04893393410598326
2025H2_development,pair_reverse_own_sparse,0,2025-11,-0.047228220710189284,-0.18973319944234535,12,-5.9790258039614914e-18,-0.047283957742520005
2025H2_development,pair_reverse_own_sparse,0,2025-12,-0.0486372219043788,-0.051965202539678845,12,-2.8187586282400605e-18,-0.048933576339400445
2025H2_development,pair_reverse_own_sparse,4,2025-07,0.0017480719249998167,0.23243251349711125,20,1.5265269766439136e-18,0.010734722126282938
2025H2_development,pair_reverse_own_sparse,4,2025-08,-0.010259036536680366,0.07309543178914746,5,1.849406011686327e-18,-0.006144093853965241
2025H2_development,pair_reverse_own_sparse,4,2025-09,-0.0023464610992400825,0.042381912078074846,3,4.575400391705673e-19,0.00010739941235921643
2025H2_development,pair_reverse_own_sparse,4,2025-10,-0.05167780730635152,-0.13814744295222436,7,0.0,-0.04893393410598326
2025H2_development,pair_reverse_own_sparse,4,2025-11,-0.05184137363459218,-0.18973319944234535,12,-5.9790258039614914e-18,-0.047283957742520005
2025H2_development,pair_reverse_own_sparse,4,2025-12,-0.052592771421914764,-0.051965202539678845,12,-2.8187586282400605e-18,-0.048933576339400445
2025H2_development,pair_reverse_own_sparse,10,2025-07,-0.010092337702469867,0.23243251349711125,20,1.5265269766439136e-18,0.010734722126282938
2025H2_development,pair_reverse_own_sparse,10,2025-08,-0.014415242011013185,0.07309543178914746,5,1.849406011686327e-18,-0.006144093853965241
2025H2_development,pair_reverse_own_sparse,10,2025-09,-0.005954597151010987,0.042381912078074846,3,4.575400391705673e-19,0.00010739941235921643
2025H2_development,pair_reverse_own_sparse,10,2025-10,-0.05578925742520113,-0.13814744295222436,7,0.0,-0.04893393410598326
2025H2_development,pair_reverse_own_sparse,10,2025-11,-0.058724452509996916,-0.18973319944234535,12,-5.9790258039614914e-18,-0.047283957742520005
2025H2_development,pair_reverse_own_sparse,10,2025-12,-0.05849813003870752,-0.051965202539678845,12,-2.8187586282400605e-18,-0.048933576339400445
2025H2_development,pair_reverse_sparse,0,2025-07,0.0057405503248317835,0.23243251349711125,11,-1.8572006068438427e-19,0.006216997081886102
2025H2_development,pair_reverse_sparse,0,2025-08,0.05683898691960376,0.07309543178914746,9,1.849406011686327e-18,0.058202244738367534
2025H2_development,pair_reverse_sparse,0,2025-09,-0.053290826803680025,0.042381912078074846,8,-3.7505350268340455e-20,-0.05408944789004928
2025H2_development,pair_reverse_sparse,0,2025-10,-0.09393807621316963,-0.13814744295222436,9,-8.761547320735773e-18,-0.0959674676680382
2025H2_development,pair_reverse_sparse,0,2025-11,-0.04562126485512352,-0.18973319944234535,14,-6.919220147620432e-18,-0.045838697477484355
2025H2_development,pair_reverse_sparse,0,2025-12,-0.005692868653981775,-0.051965202539678845,10,-3.639823566801257e-19,-0.004732407879028681
2025H2_development,pair_reverse_sparse,4,2025-07,0.0002910810613974135,0.23243251349711125,11,-1.8572006068438427e-19,0.006216997081886102
2025H2_development,pair_reverse_sparse,4,2025-08,0.052155319538402134,0.07309543178914746,9,1.849406011686327e-18,0.058202244738367534
2025H2_development,pair_reverse_sparse,4,2025-09,-0.05789356827866832,0.042381912078074846,8,-3.7505350268340455e-20,-0.05408944789004928
2025H2_development,pair_reverse_sparse,4,2025-10,-0.0973809739988345,-0.13814744295222436,9,-8.761547320735773e-18,-0.0959674676680382
2025H2_development,pair_reverse_sparse,4,2025-11,-0.05176250404466054,-0.18973319944234535,14,-6.919220147620432e-18,-0.045838697477484355
2025H2_development,pair_reverse_sparse,4,2025-12,-0.010304142239715874,-0.051965202539678845,10,-3.639823566801257e-19,-0.004732407879028681
2025H2_development,pair_reverse_sparse,10,2025-07,-0.007833258002063026,0.23243251349711125,11,-1.8572006068438427e-19,0.006216997081886102
2025H2_development,pair_reverse_sparse,10,2025-08,0.04516338306381806,0.07309543178914746,9,1.849406011686327e-18,0.058202244738367534
2025H2_development,pair_reverse_sparse,10,2025-09,-0.0647592075869502,0.042381912078074846,8,-3.7505350268340455e-20,-0.05408944789004928
2025H2_development,pair_reverse_sparse,10,2025-10,-0.10252330245189245,-0.13814744295222436,9,-8.761547320735773e-18,-0.0959674676680382
2025H2_development,pair_reverse_sparse,10,2025-11,-0.06090659836811796,-0.18973319944234535,14,-6.919220147620432e-18,-0.045838697477484355
2025H2_development,pair_reverse_sparse,10,2025-12,-0.017184689436976597,-0.051965202539678845,10,-3.639823566801257e-19,-0.004732407879028681
2026_exploratory,market_base,0,2026-01,-0.07381677371535533,-0.13209037563221482,8,-0.07225348276434415,-4.297361536391908e-05
2026_exploratory,market_base,0,2026-02,-0.08288242938283241,-0.12201995352165595,11,-0.06635220170972567,-2.6577141213952668e-05
2026_exploratory,market_base,0,2026-03,-0.019426453863322313,-0.002043815787589276,10,-0.016170168230542476,0.00016654341371477848
2026_exploratory,market_base,0,2026-04,0.11618566114717765,0.040209676734009214,8,0.11155579138737497,-0.0004617150544483457
2026_exploratory,market_base,0,2026-05,-0.033956531076062,-0.031147204786297844,5,-0.034239826493975674,0.0003341953392060294
2026_exploratory,market_base,0,2026-06,-0.07913308156991383,-0.223599697714166,10,-0.07728480624083324,0.00031922210636160624
2026_exploratory,market_base,0,2026-07,0.062430128213935676,0.0567041468933942,6,0.061497055866288286,-0.00012855412872955687
2026_exploratory,market_base,0,2026-08,0.14691042304488056,0.209164982080005,6,0.14481228465618456,-0.0008783127465502756
2026_exploratory,market_base,0,2026-09,-0.0268445166272524,0.14171510754407834,3,-0.026495718180088196,0.0001090015679121798
2026_exploratory,market_base,4,2026-01,-0.07645486978359517,-0.13209037563221482,8,-0.07225348276434415,-4.297361536391908e-05
2026_exploratory,market_base,4,2026-02,-0.08698627974397077,-0.12201995352165595,11,-0.06635220170972567,-2.6577141213952668e-05
2026_exploratory,market_base,4,2026-03,-0.02497131015556875,-0.002043815787589276,10,-0.016170168230542476,0.00016654341371477848
2026_exploratory,market_base,4,2026-04,0.10914812518794292,0.040209676734009214,8,0.11155579138737497,-0.0004617150544483457
2026_exploratory,market_base,4,2026-05,-0.03705956555881551,-0.031147204786297844,5,-0.034239826493975674,0.0003341953392060294
2026_exploratory,market_base,4,2026-06,-0.08355284916811212,-0.223599697714166,10,-0.07728480624083324,0.00031922210636160624
2026_exploratory,market_base,4,2026-07,0.05822061633933484,0.0567041468933942,6,0.061497055866288286,-0.00012855412872955687
2026_exploratory,market_base,4,2026-08,0.1445847883593252,0.209164982080005,6,0.14481228465618456,-0.0008783127465502756
2026_exploratory,market_base,4,2026-09,-0.028400923059724525,0.14171510754407834,3,-0.026495718180088196,0.0001090015679121798
2026_exploratory,market_base,10,2026-01,-0.08039987046971597,-0.13209037563221482,8,-0.07225348276434415,-4.297361536391908e-05
2026_exploratory,market_base,10,2026-02,-0.0931123504218565,-0.12201995352165595,11,-0.06635220170972567,-2.6577141213952668e-05
2026_exploratory,market_base,10,2026-03,-0.0332340118600416,-0.002043815787589276,10,-0.016170168230542476,0.00016654341371477848
2026_exploratory,market_base,10,2026-04,0.09866911434326164,0.040209676734009214,8,0.11155579138737497,-0.0004617150544483457
2026_exploratory,market_base,10,2026-05,-0.041698332697076346,-0.031147204786297844,5,-0.034239826493975674,0.0003341953392060294
2026_exploratory,market_base,10,2026-06,-0.09014600817395568,-0.223599697714166,10,-0.07728480624083324,0.00031922210636160624
2026_exploratory,market_base,10,2026-07,0.05193386241660658,0.0567041468933942,6,0.061497055866288286,-0.00012855412872955687
2026_exploratory,market_base,10,2026-08,0.1411034692823787,0.209164982080005,6,0.14481228465618456,-0.0008783127465502756
2026_exploratory,market_base,10,2026-09,-0.03073201781778001,0.14171510754407834,3,-0.026495718180088196,0.0001090015679121798
2026_exploratory,market_past_momentum,0,2026-01,0.17611532611901337,-0.13209037563221482,15,0.16866399577966357,-0.0004285876670569103
2026_exploratory,market_past_momentum,0,2026-02,0.005808052380647188,-0.12201995352165595,15,0.026802307589123508,4.450400174068735e-05
2026_exploratory,market_past_momentum,0,2026-03,0.007229488061118339,-0.002043815787589276,8,0.007960509792646085,-3.213519033166317e-05
2026_exploratory,market_past_momentum,0,2026-04,-0.09037613681089773,0.040209676734009214,6,-0.09342979286545881,0.0003158840172665517
2026_exploratory,market_past_momentum,0,2026-05,-0.01991102280764967,-0.031147204786297844,2,-0.020206021651612647,0.0001978579742463668
2026_exploratory,market_past_momentum,0,2026-06,0.1493758296823693,-0.223599697714166,7,0.14339556539176876,-0.0006257540317363983
2026_exploratory,market_past_momentum,0,2026-07,0.04069947413719088,0.0567041468933942,5,0.040714591028891474,1.72357079653504e-05
2026_exploratory,market_past_momentum,0,2026-08,0.13349961433694357,0.209164982080005,6,0.13296612723098275,-0.0008080506715024157
2026_exploratory,market_past_momentum,0,2026-09,0.04018093416290425,0.14171510754407834,10,0.043045800998681626,-0.0001382592020601047
2026_exploratory,market_past_momentum,4,2026-01,0.16800592336658782,-0.13209037563221482,15,0.16866399577966357,-0.0004285876670569103
2026_exploratory,market_past_momentum,4,2026-02,-0.0017793716951776117,-0.12201995352165595,15,0.026802307589123508,4.450400174068735e-05
2026_exploratory,market_past_momentum,4,2026-03,0.0019589643169375393,-0.002043815787589276,8,0.007960509792646085,-3.213519033166317e-05
2026_exploratory,market_past_momentum,4,2026-04,-0.09477925878057891,0.040209676734009214,6,-0.09342979286545881,0.0003158840172665517
2026_exploratory,market_past_momentum,4,2026-05,-0.0214875108339877,-0.031147204786297844,2,-0.020206021651612647,0.0001978579742463668
2026_exploratory,market_past_momentum,4,2026-06,0.1456011631798535,-0.223599697714166,7,0.14339556539176876,-0.0006257540317363983
2026_exploratory,market_past_momentum,4,2026-07,0.03818130344691806,0.0567041468933942,5,0.040714591028891474,1.72357079653504e-05
2026_exploratory,market_past_momentum,4,2026-08,0.12983464332054728,0.209164982080005,6,0.13296612723098275,-0.0008080506715024157
2026_exploratory,market_past_momentum,4,2026-09,0.03636102533382335,0.14171510754407834,10,0.043045800998681626,-0.0001382592020601047
2026_exploratory,market_past_momentum,10,2026-01,0.1559398378755772,-0.13209037563221482,15,0.16866399577966357,-0.0004285876670569103
2026_exploratory,market_past_momentum,10,2026-02,-0.013061486316211068,-0.12201995352165595,15,0.026802307589123508,4.450400174068735e-05
2026_exploratory,market_past_momentum,10,2026-03,-0.00589905910602917,-0.002043815787589276,8,0.007960509792646085,-3.213519033166317e-05
2026_exploratory,market_past_momentum,10,2026-04,-0.10134845296992512,0.040209676734009214,6,-0.09342979286545881,0.0003158840172665517
2026_exploratory,market_past_momentum,10,2026-05,-0.023848676065386876,-0.031147204786297844,2,-0.020206021651612647,0.0001978579742463668
2026_exploratory,market_past_momentum,10,2026-06,0.13995966817210292,-0.223599697714166,7,0.14339556539176876,-0.0006257540317363983
2026_exploratory,market_past_momentum,10,2026-07,0.03441358722782262,0.0567041468933942,5,0.040714591028891474,1.72357079653504e-05
2026_exploratory,market_past_momentum,10,2026-08,0.1243566738827111,0.209164982080005,6,0.13296612723098275,-0.0008080506715024157
2026_exploratory,market_past_momentum,10,2026-09,0.03065462799988894,0.14171510754407834,10,0.043045800998681626,-0.0001382592020601047
2026_exploratory,market_risk_gate,0,2026-01,-0.07075073803011367,-0.13209037563221482,7,-0.0689386802562655,-5.8300072482332915e-05
2026_exploratory,market_risk_gate,0,2026-02,-0.0635292129761551,-0.12201995352165595,8,-0.04595640911178505,-2.3509042253140773e-05
2026_exploratory,market_risk_gate,0,2026-03,0.03145463635487311,-0.002043815787589276,7,0.03295813612098131,-0.00012310578372787002
2026_exploratory,market_risk_gate,0,2026-04,0.08309002310235836,0.040209676734009214,6,0.08100434450426512,-0.00024068280914646672
2026_exploratory,market_risk_gate,0,2026-05,-0.04012375833966819,-0.031147204786297844,2,-0.04082236862757249,0.0003617885074703904
2026_exploratory,market_risk_gate,0,2026-06,-0.09778842034561708,-0.223599697714166,6,-0.09851354599883369,0.0004497382428313365
2026_exploratory,market_risk_gate,0,2026-07,0.043059168013903415,0.0567041468933942,5,0.04286362605130287,-6.641997371770788e-05
2026_exploratory,market_risk_gate,0,2026-08,0.15363024723514584,0.209164982080005,4,0.1505847795783115,-0.0008957390029620893
2026_exploratory,market_risk_gate,0,2026-09,-0.03801340092838168,0.14171510754407834,2,-0.03815445225360072,0.0001575070666108827
2026_exploratory,market_risk_gate,4,2026-01,-0.07332697302021651,-0.13209037563221482,7,-0.0689386802562655,-5.8300072482332915e-05
2026_exploratory,market_risk_gate,4,2026-02,-0.06615812863729198,-0.12201995352165595,8,-0.04595640911178505,-2.3509042253140773e-05
2026_exploratory,market_risk_gate,4,2026-03,0.02651602811284115,-0.002043815787589276,7,0.03295813612098131,-0.00012310578372787002
2026_exploratory,market_risk_gate,4,2026-04,0.07795929900582688,0.040209676734009214,6,0.08100434450426512,-0.00024068280914646672
2026_exploratory,market_risk_gate,4,2026-05,-0.04166788732938309,-0.031147204786297844,2,-0.04082236862757249,0.0003617885074703904
2026_exploratory,market_risk_gate,4,2026-06,-0.09997493271924962,-0.223599697714166,6,-0.09851354599883369,0.0004497382428313365
2026_exploratory,market_risk_gate,4,2026-07,0.03891723825752913,0.0567041468933942,5,0.04286362605130287,-6.641997371770788e-05
2026_exploratory,market_risk_gate,4,2026-08,0.15266817368625074,0.209164982080005,4,0.1505847795783115,-0.0008957390029620893
2026_exploratory,market_risk_gate,4,2026-09,-0.03916732315526705,0.14171510754407834,2,-0.03815445225360072,0.0001575070666108827
2026_exploratory,market_risk_gate,10,2026-01,-0.07717983108913373,-0.13209037563221482,7,-0.0689386802562655,-5.8300072482332915e-05
2026_exploratory,market_risk_gate,10,2026-02,-0.07009015268937957,-0.12201995352165595,8,-0.04595640911178505,-2.3509042253140773e-05
2026_exploratory,market_risk_gate,10,2026-03,0.019148754874322327,-0.002043815787589276,7,0.03295813612098131,-0.00012310578372787002
2026_exploratory,market_risk_gate,10,2026-04,0.0703049742041808,0.040209676734009214,6,0.08100434450426512,-0.00024068280914646672
2026_exploratory,market_risk_gate,10,2026-05,-0.04398116186039369,-0.031147204786297844,2,-0.04082236862757249,0.0003617885074703904
2026_exploratory,market_risk_gate,10,2026-06,-0.10324638571601275,-0.223599697714166,6,-0.09851354599883369,0.0004497382428313365
2026_exploratory,market_risk_gate,10,2026-07,0.03273147296079926,0.0567041468933942,5,0.04286362605130287,-6.641997371770788e-05
2026_exploratory,market_risk_gate,10,2026-08,0.15122587515175456,0.209164982080005,4,0.1505847795783115,-0.0008957390029620893
2026_exploratory,market_risk_gate,10,2026-09,-0.040896475727785986,0.14171510754407834,2,-0.03815445225360072,0.0001575070666108827
2026_exploratory,pair_base,0,2026-01,0.01573056795783856,-0.13209037563221482,5,1.807577220484962e-18,0.01581460610182832
2026_exploratory,pair_base,0,2026-02,-0.025709739031057333,-0.12201995352165595,10,2.275375562903282e-17,-0.024344662855049565
2026_exploratory,pair_base,0,2026-03,-0.00947963126663276,-0.002043815787589276,2,1.2435164043870548e-18,-0.009501325942480234
2026_exploratory,pair_base,0,2026-04,0.007531283286130286,0.040209676734009214,1,4.479646405809261e-19,0.007531283286130213
2026_exploratory,pair_base,0,2026-05,-0.004231792828690573,-0.031147204786297844,9,-9.381298109380175e-19,-0.0029377434725170876
2026_exploratory,pair_base,0,2026-06,0.0005778376127012486,-0.223599697714166,6,8.69105735225121e-20,0.0010668593136506296
2026_exploratory,pair_base,0,2026-07,-0.0038245659492804895,0.0567041468933942,6,1.8663667345562097e-18,-0.003614348655620958
2026_exploratory,pair_base,0,2026-08,0.012798382247286355,0.209164982080005,7,-6.041150656831804e-18,0.012943076770998867
2026_exploratory,pair_base,0,2026-09,-0.11063294183750816,0.14171510754407834,6,3.3060604047347455e-19,-0.10637314500454802
2026_exploratory,pair_base,4,2026-01,0.013280326098855655,-0.13209037563221482,5,1.807577220484962e-18,0.01581460610182832
2026_exploratory,pair_base,4,2026-02,-0.031212099905181367,-0.12201995352165595,10,2.275375562903282e-17,-0.024344662855049565
2026_exploratory,pair_base,4,2026-03,-0.010282827668826933,-0.002043815787589276,2,1.2435164043870548e-18,-0.009501325942480234
2026_exploratory,pair_base,4,2026-04,0.0067252645054509674,0.040209676734009214,1,4.479646405809261e-19,0.007531283286130213
2026_exploratory,pair_base,4,2026-05,-0.006660406411717612,-0.031147204786297844,9,-9.381298109380175e-19,-0.0029377434725170876
2026_exploratory,pair_base,4,2026-06,-0.0026902550657448288,-0.223599697714166,6,8.69105735225121e-20,0.0010668593136506296
2026_exploratory,pair_base,4,2026-07,-0.0054409222965400295,0.0567041468933942,6,1.8663667345562097e-18,-0.003614348655620958
2026_exploratory,pair_base,4,2026-08,0.008750946488632616,0.209164982080005,7,-6.041150656831804e-18,0.012943076770998867
2026_exploratory,pair_base,4,2026-09,-0.11464375232413648,0.14171510754407834,6,3.3060604047347455e-19,-0.10637314500454802
2026_exploratory,pair_base,10,2026-01,0.009613639636108617,-0.13209037563221482,5,1.807577220484962e-18,0.01581460610182832
2026_exploratory,pair_base,10,2026-02,-0.039413821833163,-0.12201995352165595,10,2.275375562903282e-17,-0.024344662855049565
2026_exploratory,pair_base,10,2026-03,-0.011487002487411635,-0.002043815787589276,2,1.2435164043870548e-18,-0.009501325942480234
2026_exploratory,pair_base,10,2026-04,0.005516841085732915,0.040209676734009214,1,4.479646405809261e-19,0.007531283286130213
2026_exploratory,pair_base,10,2026-05,-0.010294030272973154,-0.031147204786297844,9,-9.381298109380175e-19,-0.0029377434725170876
2026_exploratory,pair_base,10,2026-06,-0.007574806659540023,-0.223599697714166,6,8.69105735225121e-20,0.0010668593136506296
2026_exploratory,pair_base,10,2026-07,-0.007861730969256242,0.0567041468933942,6,1.8663667345562097e-18,-0.003614348655620958
2026_exploratory,pair_base,10,2026-08,0.00270589361694773,0.209164982080005,7,-6.041150656831804e-18,0.012943076770998867
2026_exploratory,pair_base,10,2026-09,-0.12063146178787687,0.14171510754407834,6,3.3060604047347455e-19,-0.10637314500454802
2026_exploratory,pair_full_x2_direct,0,2026-01,0.07839235279188883,-0.13209037563221482,14,4.722170206525384e-18,0.07649741205687163
2026_exploratory,pair_full_x2_direct,0,2026-02,0.16966850877797102,-0.12201995352165595,15,1.015310077110498e-18,0.15931190269236598
2026_exploratory,pair_full_x2_direct,0,2026-03,-0.051937389158123515,-0.002043815787589276,10,-1.116281508493594e-18,-0.052318352186566476
2026_exploratory,pair_full_x2_direct,0,2026-04,-0.05911710471395781,0.040209676734009214,18,-2.682075686715177e-18,-0.06017656342816916
2026_exploratory,pair_full_x2_direct,0,2026-05,0.027877912571521613,-0.031147204786297844,6,-6.347080421771807e-19,0.027664846345208268
2026_exploratory,pair_full_x2_direct,0,2026-06,-0.006302687003363006,-0.223599697714166,11,-2.2098570846032034e-18,-0.005789482815117137
2026_exploratory,pair_full_x2_direct,0,2026-07,0.06946572919666139,0.0567041468933942,13,-2.3947853834341755e-18,0.06765281101777072
2026_exploratory,pair_full_x2_direct,0,2026-08,0.0008405371563404707,0.209164982080005,7,7.671885442045087e-20,0.0009113117351031105
2026_exploratory,pair_full_x2_direct,0,2026-09,-0.18219021301116922,0.14171510754407834,11,7.985907412969403e-18,-0.1883459418639397
2026_exploratory,pair_full_x2_direct,4,2026-01,0.07062326772478777,-0.13209037563221482,14,4.722170206525384e-18,0.07649741205687163
2026_exploratory,pair_full_x2_direct,4,2026-02,0.16399953499400577,-0.12201995352165595,15,1.015310077110498e-18,0.15931190269236598
2026_exploratory,pair_full_x2_direct,4,2026-03,-0.057667249159548795,-0.002043815787589276,10,-1.116281508493594e-18,-0.052318352186566476
2026_exploratory,pair_full_x2_direct,4,2026-04,-0.0673486361132406,0.040209676734009214,18,-2.682075686715177e-18,-0.06017656342816916
2026_exploratory,pair_full_x2_direct,4,2026-05,0.02416890230067703,-0.031147204786297844,6,-6.347080421771807e-19,0.027664846345208268
2026_exploratory,pair_full_x2_direct,4,2026-06,-0.011248295864320523,-0.223599697714166,11,-2.2098570846032034e-18,-0.005789482815117137
2026_exploratory,pair_full_x2_direct,4,2026-07,0.06259919881028453,0.0567041468933942,13,-2.3947853834341755e-18,0.06765281101777072
2026_exploratory,pair_full_x2_direct,4,2026-08,-0.00318082276191034,0.209164982080005,7,7.671885442045087e-20,0.0009113117351031105
2026_exploratory,pair_full_x2_direct,4,2026-09,-0.18565583392166984,0.14171510754407834,11,7.985907412969403e-18,-0.1883459418639397
2026_exploratory,pair_full_x2_direct,10,2026-01,0.059066593780586985,-0.13209037563221482,14,4.722170206525384e-18,0.07649741205687163
2026_exploratory,pair_full_x2_direct,10,2026-02,0.1555427933820619,-0.12201995352165595,15,1.015310077110498e-18,0.15931190269236598
2026_exploratory,pair_full_x2_direct,10,2026-03,-0.06620315644351904,-0.002043815787589276,10,-1.116281508493594e-18,-0.052318352186566476
2026_exploratory,pair_full_x2_direct,10,2026-04,-0.07956926665245456,0.040209676734009214,18,-2.682075686715177e-18,-0.06017656342816916
2026_exploratory,pair_full_x2_direct,10,2026-05,0.018627097097779766,-0.031147204786297844,6,-6.347080421771807e-19,0.027664846345208268
2026_exploratory,pair_full_x2_direct,10,2026-06,-0.01862538877012143,-0.223599697714166,11,-2.2098570846032034e-18,-0.005789482815117137
2026_exploratory,pair_full_x2_direct,10,2026-07,0.05237501279473822,0.0567041468933942,13,-2.3947853834341755e-18,0.06765281101777072
2026_exploratory,pair_full_x2_direct,10,2026-08,-0.009186178648294296,0.209164982080005,7,7.671885442045087e-20,0.0009113117351031105
2026_exploratory,pair_full_x2_direct,10,2026-09,-0.19083070976520577,0.14171510754407834,11,7.985907412969403e-18,-0.1883459418639397
2026_exploratory,pair_full_x2_own,0,2026-01,-0.004101135188145921,-0.13209037563221482,19,1.8272007540061706e-18,-0.00208029450484832
2026_exploratory,pair_full_x2_own,0,2026-02,0.09934194295272425,-0.12201995352165595,20,-8.512477001838207e-18,0.09767947480567074
2026_exploratory,pair_full_x2_own,0,2026-03,-0.027415428466079694,-0.002043815787589276,9,5.715163683936049e-19,-0.027237499579897878
2026_exploratory,pair_full_x2_own,0,2026-04,-0.045436364099810556,0.040209676734009214,20,9.553447255913293e-19,-0.045624971683634816
2026_exploratory,pair_full_x2_own,0,2026-05,0.05581873315130226,-0.031147204786297844,7,1.0504897899361774e-19,0.05515349548769498
2026_exploratory,pair_full_x2_own,0,2026-06,-0.03790262755352958,-0.223599697714166,12,-4.521555918697389e-18,-0.0380534960797543
2026_exploratory,pair_full_x2_own,0,2026-07,0.034533926790371705,0.0567041468933942,6,0.0,0.034303072135180454
2026_exploratory,pair_full_x2_own,0,2026-08,-0.018625943943454515,0.209164982080005,9,1.2171961763760318e-18,-0.018115180064809087
2026_exploratory,pair_full_x2_own,0,2026-09,-0.1326581313183124,0.14171510754407834,8,2.942961453597397e-18,-0.13166142761676403
2026_exploratory,pair_full_x2_own,4,2026-01,-0.011887675574693723,-0.13209037563221482,19,1.8272007540061706e-18,-0.00208029450484832
2026_exploratory,pair_full_x2_own,4,2026-02,0.08798143883836373,-0.12201995352165595,20,-8.512477001838207e-18,0.09767947480567074
2026_exploratory,pair_full_x2_own,4,2026-03,-0.031344515737875445,-0.002043815787589276,9,5.715163683936049e-19,-0.027237499579897878
2026_exploratory,pair_full_x2_own,4,2026-04,-0.05418396893560218,0.040209676734009214,20,9.553447255913293e-19,-0.045624971683634816
2026_exploratory,pair_full_x2_own,4,2026-05,0.05200937284543117,-0.031147204786297844,7,1.0504897899361774e-19,0.05515349548769498
2026_exploratory,pair_full_x2_own,4,2026-06,-0.042276459698309066,-0.223599697714166,12,-4.521555918697389e-18,-0.0380534960797543
2026_exploratory,pair_full_x2_own,4,2026-07,0.031197233489125287,0.0567041468933942,6,0.0,0.034303072135180454
2026_exploratory,pair_full_x2_own,4,2026-08,-0.025097014733218126,0.209164982080005,9,1.2171961763760318e-18,-0.018115180064809087
2026_exploratory,pair_full_x2_own,4,2026-09,-0.1365104280899394,0.14171510754407834,8,2.942961453597397e-18,-0.13166142761676403
2026_exploratory,pair_full_x2_own,10,2026-01,-0.023461928716301927,-0.13209037563221482,19,1.8272007540061706e-18,-0.00208029450484832
2026_exploratory,pair_full_x2_own,10,2026-02,0.07114647256948747,-0.12201995352165595,20,-8.512477001838207e-18,0.09767947480567074
2026_exploratory,pair_full_x2_own,10,2026-03,-0.037212481965263944,-0.002043815787589276,9,5.715163683936049e-19,-0.027237499579897878
2026_exploratory,pair_full_x2_own,10,2026-04,-0.06716444408617195,0.040209676734009214,20,9.553447255913293e-19,-0.045624971683634816
2026_exploratory,pair_full_x2_own,10,2026-05,0.04631764819856743,-0.031147204786297844,7,1.0504897899361774e-19,0.05515349548769498
2026_exploratory,pair_full_x2_own,10,2026-06,-0.048803825571839377,-0.223599697714166,12,-4.521555918697389e-18,-0.0380534960797543
2026_exploratory,pair_full_x2_own,10,2026-07,0.026209878881679805,0.0567041468933942,6,0.0,0.034303072135180454
2026_exploratory,pair_full_x2_own,10,2026-08,-0.034728799570073354,0.209164982080005,9,1.2171961763760318e-18,-0.018115180064809087
2026_exploratory,pair_full_x2_own,10,2026-09,-0.14226123274518876,0.14171510754407834,8,2.942961453597397e-18,-0.13166142761676403
2026_exploratory,pair_full_x2_own_sparse_posthoc,0,2026-01,-0.0028600582325024604,-0.13209037563221482,12,1.4472484185361854e-18,-0.0011445329727846655
2026_exploratory,pair_full_x2_own_sparse_posthoc,0,2026-02,0.06480537637201622,-0.12201995352165595,13,2.7662303649792917e-18,0.06435845429826356
2026_exploratory,pair_full_x2_own_sparse_posthoc,0,2026-03,-0.015697424203314325,-0.002043815787589276,6,0.0,-0.015361896995100894
2026_exploratory,pair_full_x2_own_sparse_posthoc,0,2026-04,-0.01809395051352125,0.040209676734009214,14,3.8904613011811148e-19,-0.017661583938082096
2026_exploratory,pair_full_x2_own_sparse_posthoc,0,2026-05,0.06377962564727557,-0.031147204786297844,4,-7.701951485966085e-20,0.06245122593753162
2026_exploratory,pair_full_x2_own_sparse_posthoc,0,2026-06,-0.008152779469409621,-0.223599697714166,9,-2.2098570846032034e-18,-0.007788172258771674
2026_exploratory,pair_full_x2_own_sparse_posthoc,0,2026-07,0.01566093110164779,0.0567041468933942,4,0.0,0.015625081183247885
2026_exploratory,pair_full_x2_own_sparse_posthoc,0,2026-08,0.01101309790448668,0.209164982080005,4,-5.34800706184144e-19,0.010990987039881477
2026_exploratory,pair_full_x2_own_sparse_posthoc,0,2026-09,0.03725959822878133,0.14171510754407834,3,-2.843907428678925e-18,0.03682534707188073
2026_exploratory,pair_full_x2_own_sparse_posthoc,4,2026-01,-0.006416181640237495,-0.13209037563221482,12,1.4472484185361854e-18,-0.0011445329727846655
2026_exploratory,pair_full_x2_own_sparse_posthoc,4,2026-02,0.05972840769553067,-0.12201995352165595,13,2.7662303649792917e-18,0.06435845429826356
2026_exploratory,pair_full_x2_own_sparse_posthoc,4,2026-03,-0.01809681316071654,-0.002043815787589276,6,0.0,-0.015361896995100894
2026_exploratory,pair_full_x2_own_sparse_posthoc,4,2026-04,-0.02547870791818363,0.040209676734009214,14,3.8904613011811148e-19,-0.017661583938082096
2026_exploratory,pair_full_x2_own_sparse_posthoc,4,2026-05,0.06165604042241957,-0.031147204786297844,4,-7.701951485966085e-20,0.06245122593753162
2026_exploratory,pair_full_x2_own_sparse_posthoc,4,2026-06,-0.011386980583970807,-0.223599697714166,9,-2.2098570846032034e-18,-0.007788172258771674
2026_exploratory,pair_full_x2_own_sparse_posthoc,4,2026-07,0.014022769370111154,0.0567041468933942,4,0.0,0.015625081183247885
2026_exploratory,pair_full_x2_own_sparse_posthoc,4,2026-08,0.00854831698865488,0.209164982080005,4,-5.34800706184144e-19,0.010990987039881477
2026_exploratory,pair_full_x2_own_sparse_posthoc,4,2026-09,0.03643486756287295,0.14171510754407834,3,-2.843907428678925e-18,0.03682534707188073
2026_exploratory,pair_full_x2_own_sparse_posthoc,10,2026-01,-0.011729667693457624,-0.13209037563221482,12,1.4472484185361854e-18,-0.0011445329727846655
2026_exploratory,pair_full_x2_own_sparse_posthoc,10,2026-02,0.05215395256465172,-0.12201995352165595,13,2.7662303649792917e-18,0.06435845429826356
2026_exploratory,pair_full_x2_own_sparse_posthoc,10,2026-03,-0.02168731957182035,-0.002043815787589276,6,0.0,-0.015361896995100894
2026_exploratory,pair_full_x2_own_sparse_posthoc,10,2026-04,-0.03645948473530869,0.040209676734009214,14,3.8904613011811148e-19,-0.017661583938082096
2026_exploratory,pair_full_x2_own_sparse_posthoc,10,2026-05,0.058477027102545875,-0.031147204786297844,4,-7.701951485966085e-20,0.06245122593753162
2026_exploratory,pair_full_x2_own_sparse_posthoc,10,2026-06,-0.016221508010469954,-0.223599697714166,9,-2.2098570846032034e-18,-0.007788172258771674
2026_exploratory,pair_full_x2_own_sparse_posthoc,10,2026-07,0.011569272219530191,0.0567041468933942,4,0.0,0.015625081183247885
2026_exploratory,pair_full_x2_own_sparse_posthoc,10,2026-08,0.004860596284448571,0.209164982080005,4,-5.34800706184144e-19,0.010990987039881477
2026_exploratory,pair_full_x2_own_sparse_posthoc,10,2026-09,0.035198417885895505,0.14171510754407834,3,-2.843907428678925e-18,0.03682534707188073
2026_exploratory,pair_full_x2_sparse_posthoc,0,2026-01,0.026752496369530032,-0.13209037563221482,13,4.095567310258047e-18,0.02825516855684816
2026_exploratory,pair_full_x2_sparse_posthoc,0,2026-02,0.18045781899715663,-0.12201995352165595,12,1.5518794830239092e-17,0.16841364653899873
2026_exploratory,pair_full_x2_sparse_posthoc,0,2026-03,-0.03151577729977406,-0.002043815787589276,5,-2.047185672037698e-18,-0.03127889138469135
2026_exploratory,pair_full_x2_sparse_posthoc,0,2026-04,-0.030735474873078816,0.040209676734009214,18,-1.8618970026499964e-18,-0.030593033683140092
2026_exploratory,pair_full_x2_sparse_posthoc,0,2026-05,0.03746253554977863,-0.031147204786297844,6,3.1735402108859033e-19,0.03699513829429762
2026_exploratory,pair_full_x2_sparse_posthoc,0,2026-06,-0.012052028132164772,-0.223599697714166,9,-2.2098570846032034e-18,-0.01172487579534223
2026_exploratory,pair_full_x2_sparse_posthoc,0,2026-07,0.03692984976019065,0.0567041468933942,5,-7.818450773047207e-19,0.03661602774272137
2026_exploratory,pair_full_x2_sparse_posthoc,0,2026-08,0.00787528398660986,0.209164982080005,3,0.0,0.007874212137317385
2026_exploratory,pair_full_x2_sparse_posthoc,0,2026-09,-0.177731706400991,0.14171510754407834,8,7.350364131977853e-18,-0.18294216256915222
2026_exploratory,pair_full_x2_sparse_posthoc,4,2026-01,0.023074205955725846,-0.13209037563221482,13,4.095567310258047e-18,0.02825516855684816
2026_exploratory,pair_full_x2_sparse_posthoc,4,2026-02,0.17662960865888055,-0.12201995352165595,12,1.5518794830239092e-17,0.16841364653899873
2026_exploratory,pair_full_x2_sparse_posthoc,4,2026-03,-0.0346528830511148,-0.002043815787589276,5,-2.047185672037698e-18,-0.03127889138469135
2026_exploratory,pair_full_x2_sparse_posthoc,4,2026-04,-0.03730483421805619,0.040209676734009214,18,-1.8618970026499964e-18,-0.030593033683140092
2026_exploratory,pair_full_x2_sparse_posthoc,4,2026-05,0.03454064537344759,-0.031147204786297844,6,3.1735402108859033e-19,0.03699513829429762
2026_exploratory,pair_full_x2_sparse_posthoc,4,2026-06,-0.015392343846526435,-0.223599697714166,9,-2.2098570846032034e-18,-0.01172487579534223
2026_exploratory,pair_full_x2_sparse_posthoc,4,2026-07,0.033600170747904556,0.0567041468933942,5,-7.818450773047207e-19,0.03661602774272137
2026_exploratory,pair_full_x2_sparse_posthoc,4,2026-08,0.006263253823212356,0.209164982080005,3,0.0,0.007874212137317385
2026_exploratory,pair_full_x2_sparse_posthoc,4,2026-09,-0.17988064834298212,0.14171510754407834,8,7.350364131977853e-18,-0.18294216256915222
2026_exploratory,pair_full_x2_sparse_posthoc,10,2026-01,0.017578936816821322,-0.13209037563221482,13,4.095567310258047e-18,0.02825516855684816
2026_exploratory,pair_full_x2_sparse_posthoc,10,2026-02,0.17090789893499836,-0.12201995352165595,12,1.5518794830239092e-17,0.16841364653899873
2026_exploratory,pair_full_x2_sparse_posthoc,10,2026-03,-0.03934305926143555,-0.002043815787589276,5,-2.047185672037698e-18,-0.03127889138469135
2026_exploratory,pair_full_x2_sparse_posthoc,10,2026-04,-0.04708132386064823,0.040209676734009214,18,-1.8618970026499964e-18,-0.030593033683140092
2026_exploratory,pair_full_x2_sparse_posthoc,10,2026-05,0.030171057896595244,-0.031147204786297844,6,3.1735402108859033e-19,0.03699513829429762
2026_exploratory,pair_full_x2_sparse_posthoc,10,2026-06,-0.020384659740976918,-0.223599697714166,9,-2.2098570846032034e-18,-0.01172487579534223
2026_exploratory,pair_full_x2_sparse_posthoc,10,2026-07,0.02862257889971853,0.0567041468933942,5,-7.818450773047207e-19,0.03661602774272137
2026_exploratory,pair_full_x2_sparse_posthoc,10,2026-08,0.003848842333618707,0.209164982080005,3,0.0,0.007874212137317385
2026_exploratory,pair_full_x2_sparse_posthoc,10,2026-09,-0.18309551304404226,0.14171510754407834,8,7.350364131977853e-18,-0.18294216256915222
2026_exploratory,pair_k48_distance,0,2026-01,-0.011339342529241736,-0.13209037563221482,4,0.0,-0.011374671475219776
2026_exploratory,pair_k48_distance,0,2026-02,-0.05304645661907004,-0.12201995352165595,9,2.365895084153578e-17,-0.053880140347035525
2026_exploratory,pair_k48_distance,0,2026-03,0.015733318153364317,-0.002043815787589276,7,3.502891774308363e-18,0.0157043462125222
2026_exploratory,pair_k48_distance,0,2026-04,0.007531283286130286,0.040209676734009214,1,4.479646405809261e-19,0.007531283286130213
2026_exploratory,pair_k48_distance,0,2026-05,0.004736756806062559,-0.031147204786297844,5,1.7127253065238134e-18,0.005192254538869869
2026_exploratory,pair_k48_distance,0,2026-06,-2.15583772589234e-05,-0.223599697714166,6,0.0,0.0005201360783862246
2026_exploratory,pair_k48_distance,0,2026-07,-0.03518141691643739,0.0567041468933942,4,8.297833623425569e-19,-0.035539101262425044
2026_exploratory,pair_k48_distance,0,2026-08,-0.015982783016814106,0.209164982080005,9,-6.3898134531983254e-18,-0.01576175674540844
2026_exploratory,pair_k48_distance,0,2026-09,-0.11182364692982028,0.14171510754407834,6,6.845635660809844e-19,-0.10772796446739057
2026_exploratory,pair_k48_distance,4,2026-01,-0.014529778291970108,-0.13209037563221482,4,0.0,-0.011374671475219776
2026_exploratory,pair_k48_distance,4,2026-02,-0.057257298401680146,-0.12201995352165595,9,2.365895084153578e-17,-0.053880140347035525
2026_exploratory,pair_k48_distance,4,2026-03,0.014074481185732513,-0.002043815787589276,7,3.502891774308363e-18,0.0157043462125222
2026_exploratory,pair_k48_distance,4,2026-04,0.0067252645054509674,0.040209676734009214,1,4.479646405809261e-19,0.007531283286130213
2026_exploratory,pair_k48_distance,4,2026-05,0.0011486867753527363,-0.031147204786297844,5,1.7127253065238134e-18,0.005192254538869869
2026_exploratory,pair_k48_distance,4,2026-06,-0.0032637196030432802,-0.223599697714166,6,0.0,0.0005201360783862246
2026_exploratory,pair_k48_distance,4,2026-07,-0.036760913367863246,0.0567041468933942,4,8.297833623425569e-19,-0.035539101262425044
2026_exploratory,pair_k48_distance,4,2026-08,-0.02041180386616459,0.209164982080005,9,-6.3898134531983254e-18,-0.01576175674540844
2026_exploratory,pair_k48_distance,4,2026-09,-0.11582185487322416,0.14171510754407834,6,6.845635660809844e-19,-0.10772796446739057
2026_exploratory,pair_k48_distance,10,2026-01,-0.01929913318471843,-0.13209037563221482,4,0.0,-0.011374671475219776
2026_exploratory,pair_k48_distance,10,2026-02,-0.06354336231830737,-0.12201995352165595,9,2.365895084153578e-17,-0.053880140347035525
2026_exploratory,pair_k48_distance,10,2026-03,0.011590110029345624,-0.002043815787589276,7,3.502891774308363e-18,0.0157043462125222
2026_exploratory,pair_k48_distance,10,2026-04,0.005516841085732915,0.040209676734009214,1,4.479646405809261e-19,0.007531283286130213
2026_exploratory,pair_k48_distance,10,2026-05,-0.004212647175346529,-0.031147204786297844,5,1.7127253065238134e-18,0.005192254538869869
2026_exploratory,pair_k48_distance,10,2026-06,-0.008109624362188761,-0.223599697714166,6,0.0,0.0005201360783862246
2026_exploratory,pair_k48_distance,10,2026-07,-0.039126486180625974,0.0567041468933942,4,8.297833623425569e-19,-0.035539101262425044
2026_exploratory,pair_k48_distance,10,2026-08,-0.027022523713343682,0.209164982080005,9,-6.3898134531983254e-18,-0.01576175674540844
2026_exploratory,pair_k48_distance,10,2026-09,-0.12179079060939191,0.14171510754407834,6,6.845635660809844e-19,-0.10772796446739057
2026_exploratory,pair_momentum_own_sparse_same_entry,0,2026-01,0.014627670579089536,-0.13209037563221482,12,-5.79696531685303e-19,0.015347636604855715
2026_exploratory,pair_momentum_own_sparse_same_entry,0,2026-02,-0.11554875336907988,-0.12201995352165595,13,-1.7150059328519767e-18,-0.11745218314720472
2026_exploratory,pair_momentum_own_sparse_same_entry,0,2026-03,-0.06988767902413029,-0.002043815787589276,6,0.0,-0.07091235462406253
2026_exploratory,pair_momentum_own_sparse_same_entry,0,2026-04,-0.06726553829638016,0.040209676734009214,14,-3.893516432961465e-18,-0.06885764222436012
2026_exploratory,pair_momentum_own_sparse_same_entry,0,2026-05,0.030546156813896275,-0.031147204786297844,4,7.432422574954978e-19,0.030223819179057514
2026_exploratory,pair_momentum_own_sparse_same_entry,0,2026-06,-0.046687300548655775,-0.223599697714166,9,4.032013573714762e-18,-0.04610896996680776
2026_exploratory,pair_momentum_own_sparse_same_entry,0,2026-07,0.0014112241553321248,0.0567041468933942,4,9.970212123646684e-19,0.001470524328199434
2026_exploratory,pair_momentum_own_sparse_same_entry,0,2026-08,-0.004653740330297973,0.209164982080005,4,8.889478173182873e-20,-0.00461201317563785
2026_exploratory,pair_momentum_own_sparse_same_entry,0,2026-09,0.001056054232971615,0.14171510754407834,3,-1.0948811599519578e-19,0.0010777772387333823
2026_exploratory,pair_momentum_own_sparse_same_entry,4,2026-01,0.006503759126567088,-0.13209037563221482,12,-5.79696531685303e-19,0.015347636604855715
2026_exploratory,pair_momentum_own_sparse_same_entry,4,2026-02,-0.12436898438069577,-0.12201995352165595,13,-1.7150059328519767e-18,-0.11745218314720472
2026_exploratory,pair_momentum_own_sparse_same_entry,4,2026-03,-0.0737411567013806,-0.002043815787589276,6,0.0,-0.07091235462406253
2026_exploratory,pair_momentum_own_sparse_same_entry,4,2026-04,-0.07734234548706986,0.040209676734009214,14,-3.893516432961465e-18,-0.06885764222436012
2026_exploratory,pair_momentum_own_sparse_same_entry,4,2026-05,0.027678306871230962,-0.031147204786297844,4,7.432422574954978e-19,0.030223819179057514
2026_exploratory,pair_momentum_own_sparse_same_entry,4,2026-06,-0.05350570528597631,-0.223599697714166,9,4.032013573714762e-18,-0.04610896996680776
2026_exploratory,pair_momentum_own_sparse_same_entry,4,2026-07,-0.0017682259609222983,0.0567041468933942,4,9.970212123646684e-19,0.001470524328199434
2026_exploratory,pair_momentum_own_sparse_same_entry,4,2026-08,-0.007834951429075088,0.209164982080005,4,8.889478173182873e-20,-0.00461201317563785
2026_exploratory,pair_momentum_own_sparse_same_entry,4,2026-09,-0.0010270008888370041,0.14171510754407834,3,-1.0948811599519578e-19,0.0010777772387333823
2026_exploratory,pair_momentum_own_sparse_same_entry,10,2026-01,-0.005569538687694053,-0.13209037563221482,12,-5.79696531685303e-19,0.015347636604855715
2026_exploratory,pair_momentum_own_sparse_same_entry,10,2026-02,-0.13744478089338452,-0.12201995352165595,13,-1.7150059328519767e-18,-0.11745218314720472
2026_exploratory,pair_momentum_own_sparse_same_entry,10,2026-03,-0.07949599837956245,-0.002043815787589276,6,0.0,-0.07091235462406253
2026_exploratory,pair_momentum_own_sparse_same_entry,10,2026-04,-0.09226570356529284,0.040209676734009214,14,-3.893516432961465e-18,-0.06885764222436012
2026_exploratory,pair_momentum_own_sparse_same_entry,10,2026-05,0.023389129632021444,-0.031147204786297844,4,7.432422574954978e-19,0.030223819179057514
2026_exploratory,pair_momentum_own_sparse_same_entry,10,2026-06,-0.06365036885897757,-0.223599697714166,9,4.032013573714762e-18,-0.04610896996680776
2026_exploratory,pair_momentum_own_sparse_same_entry,10,2026-07,-0.006522024170850682,0.0567041468933942,4,9.970212123646684e-19,0.001470524328199434
2026_exploratory,pair_momentum_own_sparse_same_entry,10,2026-08,-0.01259068257518614,0.209164982080005,4,8.889478173182873e-20,-0.00461201317563785
2026_exploratory,pair_momentum_own_sparse_same_entry,10,2026-09,-0.004145684777385306,0.14171510754407834,3,-1.0948811599519578e-19,0.0010777772387333823
2026_exploratory,pair_momentum_same_entry,0,2026-01,0.004961365341256352,-0.13209037563221482,14,-3.8353120049683317e-19,0.005809817517434104
2026_exploratory,pair_momentum_same_entry,0,2026-02,-0.08123691148266543,-0.12201995352165595,15,-1.0109998613038562e-17,-0.08118581068376035
2026_exploratory,pair_momentum_same_entry,0,2026-03,-0.04125336458884388,-0.002043815787589276,10,5.897681605234458e-19,-0.0403369858871341
2026_exploratory,pair_momentum_same_entry,0,2026-04,-0.073489688030556,0.040209676734009214,18,-3.893516432961465e-18,-0.07551192689615525
2026_exploratory,pair_momentum_same_entry,0,2026-05,0.023379750099540075,-0.031147204786297844,6,7.432422574954978e-19,0.02326748370265612
2026_exploratory,pair_momentum_same_entry,0,2026-06,-0.039684312705867475,-0.223599697714166,11,3.543342301282217e-18,-0.038760791269746686
2026_exploratory,pair_momentum_same_entry,0,2026-07,0.06775320148844033,0.0567041468933942,13,-3.014947450190078e-19,0.06752091547430257
2026_exploratory,pair_momentum_same_entry,0,2026-08,-0.006386718941254754,0.209164982080005,7,1.6259608814944082e-19,-0.006349085823924856
2026_exploratory,pair_momentum_same_entry,0,2026-09,0.011231146148207971,0.14171510754407834,11,7.787195592181378e-18,0.013792675025181958
2026_exploratory,pair_momentum_same_entry,4,2026-01,-0.004672934639093684,-0.13209037563221482,14,-3.8353120049683317e-19,0.005809817517434104
2026_exploratory,pair_momentum_same_entry,4,2026-02,-0.09075518023100815,-0.12201995352165595,15,-1.0109998613038562e-17,-0.08118581068376035
2026_exploratory,pair_momentum_same_entry,4,2026-03,-0.0480028938921504,-0.002043815787589276,10,5.897681605234458e-19,-0.0403369858871341
2026_exploratory,pair_momentum_same_entry,4,2026-04,-0.0857951695206185,0.040209676734009214,18,-3.893516432961465e-18,-0.07551192689615525
2026_exploratory,pair_momentum_same_entry,4,2026-05,0.019166964696188282,-0.031147204786297844,6,7.432422574954978e-19,0.02326748370265612
2026_exploratory,pair_momentum_same_entry,4,2026-06,-0.04808714560141747,-0.223599697714166,11,3.543342301282217e-18,-0.038760791269746686
2026_exploratory,pair_momentum_same_entry,4,2026-07,0.05747010284952325,0.0567041468933942,13,-3.014947450190078e-19,0.06752091547430257
2026_exploratory,pair_momentum_same_entry,4,2026-08,-0.01184269121122139,0.209164982080005,7,1.6259608814944082e-19,-0.006349085823924856
2026_exploratory,pair_momentum_same_entry,4,2026-09,0.00303272900411633,0.14171510754407834,11,7.787195592181378e-18,0.013792675025181958
2026_exploratory,pair_momentum_same_entry,10,2026-01,-0.01896172968208376,-0.13209037563221482,14,-3.8353120049683317e-19,0.005809817517434104
2026_exploratory,pair_momentum_same_entry,10,2026-02,-0.10485922765598565,-0.12201995352165595,15,-1.0109998613038562e-17,-0.08118581068376035
2026_exploratory,pair_momentum_same_entry,10,2026-03,-0.058045402964057136,-0.002043815787589276,10,5.897681605234458e-19,-0.0403369858871341
2026_exploratory,pair_momentum_same_entry,10,2026-04,-0.10396204263970854,0.040209676734009214,18,-3.893516432961465e-18,-0.07551192689615525
2026_exploratory,pair_momentum_same_entry,10,2026-05,0.012876798112470889,-0.031147204786297844,6,7.432422574954978e-19,0.02326748370265612
2026_exploratory,pair_momentum_same_entry,10,2026-06,-0.060563866953752155,-0.223599697714166,11,3.543342301282217e-18,-0.038760791269746686
2026_exploratory,pair_momentum_same_entry,10,2026-07,0.042219397048447016,0.0567041468933942,13,-3.014947450190078e-19,0.06752091547430257
2026_exploratory,pair_momentum_same_entry,10,2026-08,-0.01997615256934626,0.209164982080005,7,1.6259608814944082e-19,-0.006349085823924856
2026_exploratory,pair_momentum_same_entry,10,2026-09,-0.009150872687145872,0.14171510754407834,11,7.787195592181378e-18,0.013792675025181958
2026_exploratory,pair_momentum_sparse_same_entry,0,2026-01,0.016060863141186932,-0.13209037563221482,13,-3.8353120049683317e-19,0.016733865674958753
2026_exploratory,pair_momentum_sparse_same_entry,0,2026-02,-0.05909063517523261,-0.12201995352165595,12,-1.2796872873872901e-17,-0.057479716555685595
2026_exploratory,pair_momentum_sparse_same_entry,0,2026-03,-0.07047541916559896,-0.002043815787589276,5,0.0,-0.0715446565056774
2026_exploratory,pair_momentum_sparse_same_entry,0,2026-04,-0.073489688030556,0.040209676734009214,18,-3.893516432961465e-18,-0.07551192689615525
2026_exploratory,pair_momentum_sparse_same_entry,0,2026-05,0.023379750099540075,-0.031147204786297844,6,7.432422574954978e-19,0.02326748370265612
2026_exploratory,pair_momentum_sparse_same_entry,0,2026-06,-0.046687300548655775,-0.223599697714166,9,4.032013573714762e-18,-0.04610896996680776
2026_exploratory,pair_momentum_sparse_same_entry,0,2026-07,0.02974968638841169,0.0567041468933942,5,-4.91874125515013e-18,0.029666493253481283
2026_exploratory,pair_momentum_sparse_same_entry,0,2026-08,-0.00029321890817601837,0.209164982080005,3,8.889478173182873e-20,-0.0002502127911696464
2026_exploratory,pair_momentum_sparse_same_entry,0,2026-09,0.01972872003159587,0.14171510754407834,8,7.787195592181378e-18,0.022119109514716136
2026_exploratory,pair_momentum_sparse_same_entry,4,2026-01,0.007140252826405735,-0.13209037563221482,13,-3.8353120049683317e-19,0.016733865674958753
2026_exploratory,pair_momentum_sparse_same_entry,4,2026-02,-0.06759819753373086,-0.12201995352165595,12,-1.2796872873872901e-17,-0.057479716555685595
2026_exploratory,pair_momentum_sparse_same_entry,4,2026-03,-0.0735911472797629,-0.002043815787589276,5,0.0,-0.0715446565056774
2026_exploratory,pair_momentum_sparse_same_entry,4,2026-04,-0.0857951695206185,0.040209676734009214,18,-3.893516432961465e-18,-0.07551192689615525
2026_exploratory,pair_momentum_sparse_same_entry,4,2026-05,0.019166964696188282,-0.031147204786297844,6,7.432422574954978e-19,0.02326748370265612
2026_exploratory,pair_momentum_sparse_same_entry,4,2026-06,-0.05350570528597631,-0.223599697714166,9,4.032013573714762e-18,-0.04610896996680776
2026_exploratory,pair_momentum_sparse_same_entry,4,2026-07,0.025621903897162568,0.0567041468933942,5,-4.91874125515013e-18,0.029666493253481283
2026_exploratory,pair_momentum_sparse_same_entry,4,2026-08,-0.002684885864513542,0.209164982080005,3,8.889478173182873e-20,-0.0002502127911696464
2026_exploratory,pair_momentum_sparse_same_entry,4,2026-09,0.013901556265075055,0.14171510754407834,8,7.787195592181378e-18,0.022119109514716136
2026_exploratory,pair_momentum_sparse_same_entry,10,2026-01,-0.006103790134558418,-0.13209037563221482,13,-3.8353120049683317e-19,0.016733865674958753
2026_exploratory,pair_momentum_sparse_same_entry,10,2026-02,-0.08022561456590882,-0.12201995352165595,12,-1.2796872873872901e-17,-0.057479716555685595
2026_exploratory,pair_momentum_sparse_same_entry,10,2026-03,-0.07824857140342312,-0.002043815787589276,5,0.0,-0.0715446565056774
2026_exploratory,pair_momentum_sparse_same_entry,10,2026-04,-0.10396204263970854,0.040209676734009214,18,-3.893516432961465e-18,-0.07551192689615525
2026_exploratory,pair_momentum_sparse_same_entry,10,2026-05,0.012876798112470889,-0.031147204786297844,6,7.432422574954978e-19,0.02326748370265612
2026_exploratory,pair_momentum_sparse_same_entry,10,2026-06,-0.06365036885897757,-0.223599697714166,9,4.032013573714762e-18,-0.04610896996680776
2026_exploratory,pair_momentum_sparse_same_entry,10,2026-07,0.019456880790019948,0.0567041468933942,5,-4.91874125515013e-18,0.029666493253481283
2026_exploratory,pair_momentum_sparse_same_entry,10,2026-08,-0.006264044040535932,0.209164982080005,3,8.889478173182873e-20,-0.0002502127911696464
2026_exploratory,pair_momentum_sparse_same_entry,10,2026-09,0.005216252906002028,0.14171510754407834,8,7.787195592181378e-18,0.022119109514716136
2026_exploratory,pair_past_momentum,0,2026-01,-0.05809378213076588,-0.13209037563221482,9,4.6736574318390774e-18,-0.0585529270465766
2026_exploratory,pair_past_momentum,0,2026-02,-0.0767060620236063,-0.12201995352165595,9,-9.72938323542287e-18,-0.07874255490504313
2026_exploratory,pair_past_momentum,0,2026-03,-0.038226479296649796,-0.002043815787589276,2,1.1172662842869109e-18,-0.038225784657652896
2026_exploratory,pair_past_momentum,0,2026-04,0.0,0.040209676734009214,0,0.0,0.0
2026_exploratory,pair_past_momentum,0,2026-05,-0.003928756963285762,-0.031147204786297844,2,1.4197577767225305e-19,-0.0039182055120888706
2026_exploratory,pair_past_momentum,0,2026-06,-0.014256655996769951,-0.223599697714166,8,-8.285101494155315e-18,-0.013734326935864858
2026_exploratory,pair_past_momentum,0,2026-07,0.009603914960257365,0.0567041468933942,2,5.105129672731478e-19,0.009832822162013883
2026_exploratory,pair_past_momentum,0,2026-08,-0.007958962335469666,0.209164982080005,7,3.146610956839277e-19,-0.00792530380431368
2026_exploratory,pair_past_momentum,0,2026-09,0.0008092590210551087,0.14171510754407834,9,3.96780800210081e-19,0.0035520939047338513
2026_exploratory,pair_past_momentum,4,2026-01,-0.0634030660861089,-0.13209037563221482,9,4.6736574318390774e-18,-0.0585529270465766
2026_exploratory,pair_past_momentum,4,2026-02,-0.08261260168754692,-0.12201995352165595,9,-9.72938323542287e-18,-0.07874255490504313
2026_exploratory,pair_past_momentum,4,2026-03,-0.03901953891715193,-0.002043815787589276,2,1.1172662842869109e-18,-0.038225784657652896
2026_exploratory,pair_past_momentum,4,2026-04,0.0,0.040209676734009214,0,0.0,0.0
2026_exploratory,pair_past_momentum,4,2026-05,-0.005125611459366075,-0.031147204786297844,2,1.4197577767225305e-19,-0.0039182055120888706
2026_exploratory,pair_past_momentum,4,2026-06,-0.019189219294207804,-0.223599697714166,8,-8.285101494155315e-18,-0.013734326935864858
2026_exploratory,pair_past_momentum,4,2026-07,0.008776040261648133,0.0567041468933942,2,5.105129672731478e-19,0.009832822162013883
2026_exploratory,pair_past_momentum,4,2026-08,-0.011401067667359155,0.209164982080005,7,3.146610956839277e-19,-0.00792530380431368
2026_exploratory,pair_past_momentum,4,2026-09,-0.004823917662096999,0.14171510754407834,9,3.96780800210081e-19,0.0035520939047338513
2026_exploratory,pair_past_momentum,10,2026-01,-0.07131663111817865,-0.13209037563221482,9,4.6736574318390774e-18,-0.0585529270465766
2026_exploratory,pair_past_momentum,10,2026-02,-0.09140763380904471,-0.12201995352165595,9,-9.72938323542287e-18,-0.07874255490504313
2026_exploratory,pair_past_momentum,10,2026-03,-0.040208472160531694,-0.002043815787589276,2,1.1172662842869109e-18,-0.038225784657652896
2026_exploratory,pair_past_momentum,10,2026-04,0.0,0.040209676734009214,0,0.0,0.0
2026_exploratory,pair_past_momentum,10,2026-05,-0.006919094970170403,-0.031147204786297844,2,1.4197577767225305e-19,-0.0039182055120888706
2026_exploratory,pair_past_momentum,10,2026-06,-0.02654688920421533,-0.223599697714166,8,-8.285101494155315e-18,-0.013734326935864858
2026_exploratory,pair_past_momentum,10,2026-07,0.007534887451206229,0.0567041468933942,2,5.105129672731478e-19,0.009832822162013883
2026_exploratory,pair_past_momentum,10,2026-08,-0.016544280099391462,0.209164982080005,7,3.146610956839277e-19,-0.00792530380431368
2026_exploratory,pair_past_momentum,10,2026-09,-0.013220313268691664,0.14171510754407834,9,3.96780800210081e-19,0.0035520939047338513
2026_exploratory,pair_reverse_full,0,2026-01,-0.07460846146908284,-0.13209037563221482,14,-4.722170206525384e-18,-0.07649741205687163
2026_exploratory,pair_reverse_full,0,2026-02,-0.14959918087414092,-0.12201995352165595,15,-1.015310077110498e-18,-0.15931190269236598
2026_exploratory,pair_reverse_full,0,2026-03,0.05267003736961273,-0.002043815787589276,10,1.116281508493594e-18,0.052318352186566476
2026_exploratory,pair_reverse_full,0,2026-04,0.06122604534711207,0.040209676734009214,18,2.682075686715177e-18,0.06017656342816916
2026_exploratory,pair_reverse_full,0,2026-05,-0.027452156580944576,-0.031147204786297844,6,6.347080421771807e-19,-0.027664846345208268
2026_exploratory,pair_reverse_full,0,2026-06,0.005271162053759326,-0.223599697714166,11,2.2098570846032034e-18,0.005789482815117137
2026_exploratory,pair_reverse_full,0,2026-07,-0.06588619885189317,0.0567041468933942,13,2.3947853834341755e-18,-0.06765281101777072
2026_exploratory,pair_reverse_full,0,2026-08,-0.0009819161917478114,0.209164982080005,7,-7.671885442045087e-20,-0.0009113117351031105
2026_exploratory,pair_reverse_full,0,2026-09,0.1939389509371836,0.14171510754407834,11,-7.985907412969403e-18,0.1883459418639397
2026_exploratory,pair_reverse_full,4,2026-01,-0.08133037721748171,-0.13209037563221482,14,-4.722170206525384e-18,-0.07649741205687163
2026_exploratory,pair_reverse_full,4,2026-02,-0.1536994544934781,-0.12201995352165595,15,-1.015310077110498e-18,-0.15931190269236598
2026_exploratory,pair_reverse_full,4,2026-03,0.0463081586566183,-0.002043815787589276,10,1.116281508493594e-18,0.052318352186566476
2026_exploratory,pair_reverse_full,4,2026-04,0.051971214803640864,0.040209676734009214,18,2.682075686715177e-18,0.06017656342816916
2026_exploratory,pair_reverse_full,4,2026-05,-0.030979895971523286,-0.031147204786297844,6,6.347080421771807e-19,-0.027664846345208268
2026_exploratory,pair_reverse_full,4,2026-06,0.0002566674196302632,-0.223599697714166,11,2.2098570846032034e-18,0.005789482815117137
2026_exploratory,pair_reverse_full,4,2026-07,-0.07192105864150489,0.0567041468933942,13,2.3947853834341755e-18,-0.06765281101777072
2026_exploratory,pair_reverse_full,4,2026-08,-0.005001938359882052,0.209164982080005,7,-7.671885442045087e-20,-0.0009113117351031105
2026_exploratory,pair_reverse_full,4,2026-09,0.18898160672743014,0.14171510754407834,11,-7.985907412969403e-18,0.1883459418639397
2026_exploratory,pair_reverse_full,10,2026-01,-0.09132863727343998,-0.13209037563221482,14,-4.722170206525384e-18,-0.07649741205687163
2026_exploratory,pair_reverse_full,10,2026-02,-0.15981628514332635,-0.12201995352165595,15,-1.015310077110498e-18,-0.15931190269236598
2026_exploratory,pair_reverse_full,10,2026-03,0.03683074641819162,-0.002043815787589276,10,1.116281508493594e-18,0.052318352186566476
2026_exploratory,pair_reverse_full,10,2026-04,0.03823097871134662,0.040209676734009214,18,2.682075686715177e-18,0.06017656342816916
2026_exploratory,pair_reverse_full,10,2026-05,-0.036250752339907266,-0.031147204786297844,6,6.347080421771807e-19,-0.027664846345208268
2026_exploratory,pair_reverse_full,10,2026-06,-0.00722309223594908,-0.223599697714166,11,2.2098570846032034e-18,0.005789482815117137
2026_exploratory,pair_reverse_full,10,2026-07,-0.08090646023056614,0.0567041468933942,13,2.3947853834341755e-18,-0.06765281101777072
2026_exploratory,pair_reverse_full,10,2026-08,-0.011005263962069467,0.209164982080005,7,-7.671885442045087e-20,-0.0009113117351031105
2026_exploratory,pair_reverse_full,10,2026-09,0.18157834507511073,0.14171510754407834,11,-7.985907412969403e-18,0.1883459418639397
2026_exploratory,pair_reverse_own_sparse,0,2026-01,-0.0005592268383317611,-0.13209037563221482,12,-1.4472484185361854e-18,0.0011445329727846655
2026_exploratory,pair_reverse_own_sparse,0,2026-02,-0.06389272626656994,-0.12201995352165595,13,-2.7662303649792917e-18,-0.06435845429826356
2026_exploratory,pair_reverse_own_sparse,0,2026-03,0.015028474643164369,-0.002043815787589276,6,0.0,0.015361896995100894
2026_exploratory,pair_reverse_own_sparse,0,2026-04,0.01721371450266429,0.040209676734009214,14,-3.8904613011811148e-19,0.017661583938082096
2026_exploratory,pair_reverse_own_sparse,0,2026-05,-0.06114561094243398,-0.031147204786297844,4,7.701951485966085e-20,-0.06245122593753162
2026_exploratory,pair_reverse_own_sparse,0,2026-06,0.0074200528892887085,-0.223599697714166,9,2.2098570846032034e-18,0.007788172258771674
2026_exploratory,pair_reverse_own_sparse,0,2026-07,-0.01558886592216202,0.0567041468933942,4,0.0,-0.015625081183247885
2026_exploratory,pair_reverse_own_sparse,0,2026-08,-0.010968828547692655,0.209164982080005,4,5.34800706184144e-19,-0.010990987039881477
2026_exploratory,pair_reverse_own_sparse,0,2026-09,-0.03639436122914841,0.14171510754407834,3,2.843907428678925e-18,-0.03682534707188073
2026_exploratory,pair_reverse_own_sparse,4,2026-01,-0.004194528509162243,-0.13209037563221482,12,-1.4472484185361854e-18,0.0011445329727846655
2026_exploratory,pair_reverse_own_sparse,4,2026-02,-0.0683811882466212,-0.12201995352165595,13,-2.7662303649792917e-18,-0.06435845429826356
2026_exploratory,pair_reverse_own_sparse,4,2026-03,0.012540330325554017,-0.002043815787589276,6,0.0,0.015361896995100894
2026_exploratory,pair_reverse_own_sparse,4,2026-04,0.009574742248383172,0.040209676734009214,14,-3.8904613011811148e-19,0.017661583938082096
2026_exploratory,pair_reverse_own_sparse,4,2026-05,-0.06304914806008499,-0.031147204786297844,4,7.701951485966085e-20,-0.06245122593753162
2026_exploratory,pair_reverse_own_sparse,4,2026-06,0.004134089418351472,-0.223599697714166,9,2.2098570846032034e-18,0.007788172258771674
2026_exploratory,pair_reverse_own_sparse,4,2026-07,-0.017182335247965863,0.0567041468933942,4,0.0,-0.015625081183247885
2026_exploratory,pair_reverse_own_sparse,4,2026-08,-0.013380854178064672,0.209164982080005,4,5.34800706184144e-19,-0.010990987039881477
2026_exploratory,pair_reverse_own_sparse,4,2026-09,-0.037162183032424356,0.14171510754407834,3,2.843907428678925e-18,-0.03682534707188073
2026_exploratory,pair_reverse_own_sparse,10,2026-01,-0.009625810053925266,-0.13209037563221482,12,-1.4472484185361854e-18,0.0011445329727846655
2026_exploratory,pair_reverse_own_sparse,10,2026-02,-0.07507742364486059,-0.12201995352165595,13,-2.7662303649792917e-18,-0.06435845429826356
2026_exploratory,pair_reverse_own_sparse,10,2026-03,0.008817084586226986,-0.002043815787589276,6,0.0,0.015361896995100894
2026_exploratory,pair_reverse_own_sparse,10,2026-04,-0.0017841675796527179,0.040209676734009214,14,-3.8904613011811148e-19,0.017661583938082096
2026_exploratory,pair_reverse_own_sparse,10,2026-05,-0.06589863805566987,-0.031147204786297844,4,7.701951485966085e-20,-0.06245122593753162
2026_exploratory,pair_reverse_own_sparse,10,2026-06,-0.0007778122457612335,-0.223599697714166,9,2.2098570846032034e-18,0.007788172258771674
2026_exploratory,pair_reverse_own_sparse,10,2026-07,-0.019568881700423257,0.0567041468933942,4,0.0,-0.015625081183247885
2026_exploratory,pair_reverse_own_sparse,10,2026-08,-0.0169896431145794,0.209164982080005,4,5.34800706184144e-19,-0.010990987039881477
2026_exploratory,pair_reverse_own_sparse,10,2026-09,-0.03831332793109776,0.14171510754407834,3,2.843907428678925e-18,-0.03682534707188073
2026_exploratory,pair_reverse_sparse,0,2026-01,-0.02965165012517612,-0.13209037563221482,13,-4.095567310258047e-18,-0.02825516855684816
2026_exploratory,pair_reverse_sparse,0,2026-02,-0.15723624049646334,-0.12201995352165595,12,-1.5518794830239092e-17,-0.16841364653899873
2026_exploratory,pair_reverse_sparse,0,2026-03,0.031028349885142692,-0.002043815787589276,5,2.047185672037698e-18,0.03127889138469135
2026_exploratory,pair_reverse_sparse,0,2026-04,0.03042843249943994,0.040209676734009214,18,1.8618970026499964e-18,0.030593033683140092
2026_exploratory,pair_reverse_sparse,0,2026-05,-0.036531785495832025,-0.031147204786297844,6,-3.1735402108859033e-19,-0.03699513829429762
2026_exploratory,pair_reverse_sparse,0,2026-06,0.0113914032706397,-0.223599697714166,9,2.2098570846032034e-18,0.01172487579534223
2026_exploratory,pair_reverse_sparse,0,2026-07,-0.0363014855247884,0.0567041468933942,5,7.818450773047207e-19,-0.03661602774272137
2026_exploratory,pair_reverse_sparse,0,2026-08,-0.007873051874018211,0.209164982080005,3,0.0,-0.007874212137317385
2026_exploratory,pair_reverse_sparse,0,2026-09,0.18754368745135808,0.14171510754407834,8,-7.350364131977853e-18,0.18294216256915222
2026_exploratory,pair_reverse_sparse,4,2026-01,-0.033226759926433425,-0.13209037563221482,13,-4.095567310258047e-18,-0.02825516855684816
2026_exploratory,pair_reverse_sparse,4,2026-02,-0.1599473823958486,-0.12201995352165595,12,-1.5518794830239092e-17,-0.16841364653899873
2026_exploratory,pair_reverse_sparse,4,2026-03,0.027674644228305345,-0.002043815787589276,5,2.047185672037698e-18,0.03127889138469135
2026_exploratory,pair_reverse_sparse,4,2026-04,0.02343236918693603,0.040209676734009214,18,1.8618970026499964e-18,0.030593033683140092
2026_exploratory,pair_reverse_sparse,4,2026-05,-0.03926818013172961,-0.031147204786297844,6,-3.1735402108859033e-19,-0.03699513829429762
2026_exploratory,pair_reverse_sparse,4,2026-06,0.007965697166787411,-0.223599697714166,9,2.2098570846032034e-18,0.01172487579534223
2026_exploratory,pair_reverse_sparse,4,2026-07,-0.03942410871854496,0.0567041468933942,5,7.818450773047207e-19,-0.03661602774272137
2026_exploratory,pair_reverse_sparse,4,2026-08,-0.009464729631044722,0.209164982080005,3,0.0,-0.007874212137317385
2026_exploratory,pair_reverse_sparse,4,2026-09,0.18453824280649833,0.14171510754407834,8,-7.350364131977853e-18,0.18294216256915222
2026_exploratory,pair_reverse_sparse,10,2026-01,-0.038567214459745536,-0.13209037563221482,13,-4.095567310258047e-18,-0.02825516855684816
2026_exploratory,pair_reverse_sparse,10,2026-02,-0.16399966956091738,-0.12201995352165595,12,-1.5518794830239092e-17,-0.16841364653899873
2026_exploratory,pair_reverse_sparse,10,2026-03,0.02266076037876852,-0.002043815787589276,5,2.047185672037698e-18,0.03127889138469135
2026_exploratory,pair_reverse_sparse,10,2026-04,0.01302104375276869,0.040209676734009214,18,1.8618970026499964e-18,0.030593033683140092
2026_exploratory,pair_reverse_sparse,10,2026-05,-0.04336024137923311,-0.031147204786297844,6,-3.1735402108859033e-19,-0.03699513829429762
2026_exploratory,pair_reverse_sparse,10,2026-06,0.002845800027988732,-0.223599697714166,9,2.2098570846032034e-18,0.01172487579534223
2026_exploratory,pair_reverse_sparse,10,2026-07,-0.04409200181009809,0.0567041468933942,5,7.818450773047207e-19,-0.03661602774272137
2026_exploratory,pair_reverse_sparse,10,2026-08,-0.011848641617421163,0.209164982080005,3,0.0,-0.007874212137317385
2026_exploratory,pair_reverse_sparse,10,2026-09,0.18004141137468066,0.14171510754407834,8,-7.350364131977853e-18,0.18294216256915222
