phase,candidate,comparator,mean_delta_bp_day,week_block_low_bp_day,week_block_high_bp_day
2025H2_development,pair_full_x2_direct,zero,3.6667037709843955,-12.548982588557632,18.818080223113267
2025H2_development,pair_full_x2_direct,buy_hold,3.5964452945127765,-41.52259067371896,49.376044729972556
2025H2_development,pair_full_x2_direct,pair_base,4.39189862997999,-13.763537277534967,24.565058729409795
2025H2_development,pair_full_x2_direct,pair_k48_distance,11.27689778347556,-10.099241228961136,33.357203541213
2025H2_development,pair_full_x2_direct,pair_momentum_same_entry,8.874759408655864,-16.186691223798054,32.89899823584626
2025H2_development,pair_full_x2_direct,pair_reverse_full,12.51761657290873,-20.0252834648508,42.83301496624274
2025H2_development,pair_full_x2_sparse_posthoc,zero,5.78945248177412,-7.272798612674836,17.76209991838359
2025H2_development,pair_full_x2_sparse_posthoc,buy_hold,5.719194005302513,-40.31487618242159,52.17006693396797
2025H2_development,pair_full_x2_sparse_posthoc,pair_base,6.514647340769715,-10.606518381479654,24.299134157873794
2025H2_development,pair_full_x2_sparse_posthoc,pair_full_x2_direct,2.1227487107897245,-5.684568859903773,9.945857095242255
2025H2_development,pair_full_x2_sparse_posthoc,pair_momentum_sparse_same_entry,12.423750877834312,-11.561612685071019,34.944879977813855
2025H2_development,pair_full_x2_sparse_posthoc,pair_reverse_sparse,14.802046817050403,-11.544861289195428,38.88696229910359
2025H2_development,pair_full_x2_own_sparse_posthoc,zero,6.2717578394997116,-3.3628857110105193,16.225587425062745
2025H2_development,pair_full_x2_own_sparse_posthoc,buy_hold,6.201499363028096,-37.0393256307819,48.06968249392061
2025H2_development,pair_full_x2_own_sparse_posthoc,pair_base,6.996952698495306,-7.205932161718777,21.030174076772013
2025H2_development,pair_full_x2_own_sparse_posthoc,pair_full_x2_sparse_posthoc,0.4823053577255912,-13.15376208150069,15.420995978519592
2025H2_development,pair_full_x2_own_sparse_posthoc,pair_momentum_own_sparse_same_entry,10.10999681129232,-7.727114777119074,25.488047488152514
2025H2_development,pair_full_x2_own_sparse_posthoc,pair_reverse_own_sparse,15.263292657508634,-4.008249829708808,35.486398635382166
2026_exploratory,pair_full_x2_direct,zero,-0.9354865015549387,-18.834997495041232,14.25020907676446
2026_exploratory,pair_full_x2_direct,buy_hold,0.9789888717089332,-41.7660259067982,38.370728182511186
2026_exploratory,pair_full_x2_direct,pair_base,4.136216988444666,-7.562999043912467,17.793673090575602
2026_exploratory,pair_full_x2_direct,pair_k48_distance,7.443048696020756,-5.730226841071099,21.96710059424046
2026_exploratory,pair_full_x2_direct,pair_momentum_same_entry,6.898886398510595,-15.061631767016193,26.664274283567682
2026_exploratory,pair_full_x2_direct,pair_reverse_full,1.906511969051767,-34.32491936286795,32.31400680833289
2026_exploratory,pair_full_x2_sparse_posthoc,zero,-0.3354766364737818,-17.562780350011426,13.232811211534594
2026_exploratory,pair_full_x2_sparse_posthoc,buy_hold,1.5789987367900924,-39.118520127278885,37.30812758268624
2026_exploratory,pair_full_x2_sparse_posthoc,pair_base,4.736226853525823,-6.482586152654811,17.180504522150997
2026_exploratory,pair_full_x2_sparse_posthoc,pair_full_x2_direct,0.6000098650811571,-5.377619970236037,5.612547508022453
2026_exploratory,pair_full_x2_sparse_posthoc,pair_momentum_sparse_same_entry,7.826534836789543,-12.661665415566295,25.76027426833556
2026_exploratory,pair_full_x2_sparse_posthoc,pair_reverse_sparse,1.626543760637384,-32.77878732311418,29.061670206740043
2026_exploratory,pair_full_x2_own_sparse_posthoc,zero,4.50258480593299,-2.983525652858131,12.155576305552776
2026_exploratory,pair_full_x2_own_sparse_posthoc,buy_hold,6.4170601791968656,-27.468375459625445,36.89096149713609
2026_exploratory,pair_full_x2_own_sparse_posthoc,pair_base,9.574288295932595,-0.8363775897784206,22.813159140763908
2026_exploratory,pair_full_x2_own_sparse_posthoc,pair_full_x2_sparse_posthoc,4.838061442406772,-6.866918393047533,21.070490677470218
2026_exploratory,pair_full_x2_own_sparse_posthoc,pair_momentum_own_sparse_same_entry,16.20151867052676,4.314066952548137,30.575448652527584
2026_exploratory,pair_full_x2_own_sparse_posthoc,pair_reverse_own_sparse,11.149604238211602,-3.54575131251923,26.510781227376082
