phase,model,entry_quantile,exit_quantile,total_return_4bp,active_days,turnover
2025H2_development,base,0.6,0.3,-0.07347821672970956,85,108.91408010018407
2025H2_development,base,0.7,0.35,-0.021237116856376415,60,70.63383974983597
2025H2_development,base,0.8,0.4,-0.0076564386742555834,27,23.218415281099723
2025H2_development,geometry,0.6,0.3,-0.09087367792142687,84,102.71802559085654
2025H2_development,geometry,0.7,0.35,-0.1385794240348205,57,56.19495612702498
2025H2_development,geometry,0.8,0.4,-0.055959254682728776,32,25.66759793721516
2025H2_development,full_x2,0.6,0.3,0.025048987122718858,119,158.88281092286877
2025H2_development,full_x2,0.7,0.35,0.05868512821640781,87,119.26173844511051
2025H2_development,full_x2,0.8,0.4,0.10297474007232665,61,74.13124683542617
2025H2_development,full_x2_own,0.6,0.3,-0.003580064763157087,114,151.69050076929233
2025H2_development,full_x2_own,0.7,0.35,0.031488413682004834,96,114.89523042418216
2025H2_development,full_x2_own,0.8,0.4,0.11604017338780848,59,62.49004525164901
