strategy,side_cost_bp,days,mean_daily_bp,annualized_sharpe,cumulative_return,max_drawdown,mean_active_fraction,total_turnover_per_symbol_mean
target_position,0,915,6.412835629532557,1.1972503222950743,0.7145170405375594,-0.18105391155855644,0.057230459141842036,3313.666666666667
hysteresis_position,0,915,5.864207485775329,0.7572394692207024,0.5462030197410583,-0.3108856714134669,0.15901361248450618,1444.9469696969695
buyhold,0,915,15.48766498585131,0.9136842215770471,1.5528421740232528,-0.5035659878901818,1.0,2.0
target_position,4,915,-8.071496100412888,-1.511065358635929,-0.5445328031659071,-0.5693764784230713,0.057230459141842036,3313.666666666667
hysteresis_position,4,915,-0.44960345072282126,-0.05803098490171675,-0.13258753178736937,-0.49406302697651117,0.15901361248450618,1444.9469696969695
buyhold,4,915,15.483419155011807,0.913271565419039,1.5514210371536454,-0.5036112484862015,1.0,2.0
target_position,10,915,-29.708397522024036,-5.320537090161687,-0.9376517028130023,-0.9378024307257126,0.057230459141842036,3313.666666666667
hysteresis_position,10,915,-9.902859121717595,-1.2710647557494017,-0.6355612988760887,-0.7435586941819109,0.15901361248450618,1444.9469696969695
buyhold,10,915,15.477052740624526,0.9126522946478027,1.5492893318492293,-0.5036791546374011,1.0,2.0
target_position,20,915,-65.53281108916596,-9.98763781908987,-0.9977345434613887,-0.9976500318921009,0.057230459141842036,3313.666666666667
hysteresis_position,20,915,-25.611936549452132,-3.2172272400620545,-0.914128419395826,-0.9175208307596008,0.15901361248450618,1444.9469696969695
buyhold,20,915,15.466448283420231,0.9116194180400444,1.5457364896752117,-0.5037923722601426,1.0,2.0
