year,state,observations,distinct_days,mean_signed_future_bp,mean_trend_z,mean_efficiency,mean_vol_ratio,mean_flow_imbalance,mean_activity_ratio
2023,0,363,92,6.726323668206574,-1.4706689751420663,0.2502631406805188,1.2859193090634566,-0.0389245257142295,1.2995597769613363
2023,1,1245,271,-16.09841408671886,-0.008455149376344699,0.07738670267300429,0.6925758071899045,0.0034537539471072654,0.7583670889376224
2023,2,729,213,10.29968141904222,0.10471405875078264,0.06679847344349825,1.2442660296858423,-0.017923164491967652,1.289757083849906
2023,3,559,172,55.66009068729354,1.353033501593972,0.2174767177000672,0.9986215825861493,0.002305732423610994,1.1571583979696596
2023,4,217,110,26.89953807195511,1.5923464783491117,0.2574610319943067,1.7327056817683955,0.004365276325153405,2.356169042963575
2023,5,1171,282,-18.16408127364376,-0.21236336115800267,0.09044218648518247,0.7092693917115444,-0.03494493466461718,0.7253830142696371
2024,0,519,127,31.77891195021794,-1.507230247711078,0.23243804474549096,1.3018086977789904,-0.037585510055676466,1.281220238811873
2024,1,991,262,8.880460233328145,0.007383092620254788,0.07801917255858083,0.7143344217432909,0.00125610291012056,0.7356474540288573
2024,2,811,215,-2.021884032755624,0.04241979389447831,0.06779998842305447,1.2180406029668303,-0.020259889155752078,1.2753819326333953
2024,3,660,217,25.232241364451543,1.393428581013017,0.23051413789578695,0.9480785911816306,-0.0023707697146007223,1.1266031151428826
2024,4,165,86,128.30501280894842,1.788176408027624,0.2675996095327409,1.6331840324989402,-0.00018789358896975975,2.2675589863951484
2024,5,1234,287,-4.161501966742476,-0.13986188853534098,0.09048326361165848,0.7105793953837334,-0.03561143064388846,0.7196138816436368
2025,0,570,116,-29.28308888894925,-1.4746032231065442,0.22676199065981792,1.2789825587619452,-0.03834002163515149,1.2611817319192689
2025,1,1123,262,-0.16530391491247706,-0.014949893742330097,0.07893030380117673,0.7269356451634363,0.007073859810921055,0.7612390211619487
2025,2,834,213,-24.60932687151447,-0.01151163432962793,0.0648852975327171,1.2083532956960585,-0.018272997079435246,1.2452454302886256
2025,3,602,173,-37.43655091294353,1.3656904841640443,0.22512142754984432,0.9607909305844098,0.0026264244826670865,1.1646749045615756
2025,4,126,71,24.369670520360593,1.746944580841405,0.2637217467844479,1.6185237881305792,0.0042225081059633724,2.1050917591071716
2025,5,1113,270,-7.047513046099105,-0.17588853375702618,0.09293236538165951,0.723744494281293,-0.04009214349934686,0.7361042129047387
