root,previous_symbol,next_symbol,previous_timestamp,next_timestamp,previous_close,next_open,gap_minutes,jump_bp
ES,ESH6,ESM6,2026-03-13 20:59:00+00:00,2026-03-16 00:00:00+00:00,6625.25,6698.75,3061,110.32834817559763
ES,ESM6,ESU6,2026-06-12 20:59:00+00:00,2026-06-14 22:00:00+00:00,7436.25,7543.5,2941,143.19575778013638
HSI,HSIH6,HSIJ6,2026-03-25 13:46:00+00:00,2026-03-26 09:15:00+00:00,25249.0,24750.0,1169,-199.61061962015992
HSI,HSIJ6,HSIK6,2026-04-24 13:46:00+00:00,2026-04-27 09:15:00+00:00,25925.0,25810.0,4049,-44.45740385068559
HSI,HSIK6,HSIM6,2026-05-22 18:59:00+00:00,2026-05-26 09:15:00+00:00,25430.0,25400.0,5176,-11.804054095374033
HSI,HSIM6,HSIN6,2026-06-24 13:46:00+00:00,2026-06-25 09:15:00+00:00,23389.0,23030.0,1169,-154.68112536163125
HSI,HSIN6,HSIQ6,2026-07-24 18:59:00+00:00,2026-07-27 09:00:00+00:00,25020.0,25212.0,3721,76.4456661209859
HSI,HSIQ6,HSIU6,2026-08-21 18:59:00+00:00,2026-08-24 09:00:00+00:00,25895.0,25388.0,3721,-197.73278431631132
HTI,HTIH6,HTIJ6,2026-03-25 13:46:00+00:00,2026-03-26 09:15:00+00:00,4897.0,4746.0,1169,-313.20614706608535
HTI,HTIJ6,HTIK6,2026-04-24 13:46:00+00:00,2026-04-27 09:15:00+00:00,4887.0,4946.0,4049,120.00550811206627
HTI,HTIK6,HTIM6,2026-05-22 18:59:00+00:00,2026-05-26 09:15:00+00:00,4824.0,4930.0,5176,217.35528629714514
HTI,HTIM6,HTIN6,2026-06-24 13:46:00+00:00,2026-06-25 09:15:00+00:00,4487.0,4412.0,1169,-168.56225602590217
HTI,HTIN6,HTIQ6,2026-07-24 18:59:00+00:00,2026-07-27 09:00:00+00:00,4633.0,4698.0,3721,139.32279802209746
HTI,HTIQ6,HTIU6,2026-08-21 18:59:00+00:00,2026-08-24 09:03:00+00:00,4731.0,4600.0,3724,-280.8029315396165
NQ,NQH6,NQM6,2026-03-13 20:59:00+00:00,2026-03-16 00:00:00+00:00,24335.25,24650.5,3061,128.71267757039215
NQ,NQM6,NQU6,2026-06-12 20:59:00+00:00,2026-06-14 22:00:00+00:00,29677.75,30191.0,2941,171.46259920795748
RTY,RTYH6,RTYM6,2026-03-13 20:59:00+00:00,2026-03-16 00:00:00+00:00,2474.4,2504.3,3061,120.1131197939668
RTY,RTYM6,RTYU6,2026-06-12 20:59:00+00:00,2026-06-14 22:00:00+00:00,2949.2,3000.0,2941,170.78341534751323
