detector_id,horizon,n,mean_z,ci_low,ci_high,raw_t,nw_t,stationary_t,event_sharpe,win_rate,payoff_ratio,mean_raw,mean_net
D01,6,1225,0.07683550937362214,0.006549056440278251,0.1607826854369337,1.8100759790208274,1.7244341024355687,1.8804003301470247,0.05171645654345221,0.5110204081632653,1.0944448371268816,0.00011996289260825494,-4.266242706521444e-05
D01,12,1224,0.04608622571258767,-0.019473290974971674,0.12919034550386105,1.13892062372493,1.125563294829855,1.1947368516470875,0.032553879259741535,0.5024509803921569,1.0764393190349633,0.00014019230907857488,-2.2371290512928414e-05
D01,24,1221,0.10429408628664566,0.028384270117775817,0.16790803143806718,2.3429142841902872,2.3879569884369003,3.106414990488852,0.06704996696245699,0.5094185094185094,1.1519198770164645,0.00018328228667996741,2.1939559079639807e-05
D01,48,1214,0.05845257085569248,-0.03753810558583346,0.13770230644682754,1.1747518821445364,1.0895406579633284,1.3013709662053814,0.033716059077318256,0.5197693574958814,1.008559683408241,0.00022052981788207399,6.033054366461107e-05
D01,96,1150,0.08640543582347295,0.006543923805520012,0.16444785269005838,1.7919014127133366,1.6545291295122595,2.1630999005965745,0.0528402899054356,0.5304347826086957,1.0224232828420712,0.00029908892665339267,0.00016218769821860996
D02,6,2395,-0.08366626341700527,-0.1797677953910184,0.013774393900390662,-2.1352372619101443,-1.692846239735622,-1.7229767490485886,-0.04363082056282222,0.4605427974947808,0.9996557778017517,-0.00013260364859673932,-0.0004319248303921464
D02,12,2395,-0.10085034052136238,-0.18912272921229697,-0.01274029588151872,-2.8338490834773262,-2.061240474047305,-2.2482800842333264,-0.05790605244154857,0.474321503131524,0.9091094805477076,-0.0002457967419875317,-0.0005451179237829387
D02,24,2391,-0.0561887966232885,-0.1458696059337361,0.04443409278189752,-1.6375483339971038,-1.0421795238818925,-1.191541321248781,-0.03348916656092683,0.47176913425345046,1.0046105534429624,-0.00019967187829172804,-0.0004990986623569727
D02,48,2388,-0.08366786466085076,-0.15236737059135264,-0.019814611512878708,-2.767955063695301,-1.8400865208557344,-2.462244386467329,-0.05664242966738788,0.47361809045226133,0.9353318415028952,-0.00036081016440851614,-0.0006600476287720004
D02,96,2199,0.023738278661135565,-0.029669486019853468,0.07387462353272958,0.6888623665280879,0.5103368829909971,0.8703657834816997,0.014689934002260131,0.49477035015916326,1.0627485036143887,0.00022881517564607025,-5.302252753719498e-05
D03,6,87,-0.06705692720586896,-0.3651792533110962,0.24612797259914576,-0.4221115433535241,-0.3093545716627218,-0.4420045520804301,-0.045255107672904034,0.4942528735632184,0.9018309939525513,-0.0002060077785943378,-0.00042807441997364795
D03,12,87,0.1384643825045818,-0.16376469210793113,0.37435704156376026,0.7866880210311292,0.5442191835350851,1.0962159234201587,0.08434180883542122,0.5517241379310345,0.9767501427974502,0.000347348120393679,0.0001252814790143686
D03,24,86,-0.1846764741161588,-0.36485857074624706,0.010371698909367243,-1.256624364389467,-1.110731676367113,-2.355889754614734,-0.13550529008712436,0.3953488372093023,1.0092576440547782,-0.00042440948309805136,-0.0006400647900747954
D03,48,84,-0.23652549697600822,-0.3817192517210293,-0.07196543623237683,-1.4805766720182856,-1.5820838250924876,-3.5680203593857516,-0.16154415885022858,0.36904761904761907,1.10310650186307,-0.0002523559101006951,-0.00045473059581498077
D03,96,72,-0.16153265797346494,-0.30053100825264445,0.09085568340846048,-0.8291249555000588,,-1.97193992094132,-0.09771331308084769,0.5416666666666666,0.6641548608114112,0.0006309752803617015,0.0004908715053617017
D04,6,1038,0.005434746167084667,-0.08985473957181782,0.09612764725734915,0.10846224755744656,0.09857887488341896,0.1112871803787645,0.003366510108897217,0.4633911368015414,1.141183716874326,-4.0596045630339373e-05,-0.00028218401316405805
D04,12,1037,-0.04549921042350891,-0.15261013378836635,0.071890101588499,-0.7323265016527143,-0.6080415995767979,-0.7939096051490734,-0.022741304462637897,0.46287367405978785,1.0324705420989386,-0.00019356689636772597,-0.00043527628479588404
D04,24,1031,0.003669838394252536,-0.10791112890406016,0.12136303728672271,0.05705720789830667,0.03371221759187154,0.0642769165041508,0.0017769744481232197,0.5024248302618817,0.9749156765263807,-0.00020967173338423844,-0.00044946916839878746
D04,48,1030,-0.09064867253146448,-0.1964052575704113,0.002940387446208006,-1.4942100964744838,-1.1613199560857375,-1.812043655946065,-0.04655786474191542,0.48640776699029126,0.9046567505691678,-0.0006622147142211029,-0.0009019119144152778
D04,96,896,-0.08142061906416938,-0.1577230304896921,0.0027987163092208526,-1.372508801470566,-1.1836824864961804,-2.0964927541693306,-0.045852300852094574,0.4765625,0.9541286465238322,-0.0008639850775023544,-0.0010542644464755688
D05,6,787,-0.0713610608419556,-0.19658022422995297,0.05175302426454067,-1.2535238103518447,-1.2426310628213222,-1.1155316278617189,-0.04468329813586517,0.4675984752223634,0.9549923032073332,-0.0001928320643809256,-0.0004944650037710145
D05,12,787,-0.04697071618844669,-0.13836538475082544,0.06383786687518662,-1.0366731657220396,-1.0280805558000123,-0.883588903795033,-0.036953407466912974,0.4599745870393901,1.0034757996011396,-0.00019204946167733928,-0.0004936824010674282
D05,24,787,-0.08902923901811594,-0.1650273117473256,0.004689737176492375,-2.215808724453195,-2.3258032109592377,-1.9431284471040506,-0.07898505080569851,0.4625158831003812,0.9027193937127893,-0.0003110531348134881,-0.000612686074203577
D05,48,787,-0.1214699333524794,-0.1882847583674398,-0.062424055454457616,-3.483349438686113,-3.9264113542330534,-3.87935625503861,-0.12416799760390855,0.4269377382465057,0.9560134661502411,-0.0005516306714287718,-0.0008532636108188609
D05,96,777,-0.03187432567569595,-0.09325082820744446,0.030691119251042568,-0.6953986606678582,-0.7180430827437722,-1.1176138659508852,-0.024947287987656327,0.4723294723294723,1.0356756044661466,-0.00010547715034289572,-0.000404342791526937
D06,6,1939,-0.05496023681289246,-0.18202543076252836,0.059650538248912185,-0.9567469227341827,-0.9139693361690723,-0.8849644828317553,-0.021727420498698066,0.49406910778751933,0.9235272081760912,-0.00012625560609642227,-0.0004063236294589802
D06,12,1929,-0.08434406675780777,-0.17354521866111658,0.012982657439458064,-1.483121174031686,-1.6389574432680223,-1.7455874709646786,-0.03376840294199663,0.4764126490409539,0.9623950146578523,-0.00016699402473231364,-0.00044633340549955053
D06,24,1902,-0.053331438329547204,-0.16096319510969623,0.05645756183764333,-0.9142244405346942,-1.0260959810178962,-0.9525914972679027,-0.02096271698772245,0.4784437434279706,1.0177695621822382,-0.00015343771389963936,-0.0004318872358239295
D06,48,1868,-0.05139832417503468,-0.18145776412081446,0.07959394401510275,-0.8230670131943112,-1.0109351501453565,-0.7461591279040984,-0.019043499571104846,0.487152034261242,0.9899403957197066,-0.00017664415010407403,-0.00045351244972934165
D06,96,1040,-0.1172309066642272,-0.22405633362167762,0.006424085877158973,-1.7157464747385203,-1.9707955795969416,-2.0847138272222594,-0.0532030396541406,0.4721153846153846,0.9645907992905672,-0.0005593178840750921,-0.0008223933878250922
D07,6,10432,0.019148385657766127,-0.031651212998111924,0.07289485539693319,1.2119107910584443,0.7122332170055842,0.6984737560866829,0.011865522394371232,0.504217791411043,0.9866491169399604,-7.328906367722828e-06,-0.00019021375611848974
D07,12,10410,-0.014919903979064056,-0.08215153453282927,0.0631139592495453,-0.873775617512465,-0.40577184596300164,-0.3962869050348561,-0.008563958555716155,0.5023054755043228,0.9456402333930397,-4.363248220323351e-05,-0.0002255933129429069
D07,24,10347,-0.03877580909232722,-0.13814404673801586,0.0604893962582745,-2.297734925736988,-0.8081233953046792,-0.7789321746241324,-0.022588776118003473,0.4985986276215328,0.9299779969507498,-6.52615574809402e-05,-0.00024503304281968575
D07,48,10286,0.0008797173142442316,-0.11809203208295412,0.12866014897735653,0.051091962086317014,0.014017655749641117,0.014153805535507396,0.000503766543253963,0.5235271242465487,0.9034230365042552,-4.363918688553892e-05,-0.00022082352954546508
D07,96,9467,0.09375110221032285,-0.0508804550129077,0.22302492387747438,5.237751594630125,1.1773778987944887,1.282336825808228,0.053831776128630854,0.5379740149994718,0.9922159301514525,0.0003514287256095888,0.00020885119406844585
D08,6,61,-0.27898243553727414,-0.46565804580092884,-0.09566395056361512,-1.7777109316912436,-1.9311256339059537,-2.987034729018933,-0.2276125611163484,0.36065573770491804,0.9375551615564458,-0.0005521363599719777,-0.0007764542599719777
D08,12,61,-0.15741087840191742,-0.2750315296021673,-0.048529517573773065,-1.1254924801888189,-1.7409814883485464,-2.9835279570775564,-0.1441045455513131,0.4098360655737705,0.9571775281117747,-0.000500843076482602,-0.0007251609764826018
D08,24,56,-0.14584838974385633,-0.2695802686394642,-0.030675936914284507,-0.7217133098607983,-1.6882740307415602,-2.9304676407727692,-0.09644299774906165,0.5535714285714286,0.62399010394247,-0.000644894447336635,-0.0008678084205509207
D08,48,56,-0.2272530859034966,-0.27908197684371205,-0.18405797205133964,-1.5899011268556986,-6.075940200627358,-10.600699804276905,-0.21245947484070848,0.5178571428571429,0.5397880857865917,-0.0011899358815865952,-0.0014128498548008808
D08,96,56,-0.22633802125007524,-0.23465487822165165,-0.2004236423130973,-2.0443742531841274,,-17.404034103613967,-0.2731910009198875,0.44642857142857145,0.6033994167648842,-0.001541469125893349,-0.0017643830991076344
