session_phase,count,mean,std
ASIA,432,0.10423283280911522,1.102307425751099
EU_MORN,148,0.14814964540326023,1.1418665529951255
EU_OPEN,112,-0.0918220530991297,0.9340191711512329
GLOBEX_OPEN,30,0.05009982526661517,1.1296877352883168
HK_EU,171,-0.10485007938187987,3.936506577067914
HK_LATE,22,0.7459086504240051,2.740128472592269
HK_NIGHT_OPEN,21,0.02316888560967585,0.852581062948095
HK_US_MORN,1,-0.17796655914501194,
HK_US_PRE,26,-0.4041118892295774,1.9666864929638723
POST,3,-3.2122138689476905,3.7009289450345295
US_CLOSE,7,0.33242001934930654,1.2649379663976201
US_LUNCH,7,-0.6437434141479995,1.2263172067463912
US_OPEN,4,-0.9683602101337137,0.7908405063670875
US_PM,7,-1.8025688401059667,2.1837207303362787
US_PRE,40,-0.3591255570411782,3.4732484613935797
