detector_id,gate_bin,gate_mean,outcome_mean,n,isotonic
D06,0,0.6742911900280069,-0.08907505218833738,193,-0.12476555952522606
D06,1,0.7601739449969577,0.006450603257518767,193,-0.12476555952522606
D06,2,0.7978521390917271,-0.06547636398005204,193,-0.12476555952522606
D06,3,0.8299278802580813,-0.10201665421043793,193,-0.12476555952522606
D06,4,0.8562894737898494,-0.1334863758496774,193,-0.12476555952522606
D06,5,0.8881005526738296,-0.034296077207068766,192,-0.12476555952522606
D06,6,0.9359171994557156,-0.4549902427041331,193,-0.12476555952522606
D06,7,0.9823487684893423,0.09055283468063571,193,0.00990293710404827
D06,8,1.031798735427449,-0.05847717798188215,193,0.00990293710404827
D06,9,1.0929695933000918,-0.0023668453866087483,193,0.00990293710404827
