session_phase,gross_return,cost,net_return,share_of_total_net
ASIA,-0.00484789617265463,0.017469856210243946,-0.022317752382898577,1.3529020909107197
EU_MORN,0.005083462407181855,0.004130893722653005,0.0009525686845288494,-0.05774471115750306
EU_OPEN,0.014775879359553674,0.0025577706780706413,0.012218108681483032,-0.740661716222785
GLOBEX_OPEN,0.0028148862720441615,0.004458996829339939,-0.001644110557295778,0.099665977670685
HK_EU,0.0003038746379931031,0.002122237813698214,-0.0018183631757051112,0.11022917094158535
HK_LATE,0.0,0.0,0.0,-0.0
HK_NIGHT_OPEN,0.003996961628691529,0.00020722421501957863,0.00378973741367195,-0.2297338720761209
HK_US_MORN,2.2259553811856757e-07,8.498008828662633e-06,-8.275413290544072e-06,0.0005016555319659545
HK_US_PRE,-0.0017547570601972487,0.0003071202956986607,-0.0020618773558959097,0.12499099990600156
POST,8.809770822315018e-06,1.5534091175394167e-05,-6.7243203530791575e-06,0.0004076282821654265
US_CLOSE,-0.001669536610106356,3.5487800664854954e-05,-0.0017050244107712107,0.10335857530858562
US_LUNCH,8.272953516536635e-05,9.743017905901618e-05,-1.470064389364983e-05,0.000891152994272521
US_MORN,0.0,0.0,0.0,-0.0
US_OPEN,0.0003069172478418331,6.744155294901911e-05,0.00023947569489281398,-0.014517015996245535
US_PM,-0.0012546361170882882,6.00091533629674e-05,-0.0013146452704512557,0.07969379284637415
US_PRE,-0.0010405395315085397,0.001764083998959429,-0.0028046235304679686,0.17001627106029904
