gate_decile,gross_return,cost,net_return
1,-0.0058039677534669045,0.013912794192136466,-0.019716761945603373
2,-0.001948922971495684,0.01687482044677538,-0.018823743418271064
3,-0.013872523370526607,0.018337686989177558,-0.032210210359704165
4,-0.007136962730789896,0.022392401531133845,-0.02952936426192374
5,-0.014874624116980218,0.021649010665234267,-0.03652363478221449
6,-0.008036365444379887,0.022985456509173996,-0.031021821953553883
7,0.021571940986521213,0.02169973068392891,-0.0001277896974076986
8,0.0025925120953803485,0.022186008696530916,-0.01959349660115057
9,0.011995917399937633,0.02127478331050491,-0.009278865910567279
10,0.013811744885377833,0.018543549215930218,-0.004731804330552387
