dimension,setting,annualized_return,cumulative_return,annualized_volatility,annualized_downside_volatility,var_95,var_99,skewness,kurtosis,sortino,calmar,hit_rate,payoff_ratio,max_drawdown,max_drawdown_duration_days,recovery_days_from_max_drawdown,sharpe,sharpe_se,sharpe_ci_low,sharpe_ci_high,sr0,deflated_sharpe_probability,gross_cumulative_log_return,total_cost,cost_to_gross_ratio,annualized_turnover,executions,average_cost_per_turnover_bp,cost_to_annual_volatility,volume_limited_fraction,average_execution_delay_bars,active_bar_fraction,mean_trade_size
cost_multiplier,1.0,-0.2256051653584352,-0.1262305679450611,0.0729715541412938,0.0590349481361287,0.0080780994108094,0.0114282440520117,0.4907502332456775,2.74329572409478,-4.3308823206732585,-1.5886658406735137,0.3909774436090225,0.7430588760055549,-0.14200920016181,98.0,,-3.503740823301719,1.492031913720203,-6.428123374193317,-0.5793582724101212,4.0404664621380775,2.1369958427326939e-07,-0.0017012510204221,0.1332374948270176,inf,4392.74431762367,6046,0.5746976649329021,1.8258826524241447,0.0006631226445331,1.0,0.4175904333506482,0.3832687773683884
cost_multiplier,1.5,-0.3174356074288339,-0.1825434220353194,0.0738008143205923,0.0648697442366391,0.0085016771698759,0.0121900302452824,0.4240678997445203,2.8348302675148926,-5.887157607570808,-1.6863180137860423,0.3383458646616541,0.6983969423028066,-0.1882418410013555,98.0,,-5.174718081360562,1.5550551550840372,-8.222626185325275,-2.1268099773958493,4.211135259986297,7.913534269188747e-10,-0.0017012510204221,0.1998562422405264,inf,4392.74431762367,6046,0.8620464973993532,2.70804928211695,0.0006631226445331,1.0,0.4175904333506482,0.3832687773683884
cost_multiplier,2.0,-0.3983764751973223,-0.2352270148817588,0.0749608359291368,0.071042059930093,0.0091698006838544,0.0129518164385531,0.3524410102427125,2.8732151991348664,-7.152430600734091,-1.6865035413947207,0.3007518796992481,0.6207816477669198,-0.2362144314668139,119.0,,-6.7785183700930185,1.618790335488845,-9.951347427651154,-3.6056893125348815,4.383732009771529,2.685164711568171e-12,-0.0017012510204221,0.2664749896540352,inf,4392.74431762367,6046,1.1493953298658042,3.5548561639032896,0.0006631226445331,1.0,0.4175904333506482,0.3832687773683884
cost_multiplier,3.0,-0.532601653052696,-0.3306269396594191,0.0782101216307502,0.0844024743134456,0.0111923212901039,0.0146945773384974,0.203763631982358,2.80771625721083,-9.011268920354157,-1.6106190423798867,0.2030075187969924,0.6053864478746458,-0.3306813337222885,119.0,,-9.724743776420674,1.7345056924766045,-13.12437493367482,-6.325112619166529,4.697092612024072,4.600531818450949e-17,-0.0017012510204221,0.3997124844810529,inf,4392.74431762367,6046,1.7240929947987065,5.11075134709797,0.0006631226445331,1.0,0.4175904333506482,0.3832687773683884
execution_price,open,-0.3140734814586013,-0.1804207544998883,0.0743217521832335,0.0652342671374345,0.0097854705431419,0.0110550587859898,0.3842282755215203,1.6098212552458508,-5.778937809298925,-1.713881192571028,0.3458646616541353,0.6917253983135817,-0.1832527731910362,119.0,,-5.072334299829281,1.5229488483671767,-8.057314042628947,-2.087354557029615,4.1241904337264215,7.77140493875752e-10,0.0008920565842455,0.1998562422405264,224.0398712034048,4392.74431762367,6046,0.8620464973993532,2.689067956145586,0.0006631226445331,1.0,0.4175904333506482,0.3832687773683884
execution_price,wap,-0.3174356074288339,-0.1825434220353194,0.0738008143205923,0.0648697442366391,0.0085016771698759,0.0121900302452824,0.4240678997445203,2.8348302675148926,-5.887157607570808,-1.6863180137860423,0.3383458646616541,0.6983969423028066,-0.1882418410013555,98.0,,-5.174718081360562,1.5550551550840372,-8.222626185325275,-2.1268099773958493,4.211135259986297,7.913534269188747e-10,-0.0017012510204221,0.1998562422405264,inf,4392.74431762367,6046,0.8620464973993532,2.70804928211695,0.0006631226445331,1.0,0.4175904333506482,0.3832687773683884
execution_price,mid,-0.3060161848585067,-0.1753537121615149,0.0723607786274306,0.0625533529472234,0.0084132422515257,0.0114262327769928,0.5759781616887488,2.681770930886677,-5.839921005949151,-1.6958800980967914,0.3233082706766917,0.764975420997513,-0.1804468282881169,119.0,,-5.04840670316614,1.5763157883632324,-8.137985648358075,-1.958827757974204,4.268709682449029,1.703372338481008e-09,0.0070555156429766,0.1998562422405264,28.32624181614153,4392.74431762367,6046,0.8620464973993532,2.7619415660179856,0.0006631226445331,1.0,0.4175904333506482,0.3832687773683884
band_zeta,0.025,-0.4303641237127155,-0.2569642597450788,0.0789751921484032,0.0757175964377213,0.0099117738389357,0.0143560983807016,0.3538776805035931,2.472136495716905,-7.43232699252146,-1.6732554259179298,0.2781954887218045,0.6558834071312368,-0.2572016902181102,119.0,,-7.125755829190487,1.6255526611634958,-10.311839045070938,-3.939672613310035,4.402044587299684,6.627593101827038e-13,-0.001468954371506,0.2955421784186476,inf,6238.635416745404,12068,0.8975915668077113,3.742215376485452,0.000641018556382,1.0,0.4616549330798731,0.2727705357149887
band_zeta,0.05,-0.3174356074288339,-0.1825434220353194,0.0738008143205923,0.0648697442366391,0.0085016771698759,0.0121900302452824,0.4240678997445203,2.8348302675148926,-5.887157607570808,-1.6863180137860423,0.3383458646616541,0.6983969423028066,-0.1882418410013555,98.0,,-5.174718081360562,1.5550551550840372,-8.222626185325275,-2.1268099773958493,4.211135259986297,7.913534269188747e-10,-0.0017012510204221,0.1998562422405264,inf,4392.74431762367,6046,0.8620464973993532,2.70804928211695,0.0006631226445331,1.0,0.4175904333506482,0.3832687773683884
band_zeta,0.075,-0.2604603776580801,-0.1472126220163998,0.0672717196988466,0.0577696456781415,0.0080609402381541,0.0105809037779622,0.2315935257744631,1.4311767613678303,-5.222940435531568,-1.671242223540428,0.3157894736842105,0.8846519963666744,-0.1558483707444335,119.0,,-4.48520447685047,1.4713059838857938,-7.368964205266625,-1.601444748434314,3.984340032386481,4.294279652129022e-09,-0.0139597947436156,0.1452852316123632,inf,3288.145924991469,3698,0.8371808527641765,2.159677681241945,0.000541550159702,1.0,0.3566826184502824,0.4689030935695901
vol_target,0.05,-0.0683522556169247,-0.0366773981463116,0.0306155831845652,0.0230570140160684,0.0031848909967524,0.0045982424275488,0.3848383000448826,0.6249711200947301,-3.0706704849704227,-1.3170860518243073,0.3684210526315789,0.9861696670932836,-0.0518965754152884,104.0,,-2.312563898713658,1.4292328995800123,-5.113860381890483,0.4887325844631665,3.8704048782299214,7.589486483906673e-06,0.0158384381952196,0.0532053647453064,3.359255760543657,1261.6384372392254,2466,0.7990416414482259,1.7378524009998175,0.0001657806611332,1.0,0.2895967109116831,0.2696900489125747
vol_target,0.1,-0.3174356074288339,-0.1825434220353194,0.0738008143205923,0.0648697442366391,0.0085016771698759,0.0121900302452824,0.4240678997445203,2.8348302675148926,-5.887157607570808,-1.6863180137860423,0.3383458646616541,0.6983969423028066,-0.1882418410013555,98.0,,-5.174718081360562,1.5550551550840372,-8.222626185325275,-2.1268099773958493,4.211135259986297,7.913534269188747e-10,-0.0017012510204221,0.1998562422405264,inf,4392.74431762367,6046,0.8620464973993532,2.70804928211695,0.0006631226445331,1.0,0.4175904333506482,0.3832687773683884
vol_target,0.15,-0.4915615467453919,-0.3002238289807092,0.1133254894967189,0.101617496980897,0.0130445630369047,0.0195363412051157,0.6755791797241941,3.00292172651938,-6.656443297623474,-1.6125829181491715,0.3007518796992481,0.7443728501661095,-0.3048286951405745,119.0,,-5.96874639327589,1.6527529428910448,-9.208142161342336,-2.7293506252094426,4.475703753079081,1.3126819700592852e-10,0.010606757481303,0.3676015082395127,34.6572936062222,7834.08394510511,9203,0.8890741096922485,3.243767221937796,0.0012599330246129,1.0,0.446911506283087,0.4491261585348839
root_subset,ES,-0.0906443545440214,-0.0489122249896434,0.0266317688741929,0.0217761794448524,0.0031157008537076,0.0043569477797329,0.2762413497203776,1.2648316402106103,-4.363438152077305,-1.6621151631151418,0.3383458646616541,0.848249946874691,-0.0545355439596227,111.0,,-3.567882127733067,1.451321263367862,-6.412471803934077,-0.7232924515320573,3.930220819341921,1.193243133196127e-07,0.0017097456497812,0.0518586687533052,30.33121842417975,1254.5130203753183,1326,0.7832404181825393,1.94724837836656,0.0,1.0,0.3889520178879073,0.4993243545150632
root_subset,ES_NQ_RTY,-0.1610953449513283,-0.088540852713124,0.0612915395823822,0.0448426305223693,0.0061734535699867,0.0076025557384924,1.323115651840933,5.170312733901506,-3.917214893682764,-1.5787707294094042,0.3609022556390977,0.9187528687398606,-0.102038466986015,105.0,,-2.865945632154268,1.5737413843598955,-5.950478745499663,0.2185874811911272,4.261738120420211,2.961313078275445e-06,0.0297477004296148,0.1224562055109657,4.116493165604715,3434.2622891778974,5213,0.6756102609203519,1.997929997277551,0.0003176814144154,1.0,0.4042740368754811,0.3476937117376433
root_subset,ALL,-0.3174356074288339,-0.1825434220353194,0.0738008143205923,0.0648697442366391,0.0085016771698759,0.0121900302452824,0.4240678997445203,2.8348302675148926,-5.887157607570808,-1.6863180137860423,0.3383458646616541,0.6983969423028066,-0.1882418410013555,98.0,,-5.174718081360562,1.5550551550840372,-8.222626185325275,-2.1268099773958493,4.211135259986297,7.913534269188747e-10,-0.0017012510204221,0.1998562422405264,inf,4392.74431762367,6046,0.8620464973993532,2.70804928211695,0.0006631226445331,1.0,0.4175904333506482,0.3832687773683884
detector_leave_one_out,D01,-0.3154063735713591,-0.1812616825913897,0.0720858027602781,0.0635039423733912,0.0085574266005849,0.0125455608006002,0.3262067280917552,1.7406450786906986,-5.967028954226793,-1.637255537363172,0.3082706766917293,0.8025950966951712,-0.1926433390351065,98.0,,-5.256650385232022,1.5202213071823,-8.23628414730933,-2.277016623154714,4.116804171689896,3.5053049106570247e-10,-0.0159823993483005,0.1840083616000864,inf,3901.8641527934783,5293,0.8935406470507247,2.5526297072948974,0.0006520706004575,1.0,0.361943391430245,0.3889173166670658
detector_leave_one_out,D02,-0.288798265483289,-0.1646180396535214,0.0728440058258644,0.0653236733573098,0.0087688453039723,0.0125230769586393,-0.4063337472754564,2.410150235163179,-5.217084992480947,-1.6481611672091094,0.3383458646616541,0.7512461520643579,-0.1752245297541632,119.0,,-4.67847906032019,1.365024991882458,-7.353928044409807,-2.0030300762305724,3.6965279689826063,4.2466194060328093e-10,0.0172142894228228,0.197080510606068,11.448657900730824,4377.748457188724,5544,0.8529857481716344,2.7055144534087567,0.0007073308208353,1.0,0.3544390535029453,0.416527555868967
detector_leave_one_out,D03,-0.3162767099877854,-0.1818111993546499,0.0738306900618964,0.0647929822494895,0.0085016771698759,0.0121900302452824,0.4269006948863166,2.821525076439429,-5.867950151028414,-1.6866766813483314,0.3383458646616541,0.7025663615978052,-0.1875147225815403,98.0,,-5.149646978210943,1.554230949683276,-8.195939639590165,-2.103354316831722,4.2089032874332535,8.649041728026897e-10,-0.0011201275155298,0.1995420338609422,inf,4382.9920007717565,6035,0.8626062813675476,2.702697668051795,0.0006631226445331,1.0,0.4168941545738884,0.3831145707494359
detector_leave_one_out,D04,-0.3089099694681501,-0.1771703314251536,0.0718522421854461,0.0631484285882428,0.0087150379900509,0.0123056948108438,0.4639731748496645,3.002607714293533,-5.851058874408921,-1.6092631407401954,0.3082706766917293,0.7742950109491188,-0.1919574006560941,98.0,,-5.142291489562682,1.5641483943831662,-8.208022342553688,-2.0765606365716764,4.2357600204103,1.0135043886670282e-09,-0.0188547701776335,0.1761512936120363,inf,3923.956065606971,5405,0.8505710568897502,2.45157685069035,0.000541550159702,1.0,0.3651705883003061,0.382946895784704
detector_leave_one_out,D05,-0.2646498859867843,-0.1497657677586805,0.0662634680271646,0.0579700687419571,0.0072347010362174,0.0104952011176605,0.0153086063763297,0.8778345407921022,-5.302883958237268,-1.7141879856107314,0.3533834586466165,0.7506865438537843,-0.1543879015652386,119.0,,-4.639185915587973,1.4265120127298807,-7.435149460538539,-1.843222370637407,3.863036636328301,1.2600488453340872e-09,0.0151091435998133,0.1773525437165659,11.738093727480129,3870.824917595761,5579,0.8681260603994979,2.676475424495747,0.0003426133663421,1.0,0.400901846796565,0.3659862725144286
detector_leave_one_out,D06,-0.2624339964419897,-0.1484145200198799,0.072189521157951,0.0611608994843005,0.0085251913765777,0.0106014724296154,0.4334605038274905,2.575379915630967,-4.977031093223436,-1.6359527706591894,0.3759398496240601,0.7034849473735941,-0.1604166092987176,98.0,,-4.216674297601296,1.5109518713519887,-7.1781399654511935,-1.2552086297513982,4.0917022658587205,1.9122498093169787e-08,0.0090235479324184,0.1696789443222702,18.80401651247097,4049.739237371748,5897,0.7938707365899006,2.3504650204149686,0.0005304981156264,1.0,0.4088261623987356,0.3623876526414942
detector_leave_one_out,D07,-0.3352168858423292,-0.193852644451614,0.0660139399638179,0.0607176212293178,0.0083847978016893,0.0117047229722191,0.3140745879325028,1.6931671152247865,-6.724480099518468,-1.7292355582283534,0.2706766917293233,0.7902607708469901,-0.193852644451614,124.0,,-6.184972990105316,1.5525063182674592,-9.227885373909537,-3.1420606063010963,4.20423293465388,1.1015108232084452e-11,-0.0348352110425886,0.180653518882031,inf,3814.2125119089415,5321,0.8974090374173537,2.736596527658352,0.0006189144682308,1.0,0.3241232966037068,0.3781098053169603
detector_leave_one_out,D08,-0.3214299273922261,-0.1850716509597421,0.0745916179715117,0.0658013073736442,0.0085361759249557,0.013581253906888,0.3603126150944585,2.84937993793106,-5.893006457624011,-1.679671669137211,0.3458646616541353,0.6716523484126526,-0.1913647371080167,98.0,,-5.198540262541099,1.5435543912252534,-8.223906869342596,-2.173173655739602,4.179990851992689,6.163492173791045e-10,-0.0059305851354761,0.1987244997586007,inf,4358.214225373592,5989,0.8639562253029971,2.6641666337697383,0.0006631226445331,1.0,0.4148937345962136,0.3838732675145483
delay,0,-0.3174356074288339,-0.18254342203531948,0.07380081432059235,0.06486974423663915,0.008501677169875954,0.012190030245282422,0.42406789974452036,2.8348302675148926,-5.887157607570808,-1.6863180137860425,0.3383458646616541,0.6983969423028066,-0.18824184100135555,98.0,,-5.174718081360562,1.5550551550840372,-8.222626185325275,-2.1268099773958493,4.211135259986297,7.913534269188749e-10,-0.0017012510204221804,0.19985624224052645,inf,4392.74431762367,6046,0.8620464973993532,2.70804928211695,0.0006631226445331064,1.0,0.4175904333506482,0.3832687773683884
delay,1,-0.2838363347038412,-0.16154703464870201,0.07058619184151688,0.06026654082666699,0.007649481684859323,0.01173555596798802,0.4897715069693335,2.983432685255297,-5.539500869759175,-1.6281472743466472,0.3233082706766917,0.8298523879534447,-0.17433087238237754,98.0,,-4.729629784763927,1.5488055244537386,-7.765288612693254,-1.6939709568345993,4.194211075771289,4.1621428140082345e-09,0.02586767450790397,0.20206446759699492,7.811466296873858,4405.095619198232,6033,0.8691275384984608,2.86266282859796,0.0006299665123064511,2.0,0.41854090914114567,0.3851104152392028
delay,2,-0.3200603933330124,-0.18420400637466872,0.07448340772589775,0.0656798542647197,0.008850139722973513,0.01401800406405529,0.38580809849994285,3.4279993497591765,-5.873205761486956,-1.6597963197540317,0.3157894736842105,0.7784829290276513,-0.19283112603867125,119.0,,-5.1790232248873105,1.5572820884263805,-8.231296118203016,-2.1267503315716048,4.217165861208975,8.011857589865686e-10,0.0038082579197031494,0.20739922100699015,54.46039248916123,4419.457143069882,6089,0.8891746935075149,2.784502311846801,0.000585758336004244,3.0,0.41891667863971443,0.3828149138279254
delay,3,-0.2534068830103451,-0.14292950237955926,0.08180136345395769,0.06759695081833063,0.009185059949376809,0.01377667899654173,0.24946352777500028,2.582777945221299,-4.323196951148087,-1.6778672285949283,0.37593984962406013,0.768596498450688,-0.15102916291091273,101.0,,-3.5724946302294835,1.458438480645716,-6.431034052295087,-0.7139552081638803,3.949494453806761,1.2509200397715275e-07,0.055932288654175,0.2101673914877741,3.7575324833786574,4408.007313118463,6098,0.9033830285987636,2.569240690053631,0.0005415501597020369,4.0,0.41969032172500303,0.3812599646256729
