draw,sharpe,real_sharpe,real_percentile
0,-1.6774073086252188,-0.4526554220765824,0.568
1,0.4749272035129033,-0.4526554220765824,0.568
2,-0.538576852780309,-0.4526554220765824,0.568
3,0.6905945486804743,-0.4526554220765824,0.568
4,-1.6071323165607616,-0.4526554220765824,0.568
5,-0.4245338741255323,-0.4526554220765824,0.568
6,-1.5855270507400447,-0.4526554220765824,0.568
7,-2.4718506016495434,-0.4526554220765824,0.568
8,-0.4842578947823829,-0.4526554220765824,0.568
9,-1.596792093098825,-0.4526554220765824,0.568
10,1.02379024771023,-0.4526554220765824,0.568
11,-0.9795772780843158,-0.4526554220765824,0.568
12,-0.9429566505877388,-0.4526554220765824,0.568
13,0.0781138229122989,-0.4526554220765824,0.568
14,-2.7985145865461987,-0.4526554220765824,0.568
15,-0.186236952856141,-0.4526554220765824,0.568
16,-0.9315577741984564,-0.4526554220765824,0.568
17,-1.7141976200811913,-0.4526554220765824,0.568
18,-2.27098785740096,-0.4526554220765824,0.568
19,-2.073766772162605,-0.4526554220765824,0.568
20,-0.7657953283239229,-0.4526554220765824,0.568
21,-2.179397059062464,-0.4526554220765824,0.568
22,1.458362587982437,-0.4526554220765824,0.568
23,-1.927315660286452,-0.4526554220765824,0.568
24,-0.3139848408490913,-0.4526554220765824,0.568
25,-2.3505283430808417,-0.4526554220765824,0.568
26,-0.7882920614955922,-0.4526554220765824,0.568
27,-0.2392472358706868,-0.4526554220765824,0.568
28,-2.1739789029069945,-0.4526554220765824,0.568
29,0.9988638910430624,-0.4526554220765824,0.568
30,-0.6069930174342533,-0.4526554220765824,0.568
31,-1.552707919369405,-0.4526554220765824,0.568
32,-2.133428283661105,-0.4526554220765824,0.568
33,-1.100310577238847,-0.4526554220765824,0.568
34,2.0086694598691794,-0.4526554220765824,0.568
35,-3.65183548813146,-0.4526554220765824,0.568
36,-1.2110164308400777,-0.4526554220765824,0.568
37,-2.2769012192885563,-0.4526554220765824,0.568
38,-1.91253908480102,-0.4526554220765824,0.568
39,0.0323949917457975,-0.4526554220765824,0.568
40,-0.1249906189499073,-0.4526554220765824,0.568
41,-1.1973227778299869,-0.4526554220765824,0.568
42,-2.959745478133901,-0.4526554220765824,0.568
43,-1.545732156960189,-0.4526554220765824,0.568
44,-0.0436734444021273,-0.4526554220765824,0.568
45,-1.1428669260720994,-0.4526554220765824,0.568
46,1.121305948759336,-0.4526554220765824,0.568
47,-1.0803785281464036,-0.4526554220765824,0.568
48,-2.7789333951301023,-0.4526554220765824,0.568
49,-2.1600890740983885,-0.4526554220765824,0.568
50,-1.019093647871158,-0.4526554220765824,0.568
51,-2.798268813858151,-0.4526554220765824,0.568
52,-1.4440237840930483,-0.4526554220765824,0.568
53,-0.4828213803193442,-0.4526554220765824,0.568
54,-1.0816814853423904,-0.4526554220765824,0.568
55,-0.149878870550449,-0.4526554220765824,0.568
56,-2.697326858263269,-0.4526554220765824,0.568
57,-2.4798483730014205,-0.4526554220765824,0.568
58,-1.802051175504784,-0.4526554220765824,0.568
59,0.085586692657461,-0.4526554220765824,0.568
60,-2.8355026905094314,-0.4526554220765824,0.568
61,-2.967237001576728,-0.4526554220765824,0.568
62,-1.089208045592421,-0.4526554220765824,0.568
63,-0.081750994491616,-0.4526554220765824,0.568
64,-4.4368778199125165,-0.4526554220765824,0.568
65,-2.334679955957604,-0.4526554220765824,0.568
66,-0.8659234636618468,-0.4526554220765824,0.568
67,-0.4441653169565513,-0.4526554220765824,0.568
68,-0.1481812037542778,-0.4526554220765824,0.568
69,0.2501944947544434,-0.4526554220765824,0.568
70,-3.98505226535679,-0.4526554220765824,0.568
71,0.5319127220343128,-0.4526554220765824,0.568
72,1.045604276740394,-0.4526554220765824,0.568
73,-1.0223227848219858,-0.4526554220765824,0.568
74,-2.297812366741838,-0.4526554220765824,0.568
75,-0.3426811461089559,-0.4526554220765824,0.568
76,0.4054780294123398,-0.4526554220765824,0.568
77,-0.0290605383468608,-0.4526554220765824,0.568
78,0.6565057228963886,-0.4526554220765824,0.568
79,2.040658704400963,-0.4526554220765824,0.568
80,-2.2100047245208643,-0.4526554220765824,0.568
81,-1.1379951871389398,-0.4526554220765824,0.568
82,0.3701180540067418,-0.4526554220765824,0.568
83,0.8631303409291041,-0.4526554220765824,0.568
84,-0.953142645738497,-0.4526554220765824,0.568
85,0.8193790078264103,-0.4526554220765824,0.568
86,1.0380775205838446,-0.4526554220765824,0.568
87,1.0897565135940868,-0.4526554220765824,0.568
88,-2.2131603945772813,-0.4526554220765824,0.568
89,-2.677466721100326,-0.4526554220765824,0.568
90,0.5457457072317068,-0.4526554220765824,0.568
91,0.3366697741353255,-0.4526554220765824,0.568
92,-1.4538634178944188,-0.4526554220765824,0.568
93,-0.5255927369415746,-0.4526554220765824,0.568
94,-0.9211448840714715,-0.4526554220765824,0.568
95,-0.1726951136391217,-0.4526554220765824,0.568
96,-1.1660195477316102,-0.4526554220765824,0.568
97,0.6242798545147584,-0.4526554220765824,0.568
98,-1.4611308963348864,-0.4526554220765824,0.568
99,0.0769982765994849,-0.4526554220765824,0.568
100,-0.1316333677599778,-0.4526554220765824,0.568
101,-0.7372302919676582,-0.4526554220765824,0.568
102,0.1374235068461306,-0.4526554220765824,0.568
103,-0.3242033084778394,-0.4526554220765824,0.568
104,-1.591982661246116,-0.4526554220765824,0.568
105,-2.265097164652031,-0.4526554220765824,0.568
106,-2.7575146516823605,-0.4526554220765824,0.568
107,1.2986824589826962,-0.4526554220765824,0.568
108,0.7816458908309178,-0.4526554220765824,0.568
109,-1.0797478213315388,-0.4526554220765824,0.568
110,0.247218440504199,-0.4526554220765824,0.568
111,1.7443160792970986,-0.4526554220765824,0.568
112,1.8918177751541103,-0.4526554220765824,0.568
113,1.0713463072905287,-0.4526554220765824,0.568
114,0.1680634166962887,-0.4526554220765824,0.568
115,-1.9551587918922144,-0.4526554220765824,0.568
116,-2.903417898718643,-0.4526554220765824,0.568
117,0.3025740560022316,-0.4526554220765824,0.568
118,-0.3881012259374567,-0.4526554220765824,0.568
119,-0.9012121117843516,-0.4526554220765824,0.568
120,-1.6852574222971042,-0.4526554220765824,0.568
121,-2.849877298097604,-0.4526554220765824,0.568
122,-0.9725691281238278,-0.4526554220765824,0.568
123,0.1603182576579718,-0.4526554220765824,0.568
124,-0.3156871267356558,-0.4526554220765824,0.568
125,0.9859983685566076,-0.4526554220765824,0.568
126,0.0458035127152071,-0.4526554220765824,0.568
127,-1.0454339023497807,-0.4526554220765824,0.568
128,-0.3733003307540358,-0.4526554220765824,0.568
129,0.3211590421656637,-0.4526554220765824,0.568
130,-3.032613255837794,-0.4526554220765824,0.568
131,1.028508635983888,-0.4526554220765824,0.568
132,-0.297869681115836,-0.4526554220765824,0.568
133,-1.1736278911993847,-0.4526554220765824,0.568
134,-0.551596171936072,-0.4526554220765824,0.568
135,0.5351925795462037,-0.4526554220765824,0.568
136,0.5994709287255747,-0.4526554220765824,0.568
137,1.233071740629086,-0.4526554220765824,0.568
138,-1.9629378125454089,-0.4526554220765824,0.568
139,-2.302751040781656,-0.4526554220765824,0.568
140,0.1427970040415537,-0.4526554220765824,0.568
141,-1.1658967521663943,-0.4526554220765824,0.568
142,0.4834437275742668,-0.4526554220765824,0.568
143,-1.9014680076783168,-0.4526554220765824,0.568
144,-1.09912346843389,-0.4526554220765824,0.568
145,0.4487462403804386,-0.4526554220765824,0.568
146,-0.1927714293006195,-0.4526554220765824,0.568
147,-2.296999765289673,-0.4526554220765824,0.568
148,-0.8141305594870581,-0.4526554220765824,0.568
149,-0.421789409254682,-0.4526554220765824,0.568
150,-2.50292588569519,-0.4526554220765824,0.568
151,0.4102215116797447,-0.4526554220765824,0.568
152,-2.525888341993848,-0.4526554220765824,0.568
153,0.6017832094510749,-0.4526554220765824,0.568
154,-1.499629471364701,-0.4526554220765824,0.568
155,0.1246056946345999,-0.4526554220765824,0.568
156,0.103459418020345,-0.4526554220765824,0.568
157,3.183242845054385,-0.4526554220765824,0.568
158,0.1835228037805249,-0.4526554220765824,0.568
159,1.5389114757699724,-0.4526554220765824,0.568
160,-0.9494129589796078,-0.4526554220765824,0.568
161,-2.3184893608742323,-0.4526554220765824,0.568
162,-0.2619525651179527,-0.4526554220765824,0.568
163,-0.7734237902175345,-0.4526554220765824,0.568
164,-2.2437686386179703,-0.4526554220765824,0.568
165,-0.8135020219550056,-0.4526554220765824,0.568
166,-0.4871313087570108,-0.4526554220765824,0.568
167,-2.4735387000245064,-0.4526554220765824,0.568
168,1.6051554216460675,-0.4526554220765824,0.568
169,-2.5947114445052937,-0.4526554220765824,0.568
170,-0.7129402658276032,-0.4526554220765824,0.568
171,-3.117619722031858,-0.4526554220765824,0.568
172,0.4508367484346726,-0.4526554220765824,0.568
173,-0.8667529910113996,-0.4526554220765824,0.568
174,-2.37612005770479,-0.4526554220765824,0.568
175,-3.0703893505972166,-0.4526554220765824,0.568
176,0.0908375237804835,-0.4526554220765824,0.568
177,0.3350366457582847,-0.4526554220765824,0.568
178,-1.971505821000328,-0.4526554220765824,0.568
179,-0.7568630966386231,-0.4526554220765824,0.568
180,-0.2958915691004802,-0.4526554220765824,0.568
181,-0.5274050579577848,-0.4526554220765824,0.568
182,1.4559877487220445,-0.4526554220765824,0.568
183,-1.0214741052911915,-0.4526554220765824,0.568
184,-0.8930980715587548,-0.4526554220765824,0.568
185,0.0864387449699924,-0.4526554220765824,0.568
186,-0.3464042864973897,-0.4526554220765824,0.568
187,-1.274954180733079,-0.4526554220765824,0.568
188,-3.11650664201511,-0.4526554220765824,0.568
189,-1.950929884405743,-0.4526554220765824,0.568
190,-0.2162044263784251,-0.4526554220765824,0.568
191,0.1287326389499617,-0.4526554220765824,0.568
192,-0.3603942234098002,-0.4526554220765824,0.568
193,-1.318380994513602,-0.4526554220765824,0.568
194,-0.0874160049291883,-0.4526554220765824,0.568
195,0.4459362137691093,-0.4526554220765824,0.568
196,-0.2846304802420071,-0.4526554220765824,0.568
197,-0.1063637451316796,-0.4526554220765824,0.568
198,-2.701422967508793,-0.4526554220765824,0.568
199,-1.4911688744735812,-0.4526554220765824,0.568
200,-0.6389177152255261,-0.4526554220765824,0.568
201,1.014388192289772,-0.4526554220765824,0.568
202,0.4749488593085056,-0.4526554220765824,0.568
203,-2.1480771986146374,-0.4526554220765824,0.568
204,-2.5142671360571045,-0.4526554220765824,0.568
205,-2.059887074839041,-0.4526554220765824,0.568
206,-1.473278726207242,-0.4526554220765824,0.568
207,0.157604518348057,-0.4526554220765824,0.568
208,1.854827890227226,-0.4526554220765824,0.568
209,-1.2530864765203091,-0.4526554220765824,0.568
210,-1.131929152895499,-0.4526554220765824,0.568
211,1.6018564311551573,-0.4526554220765824,0.568
212,-0.4879212016909473,-0.4526554220765824,0.568
213,-1.6987627417133842,-0.4526554220765824,0.568
214,-0.6939233278517358,-0.4526554220765824,0.568
215,-1.5997342827633578,-0.4526554220765824,0.568
216,0.6521586553957555,-0.4526554220765824,0.568
217,-1.376192527284034,-0.4526554220765824,0.568
218,-2.0050325880901583,-0.4526554220765824,0.568
219,-0.4374455026199948,-0.4526554220765824,0.568
220,-0.3236602291426951,-0.4526554220765824,0.568
221,-1.3889147336914611,-0.4526554220765824,0.568
222,-1.2804904032476896,-0.4526554220765824,0.568
223,0.0937556549425113,-0.4526554220765824,0.568
224,0.9764923636348865,-0.4526554220765824,0.568
225,1.149476953849892,-0.4526554220765824,0.568
226,0.9628817862684746,-0.4526554220765824,0.568
227,1.73569876638913,-0.4526554220765824,0.568
228,0.2564196469109511,-0.4526554220765824,0.568
229,-1.919648612076462,-0.4526554220765824,0.568
230,0.3703150672414396,-0.4526554220765824,0.568
231,-1.976073189369569,-0.4526554220765824,0.568
232,-0.7143260934462906,-0.4526554220765824,0.568
233,-5.100798541223639,-0.4526554220765824,0.568
234,0.9553931480204298,-0.4526554220765824,0.568
235,-0.7965138720169775,-0.4526554220765824,0.568
236,-0.9445895971529455,-0.4526554220765824,0.568
237,-1.107603983235934,-0.4526554220765824,0.568
238,-0.935058764896776,-0.4526554220765824,0.568
239,-0.660055484980469,-0.4526554220765824,0.568
240,1.7109007833477083,-0.4526554220765824,0.568
241,-0.0679227937482973,-0.4526554220765824,0.568
242,0.903236034921525,-0.4526554220765824,0.568
243,-0.3693489108385436,-0.4526554220765824,0.568
244,0.7629102764037073,-0.4526554220765824,0.568
245,-0.1898862110481559,-0.4526554220765824,0.568
246,-2.3994797265543832,-0.4526554220765824,0.568
247,-0.4659220778629311,-0.4526554220765824,0.568
248,-0.1073185958404718,-0.4526554220765824,0.568
249,0.2825684868194058,-0.4526554220765824,0.568
250,-1.3999077085768827,-0.4526554220765824,0.568
251,-2.387398399733712,-0.4526554220765824,0.568
252,0.516135895515875,-0.4526554220765824,0.568
253,-1.0064388899815957,-0.4526554220765824,0.568
254,-0.1668536265827259,-0.4526554220765824,0.568
255,0.6622658863044145,-0.4526554220765824,0.568
256,-2.0852948838535403,-0.4526554220765824,0.568
257,-0.9645394310307296,-0.4526554220765824,0.568
258,0.797135251696594,-0.4526554220765824,0.568
259,-0.1891781003288495,-0.4526554220765824,0.568
260,-1.36808313246904,-0.4526554220765824,0.568
261,1.8445460581480515,-0.4526554220765824,0.568
262,-2.471579169210522,-0.4526554220765824,0.568
263,-1.0198332532637284,-0.4526554220765824,0.568
264,0.1877543486961169,-0.4526554220765824,0.568
265,-2.2426590528673933,-0.4526554220765824,0.568
266,-0.8718074405074588,-0.4526554220765824,0.568
267,-1.9912786596992256,-0.4526554220765824,0.568
268,-0.418379713073989,-0.4526554220765824,0.568
269,0.1025864863758654,-0.4526554220765824,0.568
270,1.2857047597834388,-0.4526554220765824,0.568
271,0.3126040141985347,-0.4526554220765824,0.568
272,2.442992746340629,-0.4526554220765824,0.568
273,-0.7579879669532937,-0.4526554220765824,0.568
274,-0.1690973984221687,-0.4526554220765824,0.568
275,-0.7333573673754623,-0.4526554220765824,0.568
276,-0.8513751721305006,-0.4526554220765824,0.568
277,-1.804674512611536,-0.4526554220765824,0.568
278,1.2105402359334547,-0.4526554220765824,0.568
279,0.3050715743296501,-0.4526554220765824,0.568
280,-0.1565522402418706,-0.4526554220765824,0.568
281,1.3979059447977555,-0.4526554220765824,0.568
282,-1.3990786097618246,-0.4526554220765824,0.568
283,-1.72973527120009,-0.4526554220765824,0.568
284,0.4778249583222367,-0.4526554220765824,0.568
285,3.556371333918531,-0.4526554220765824,0.568
286,-1.9613573476355572,-0.4526554220765824,0.568
287,0.4925001404474413,-0.4526554220765824,0.568
288,-1.7008532423865022,-0.4526554220765824,0.568
289,-0.771797947017859,-0.4526554220765824,0.568
290,-0.8730154165420447,-0.4526554220765824,0.568
291,-0.6397929324655194,-0.4526554220765824,0.568
292,-1.005458816799042,-0.4526554220765824,0.568
293,-1.0656680814069754,-0.4526554220765824,0.568
294,-2.996081092992896,-0.4526554220765824,0.568
295,-0.9087724002670664,-0.4526554220765824,0.568
296,-0.7091617320350343,-0.4526554220765824,0.568
297,0.9509579934460154,-0.4526554220765824,0.568
298,-2.298377585246962,-0.4526554220765824,0.568
299,0.8902158291149275,-0.4526554220765824,0.568
300,-0.753949370620054,-0.4526554220765824,0.568
301,-0.8236780623505284,-0.4526554220765824,0.568
302,-0.6411900622118457,-0.4526554220765824,0.568
303,-1.7164831045114888,-0.4526554220765824,0.568
304,1.911977791308452,-0.4526554220765824,0.568
305,-1.7880505697814828,-0.4526554220765824,0.568
306,-1.1571117381107237,-0.4526554220765824,0.568
307,-1.823903716361104,-0.4526554220765824,0.568
308,0.1617391466809404,-0.4526554220765824,0.568
309,-2.0890175131257207,-0.4526554220765824,0.568
310,-1.7846370418155968,-0.4526554220765824,0.568
311,1.5222856322471543,-0.4526554220765824,0.568
312,0.8961222975655747,-0.4526554220765824,0.568
313,-1.295439766131158,-0.4526554220765824,0.568
314,-1.8918573053227976,-0.4526554220765824,0.568
315,-1.455157148025361,-0.4526554220765824,0.568
316,-1.6563111220180384,-0.4526554220765824,0.568
317,-3.0228156476682093,-0.4526554220765824,0.568
318,0.5740818952236173,-0.4526554220765824,0.568
319,-0.1098548975819099,-0.4526554220765824,0.568
320,-0.1114463249092135,-0.4526554220765824,0.568
321,-0.5526324783476884,-0.4526554220765824,0.568
322,-1.572721086706358,-0.4526554220765824,0.568
323,-2.1215498839581013,-0.4526554220765824,0.568
324,-1.2641803018334006,-0.4526554220765824,0.568
325,1.1870938792559067,-0.4526554220765824,0.568
326,-2.787410355669259,-0.4526554220765824,0.568
327,-1.5563176877857934,-0.4526554220765824,0.568
328,-1.7852765125931316,-0.4526554220765824,0.568
329,-2.180454793051524,-0.4526554220765824,0.568
330,-2.406824797732822,-0.4526554220765824,0.568
331,-3.356485659803746,-0.4526554220765824,0.568
332,0.4672168677239016,-0.4526554220765824,0.568
333,0.1888320291841873,-0.4526554220765824,0.568
334,-3.0226685356216616,-0.4526554220765824,0.568
335,0.8049415054633601,-0.4526554220765824,0.568
336,-0.5634142058440018,-0.4526554220765824,0.568
337,-0.9398048797093942,-0.4526554220765824,0.568
338,0.683465744618744,-0.4526554220765824,0.568
339,-1.489616720243548,-0.4526554220765824,0.568
340,0.4183892860752422,-0.4526554220765824,0.568
341,1.203541321625913,-0.4526554220765824,0.568
342,-0.1615651876715605,-0.4526554220765824,0.568
343,-0.0223436140720094,-0.4526554220765824,0.568
344,-0.7389549068316641,-0.4526554220765824,0.568
345,-0.6013473068640104,-0.4526554220765824,0.568
346,1.2235217287752005,-0.4526554220765824,0.568
347,-1.0718112102162134,-0.4526554220765824,0.568
348,-2.4806922110598686,-0.4526554220765824,0.568
349,-1.3570098576030425,-0.4526554220765824,0.568
350,-1.0996286717507138,-0.4526554220765824,0.568
351,0.0135489936918226,-0.4526554220765824,0.568
352,0.1402119514638895,-0.4526554220765824,0.568
353,-2.5133460783525,-0.4526554220765824,0.568
354,-2.0892613544031966,-0.4526554220765824,0.568
355,0.4510274646387977,-0.4526554220765824,0.568
356,-1.5665554930273422,-0.4526554220765824,0.568
357,-0.9136991245780266,-0.4526554220765824,0.568
358,-1.832297792172604,-0.4526554220765824,0.568
359,-1.298873292593617,-0.4526554220765824,0.568
360,0.0383979431772833,-0.4526554220765824,0.568
361,-1.9009675458312016,-0.4526554220765824,0.568
362,-1.99885421192758,-0.4526554220765824,0.568
363,0.1905250933957194,-0.4526554220765824,0.568
364,-0.7937033501114181,-0.4526554220765824,0.568
365,0.1147047900463731,-0.4526554220765824,0.568
366,-1.396069759984935,-0.4526554220765824,0.568
367,1.2179098325408753,-0.4526554220765824,0.568
368,-0.677311476713752,-0.4526554220765824,0.568
369,-0.1141916171130636,-0.4526554220765824,0.568
370,-1.2665341165501136,-0.4526554220765824,0.568
371,-0.578988549180935,-0.4526554220765824,0.568
372,-1.9158139423683016,-0.4526554220765824,0.568
373,-0.3407378979012631,-0.4526554220765824,0.568
374,-0.2047099645066897,-0.4526554220765824,0.568
375,-2.179701139388996,-0.4526554220765824,0.568
376,1.5624189775470092,-0.4526554220765824,0.568
377,-2.3893037605802188,-0.4526554220765824,0.568
378,-0.1146455069795495,-0.4526554220765824,0.568
379,-2.373102007612182,-0.4526554220765824,0.568
380,-1.103461202683114,-0.4526554220765824,0.568
381,-0.9596585647778216,-0.4526554220765824,0.568
382,-1.2039200263735506,-0.4526554220765824,0.568
383,-0.6403638335638197,-0.4526554220765824,0.568
384,1.23032165189175,-0.4526554220765824,0.568
385,-1.9350693659427876,-0.4526554220765824,0.568
386,-4.000477861152619,-0.4526554220765824,0.568
387,1.097778750500012,-0.4526554220765824,0.568
388,-2.6434951695091384,-0.4526554220765824,0.568
389,-0.8730537989139099,-0.4526554220765824,0.568
390,-0.6072293301080033,-0.4526554220765824,0.568
391,-1.2118024254891904,-0.4526554220765824,0.568
392,-1.0235839857146884,-0.4526554220765824,0.568
393,-0.5579510208272652,-0.4526554220765824,0.568
394,-0.4754254710932364,-0.4526554220765824,0.568
395,0.1017613456292223,-0.4526554220765824,0.568
396,-1.083167358995524,-0.4526554220765824,0.568
397,0.2932697637986592,-0.4526554220765824,0.568
398,-1.5763333501898151,-0.4526554220765824,0.568
399,-2.5483508559425085,-0.4526554220765824,0.568
400,-0.2542560542543812,-0.4526554220765824,0.568
401,0.5757958292731239,-0.4526554220765824,0.568
402,-0.4502199633964579,-0.4526554220765824,0.568
403,-1.8503557031753497,-0.4526554220765824,0.568
404,1.5126277980047085,-0.4526554220765824,0.568
405,-0.1237222669262208,-0.4526554220765824,0.568
406,1.0796143206091204,-0.4526554220765824,0.568
407,-1.7238424587365522,-0.4526554220765824,0.568
408,-1.4264079783513413,-0.4526554220765824,0.568
409,-0.1913477459130349,-0.4526554220765824,0.568
410,-2.0069031064066785,-0.4526554220765824,0.568
411,0.9220642907344792,-0.4526554220765824,0.568
412,-1.3979541846940806,-0.4526554220765824,0.568
413,-1.575936924107591,-0.4526554220765824,0.568
414,-0.3727633020300075,-0.4526554220765824,0.568
415,0.1094987603316376,-0.4526554220765824,0.568
416,-0.7209466387024331,-0.4526554220765824,0.568
417,0.2440093695636373,-0.4526554220765824,0.568
418,1.075082727978992,-0.4526554220765824,0.568
419,0.0523260987057441,-0.4526554220765824,0.568
420,-1.145038096693747,-0.4526554220765824,0.568
421,-0.664006589790267,-0.4526554220765824,0.568
422,-2.5802899373795385,-0.4526554220765824,0.568
423,-1.3699136871884423,-0.4526554220765824,0.568
424,-1.1314382810676653,-0.4526554220765824,0.568
425,-2.9700741474663928,-0.4526554220765824,0.568
426,0.0647563912704086,-0.4526554220765824,0.568
427,0.8812491510047107,-0.4526554220765824,0.568
428,-0.6259334189498796,-0.4526554220765824,0.568
429,-1.1290773530495213,-0.4526554220765824,0.568
430,1.8737414641723065,-0.4526554220765824,0.568
431,0.3469678003154762,-0.4526554220765824,0.568
432,-2.0479066121384277,-0.4526554220765824,0.568
433,7.134969321115354e-05,-0.4526554220765824,0.568
434,0.4936777539604462,-0.4526554220765824,0.568
435,-1.2067734546544675,-0.4526554220765824,0.568
436,-1.0637574846539275,-0.4526554220765824,0.568
437,-1.465663157163572,-0.4526554220765824,0.568
438,-0.3832492178057385,-0.4526554220765824,0.568
439,-0.3465748968554677,-0.4526554220765824,0.568
440,-2.0685393916686703,-0.4526554220765824,0.568
441,0.4924617045226943,-0.4526554220765824,0.568
442,-1.6452320554150313,-0.4526554220765824,0.568
443,-3.0467872971272016,-0.4526554220765824,0.568
444,0.1045910660666816,-0.4526554220765824,0.568
445,-1.847510027643493,-0.4526554220765824,0.568
446,-2.3563560740696223,-0.4526554220765824,0.568
447,-1.595996196351798,-0.4526554220765824,0.568
448,-1.1161615862990837,-0.4526554220765824,0.568
449,-0.5007245479050767,-0.4526554220765824,0.568
450,0.8612349597704394,-0.4526554220765824,0.568
451,-0.5725242840841572,-0.4526554220765824,0.568
452,1.021911651712513,-0.4526554220765824,0.568
453,0.3186915283359002,-0.4526554220765824,0.568
454,-2.051334264996976,-0.4526554220765824,0.568
455,-2.897532199103454,-0.4526554220765824,0.568
456,-0.1455295216772938,-0.4526554220765824,0.568
457,-1.225231189086358,-0.4526554220765824,0.568
458,-1.1219035929145194,-0.4526554220765824,0.568
459,-0.188699955690593,-0.4526554220765824,0.568
460,-1.571601814035212,-0.4526554220765824,0.568
461,0.4631491622225105,-0.4526554220765824,0.568
462,-2.045881451899308,-0.4526554220765824,0.568
463,-2.9312187697865784,-0.4526554220765824,0.568
464,0.4106706591927777,-0.4526554220765824,0.568
465,-0.1918079500647372,-0.4526554220765824,0.568
466,-0.7373259985071339,-0.4526554220765824,0.568
467,-1.1155270953811598,-0.4526554220765824,0.568
468,-3.2922659345351617,-0.4526554220765824,0.568
469,-1.291169178745617,-0.4526554220765824,0.568
470,1.6680844765172629,-0.4526554220765824,0.568
471,0.6809588504741076,-0.4526554220765824,0.568
472,-1.2941088945226569,-0.4526554220765824,0.568
473,-1.989335566978332,-0.4526554220765824,0.568
474,1.9323407067120495,-0.4526554220765824,0.568
475,-2.6409357650952594,-0.4526554220765824,0.568
476,0.9470425143295602,-0.4526554220765824,0.568
477,-3.624510384581399,-0.4526554220765824,0.568
478,-0.4734420770712101,-0.4526554220765824,0.568
479,-1.4736188525908371,-0.4526554220765824,0.568
480,-0.1704254191459931,-0.4526554220765824,0.568
481,0.945477418625505,-0.4526554220765824,0.568
482,-0.6282758896764993,-0.4526554220765824,0.568
483,-1.3144350275318988,-0.4526554220765824,0.568
484,0.7253813429533026,-0.4526554220765824,0.568
485,-0.5383155094055073,-0.4526554220765824,0.568
486,0.8893603072470886,-0.4526554220765824,0.568
487,1.10647421271009,-0.4526554220765824,0.568
488,-0.9871052630947982,-0.4526554220765824,0.568
489,3.159533676662889,-0.4526554220765824,0.568
490,-0.2772123585983101,-0.4526554220765824,0.568
491,-2.913529669633381,-0.4526554220765824,0.568
492,0.0880768114789808,-0.4526554220765824,0.568
493,-1.423096920141673,-0.4526554220765824,0.568
494,-0.1119670731461439,-0.4526554220765824,0.568
495,0.3303870963516795,-0.4526554220765824,0.568
496,-1.0960307253742525,-0.4526554220765824,0.568
497,0.7792010937037308,-0.4526554220765824,0.568
498,1.6223595524490195,-0.4526554220765824,0.568
499,1.1319734092890636,-0.4526554220765824,0.568
